id,nombre,apellido,email,genero,valor_tx,numero_identificacion,tipo_identificacion
1,Dawn,Scogin,dscogin0@nyu.edu,Female,$539894.36,766199880,CC
2,Cyrill,Carabet,ccarabet1@europa.eu,Male,$446068.89,835416355,CC
3,Violette,Dennerley,vdennerley2@fema.gov,Female,$391586.98,812033435,IT
4,Gilemette,Wynett,gwynett3@msn.com,Female,$352064.83,441616984,CC
5,Noell,Kupke,nkupke4@ocn.ne.jp,Female,$391283.75,544953845,CC
6,Ronnie,Itzchaki,ritzchaki5@so-net.ne.jp,Male,$258504.09,745095212,PP
7,Amie,Dumbrill,adumbrill6@buzzfeed.com,Female,$353735.92,929586315,PP
8,Pernell,Hanner,phanner7@latimes.com,Male,$257254.27,343638391,IT
9,Karyn,McColley,kmccolley8@china.com.cn,Female,$784138.87,965189896,CC
10,Nicoline,Pennacci,npennacci9@mysql.com,Female,$665118.30,45954727,CC
11,Claybourne,Aikin,caikina@gmpg.org,Male,$525685.13,989743719,PP
12,North,Gladdish,ngladdishb@wordpress.org,Male,$424805.21,948362491,IT
13,Regan,Ingram,ringramc@theguardian.com,Male,$442096.69,491501397,PP
14,Roseann,Punyer,rpunyerd@desdev.cn,Female,$876191.65,176534701,CC
15,Stephen,Enston,senstone@reddit.com,Male,$112628.52,1008500280,IT
16,Colin,Adami,cadamif@altervista.org,Male,$735137.04,780431581,CC
17,Catarina,Kopisch,ckopischg@uiuc.edu,Female,$699002.02,30050400,IT
18,Arlee,MacTague,amactagueh@geocities.com,Female,$767855.67,289793995,PP
19,Jerrilyn,Ahrens,jahrensi@msn.com,Female,$699447.41,275133871,CC
20,Marie,Ferraresi,mferraresij@csmonitor.com,Female,$514484.50,757223170,CC
21,Eb,Dymidowicz,edymidowiczk@hatena.ne.jp,Male,$645413.73,108335656,CC
22,Ofilia,Seger,osegerl@bloglines.com,Female,$369993.53,856435659,CC
23,Sherman,Smaridge,ssmaridgem@cdc.gov,Male,$460448.28,919293225,CC
24,Bryanty,Worgan,bworgann@technorati.com,Male,$333198.52,819139411,PP
25,Noach,Jaskowicz,njaskowiczo@feedburner.com,Male,$910722.31,458418340,CC
26,Shana,Cutteridge,scutteridgep@4shared.com,Female,$436777.55,240730952,CC
27,Montague,Howcroft,mhowcroftq@list-manage.com,Male,$221261.28,358363980,PP
28,Giovanna,Gerrelt,ggerreltr@51.la,Female,$171046.42,54425984,IT
29,Callida,Pudsey,cpudseys@businessweek.com,Female,$711128.41,481759754,IT
30,Moises,Dowman,mdowmant@nhs.uk,Male,$662484.28,1013279121,PP
31,Irwin,Maile,imaileu@cbsnews.com,Male,$570814.41,302095546,IT
32,Keslie,Kenney,kkenneyv@ow.ly,Female,$801599.50,526180203,PP
33,Matilda,Parysowna,mparysownaw@ameblo.jp,Female,$630591.23,50879644,PP
34,Barclay,Glaister,bglaisterx@e-recht24.de,Male,$562709.31,322243956,CC
35,Branden,Warburton,bwarburtony@a8.net,Male,$278416.49,1008963758,IT
36,Duane,Bedham,dbedhamz@imdb.com,Male,$926879.94,835372831,PP
37,Garrott,Segeswoeth,gsegeswoeth10@meetup.com,Male,$861746.49,841822424,CC
38,Atlante,Blondel,ablondel11@w3.org,Female,$117310.88,602786004,PP
39,Hilario,Grelik,hgrelik12@dedecms.com,Male,$693753.33,593826953,CC
40,Teirtza,Toderbrugge,ttoderbrugge13@si.edu,Female,$428634.97,985809645,PP
41,Tomasina,Deluce,tdeluce14@acquirethisname.com,Female,$520085.43,898366830,PP
42,Pedro,Lerner,plerner15@nytimes.com,Male,$902419.24,671880150,IT
43,Sari,Alstead,salstead16@gravatar.com,Female,$663023.23,17985445,PP
44,Orrin,Horlock,ohorlock17@cafepress.com,Male,$889262.61,987324976,PP
45,Whitaker,Hemerijk,whemerijk18@blog.com,Male,$445072.15,811479644,IT
46,Jan,Allcott,jallcott19@bloglovin.com,Female,$831077.02,1019754857,CC
47,Betty,Castillon,bcastillon1a@multiply.com,Female,$318568.17,1022582271,IT
48,Farlay,Lamy,flamy1b@topsy.com,Male,$329497.93,230207289,CC
49,Cairistiona,Simonard,csimonard1c@prlog.org,Female,$209726.95,78870217,CC
50,Eugen,Zaczek,ezaczek1d@feedburner.com,Male,$804484.11,978915006,CC
51,Gus,Rudeyeard,grudeyeard1e@ocn.ne.jp,Male,$417881.54,579549123,CC
52,Talia,Sheaf,tsheaf1f@dion.ne.jp,Female,$182111.42,681230859,IT
53,Leta,Sinkins,lsinkins1g@toplist.cz,Female,$957906.58,340434838,IT
54,Ricki,Ruffli,rruffli1h@canalblog.com,Female,$151993.28,197230228,CC
55,Angeline,Francino,afrancino1i@umich.edu,Female,$605440.35,157978499,IT
56,Lisha,Lovie,llovie1j@amazon.co.jp,Female,$842191.59,124026242,CC
57,Celestine,Pigford,cpigford1k@tmall.com,Female,$625784.61,700141838,CC
58,Nicolas,Trawin,ntrawin1l@hostgator.com,Male,$927445.13,136801905,PP
59,Dionis,Durrell,ddurrell1m@seattletimes.com,Female,$236854.44,810232967,IT
60,Hakim,Hollingshead,hhollingshead1n@zdnet.com,Male,$418113.18,822427613,CC
61,Glenda,Marquiss,gmarquiss1o@altervista.org,Female,$307126.08,163256232,CC
62,Aurelia,McElwee,amcelwee1p@about.com,Female,$410630.80,901040821,IT
63,Amalie,Spellesy,aspellesy1q@nps.gov,Female,$405958.46,407139553,PP
64,Elisabeth,Oxer,eoxer1r@blogtalkradio.com,Female,$906837.04,110287018,CC
65,Nessie,Ratt,nratt1s@umich.edu,Female,$238275.41,527430664,PP
66,Agata,Gautrey,agautrey1t@psu.edu,Female,$396952.59,460029556,CC
67,Fernande,Weekes,fweekes1u@cnet.com,Female,$908779.58,123384083,CC
68,Lari,Mabb,lmabb1v@creativecommons.org,Female,$496603.63,800801683,PP
69,Gusti,Baybutt,gbaybutt1w@youtube.com,Female,$965932.91,15535926,CC
70,Hettie,Andriss,handriss1x@clickbank.net,Female,$481434.23,113031642,CC
71,Cahra,Ruddom,cruddom1y@hugedomains.com,Female,$657181.98,411360752,CC
72,Willy,Eyden,weyden1z@mac.com,Male,$326324.24,358089256,IT
73,Deck,Stenyng,dstenyng20@apache.org,Male,$457947.83,270269070,CC
74,Ely,Camier,ecamier21@seesaa.net,Male,$569108.52,344579237,PP
75,Alistair,Ladloe,aladloe22@linkedin.com,Male,$863950.57,293559977,CC
76,Virgie,Van Der Weedenburg,vvanderweedenburg23@mac.com,Female,$237615.19,635676456,PP
77,Valaree,Franz,vfranz24@godaddy.com,Female,$357864.62,602754103,PP
78,Eulalie,Lilie,elilie25@arstechnica.com,Female,$163910.31,939572776,CC
79,Webster,Arnely,warnely26@mozilla.org,Male,$199917.36,282802158,CC
80,Pincus,Kock,pkock27@studiopress.com,Male,$152882.40,680270405,PP
81,Portia,Inde,pinde28@desdev.cn,Female,$728882.30,153220997,CC
82,Bebe,Malam,bmalam29@netlog.com,Female,$798610.08,575254903,PP
83,Audy,Botley,abotley2a@walmart.com,Female,$223388.65,174708339,IT
84,Deeanne,Salliss,dsalliss2b@noaa.gov,Female,$745750.15,578671552,PP
85,Issy,Eddow,ieddow2c@google.co.uk,Female,$351916.37,485366142,CC
86,Garwood,Blasoni,gblasoni2d@simplemachines.org,Male,$771977.47,785163975,IT
87,Ethelda,Trueman,etrueman2e@php.net,Female,$622280.25,691672374,PP
88,Meryl,Conaghy,mconaghy2f@businessweek.com,Female,$364772.68,747521043,CC
89,Jannelle,Ivanishev,jivanishev2g@gov.uk,Female,$267166.13,1007412103,PP
90,Ogden,Andrzejczak,oandrzejczak2h@homestead.com,Male,$891705.42,84819555,IT
91,Krishnah,Kingham,kkingham2i@trellian.com,Male,$291714.47,699485310,IT
92,Vinson,Tullis,vtullis2j@wikipedia.org,Male,$148364.79,189469815,PP
93,Elvyn,Endricci,eendricci2k@taobao.com,Male,$564505.56,902062937,CC
94,Anabel,Giovannilli,agiovannilli2l@xrea.com,Female,$303081.10,792115014,IT
95,Caleb,Loody,cloody2m@cafepress.com,Male,$457957.10,233915143,CC
96,Syman,Sharrocks,ssharrocks2n@wix.com,Male,$929943.57,402339829,IT
97,Audra,Westoll,awestoll2o@github.com,Female,$324047.67,673185582,IT
98,Reynard,Hayman,rhayman2p@parallels.com,Male,$451010.95,530212043,PP
99,Zolly,Crumpton,zcrumpton2q@phoca.cz,Male,$910925.84,48920895,PP
100,Tedman,Braune,tbraune2r@netlog.com,Male,$114125.82,925277966,PP
101,Wallis,Chancellor,wchancellor2s@google.com,Male,$856358.27,177791151,IT
102,El,Carrington,ecarrington2t@sbwire.com,Male,$594932.19,450328639,CC
103,Almira,Bevens,abevens2u@opensource.org,Female,$922740.88,974979458,PP
104,Yvon,Fere,yfere2v@npr.org,Male,$350673.72,787080102,PP
105,Garreth,Lescop,glescop2w@marketwatch.com,Male,$632764.51,412928327,PP
106,Dulcy,Magauran,dmagauran2x@alexa.com,Female,$371294.42,490024065,IT
107,Dorothee,Goudge,dgoudge2y@reference.com,Female,$352904.62,1026231149,CC
108,Dot,Coppenhall,dcoppenhall2z@bloomberg.com,Female,$858040.55,255036756,IT
109,Prinz,MacCaig,pmaccaig30@discuz.net,Male,$708613.16,646843886,CC
110,Janean,Drakers,jdrakers31@oaic.gov.au,Female,$756342.65,488541813,IT
111,Prue,Sykora,psykora32@mediafire.com,Female,$405358.00,911387444,PP
112,Sheppard,Cansdale,scansdale33@wiley.com,Male,$528129.40,246493876,PP
113,Leonhard,Ubsdell,lubsdell34@dell.com,Male,$888698.82,1031316066,CC
114,Chery,Asken,casken35@google.com.br,Female,$191206.97,608052931,IT
115,Esta,Cornuau,ecornuau36@weibo.com,Female,$957913.28,115145172,IT
116,Johanna,Holyland,jholyland37@howstuffworks.com,Female,$374326.66,24482753,IT
117,Fredek,Coniam,fconiam38@livejournal.com,Male,$444784.49,693309461,CC
118,Rozella,Capstaff,rcapstaff39@google.cn,Female,$861129.59,641229133,IT
119,Xenos,Snaddon,xsnaddon3a@ucla.edu,Male,$704705.54,782761953,PP
120,Shelba,Ganderton,sganderton3b@bloglovin.com,Female,$457115.00,10728212,CC
121,Dael,Bassom,dbassom3c@taobao.com,Female,$878392.65,494801629,PP
122,Daisie,Cornfield,dcornfield3d@plala.or.jp,Female,$497724.80,440327537,IT
123,Damian,Regelous,dregelous3e@t.co,Male,$519109.36,182074988,PP
124,Corly,Hearns,chearns3f@webs.com,Female,$335655.28,783183991,IT
125,Ailyn,Snowding,asnowding3g@guardian.co.uk,Female,$367906.51,346813182,CC
126,Dwayne,Killingworth,dkillingworth3h@addtoany.com,Male,$422851.57,908393220,PP
127,Wendall,Kobierra,wkobierra3i@yolasite.com,Male,$998973.40,213730474,IT
128,Inga,Butrimovich,ibutrimovich3j@biblegateway.com,Female,$283148.23,325624923,PP
129,Toinette,Chaimson,tchaimson3k@mozilla.org,Female,$784803.13,646959117,CC
130,Norah,Aldersey,naldersey3l@google.nl,Female,$269131.54,955864168,PP
131,Flss,Lownes,flownes3m@mozilla.org,Female,$108092.08,407572164,CC
132,Judith,Craighill,jcraighill3n@sphinn.com,Female,$930777.75,617183106,PP
133,Rebecka,Andrejs,randrejs3o@slate.com,Female,$347844.46,959498154,PP
134,Janessa,Campbell-Dunlop,jcampbelldunlop3p@sakura.ne.jp,Female,$213246.64,982632020,PP
135,Gerty,Sarfas,gsarfas3q@blinklist.com,Female,$774140.69,67238106,IT
136,Penni,Bowry,pbowry3r@abc.net.au,Female,$745873.96,374487498,PP
137,Amby,Sturges,asturges3s@mlb.com,Male,$104423.68,416535405,PP
138,Roselia,Kelberman,rkelberman3t@cyberchimps.com,Female,$615020.62,765756061,CC
139,Tiffi,Maides,tmaides3u@statcounter.com,Female,$761785.40,948035356,IT
140,Ezri,Skerratt,eskerratt3v@va.gov,Male,$779716.47,873863988,CC
141,Lanita,Oolahan,loolahan3w@linkedin.com,Female,$860752.22,442547074,CC
142,Gino,Delahunt,gdelahunt3x@jiathis.com,Male,$253837.91,1024699414,PP
143,Judie,Trice,jtrice3y@oracle.com,Female,$982358.82,532127233,IT
144,Jolynn,Arnholz,jarnholz3z@springer.com,Female,$511030.89,930133449,CC
145,Jimmie,Cogger,jcogger40@apple.com,Male,$534668.09,578715559,IT
146,Griffy,Cornewall,gcornewall41@woothemes.com,Male,$161977.66,342382675,CC
147,Hort,Rowlstone,hrowlstone42@google.com.au,Male,$472226.61,764519256,PP
148,Gaston,Weeks,gweeks43@t.co,Male,$912710.46,1028864223,CC
149,Erwin,Treanor,etreanor44@timesonline.co.uk,Male,$756766.84,127967302,PP
150,Madelina,O'Donnell,modonnell45@hugedomains.com,Female,$476545.84,642174442,IT
151,Boycey,Brandrick,bbrandrick46@webeden.co.uk,Male,$800516.67,306873652,CC
152,Hercules,Cotsford,hcotsford47@sciencedaily.com,Male,$552972.84,299970870,PP
153,Cloe,Piffe,cpiffe48@google.com.br,Female,$926014.84,341808146,CC
154,Nissie,Kilgannon,nkilgannon49@youtube.com,Female,$801823.53,975827975,IT
155,Sallyanne,Gethouse,sgethouse4a@ihg.com,Female,$429936.63,668737672,IT
156,Giacinta,Gianuzzi,ggianuzzi4b@ask.com,Female,$256125.22,890264358,PP
157,Noami,Godlonton,ngodlonton4c@sourceforge.net,Female,$889275.47,311738726,CC
158,Christean,Gluyus,cgluyus4d@1und1.de,Female,$778942.48,177518446,IT
159,Anitra,Anslow,aanslow4e@state.gov,Female,$333266.10,1014375257,PP
160,Templeton,Shimmin,tshimmin4f@cam.ac.uk,Male,$689324.76,203501961,CC
161,Tommy,Titcombe,ttitcombe4g@nyu.edu,Female,$407873.89,867841194,PP
162,Algernon,Bermingham,abermingham4h@nymag.com,Male,$104188.98,615681230,PP
163,Beauregard,Benit,bbenit4i@digg.com,Male,$559946.02,668611317,IT
164,Tim,Najara,tnajara4j@blogspot.com,Male,$991491.36,688733555,PP
165,Kristina,Brigham,kbrigham4k@digg.com,Female,$240323.42,542696737,PP
166,Rorke,Lewton,rlewton4l@si.edu,Male,$755295.42,988718945,CC
167,Herc,Kime,hkime4m@harvard.edu,Male,$264184.29,139877030,PP
168,Luce,Masham,lmasham4n@tripod.com,Male,$350324.39,497568369,IT
169,Sutton,Swin,sswin4o@ebay.com,Male,$370995.70,540117817,IT
170,Hilary,Duddridge,hduddridge4p@globo.com,Male,$910693.49,34230838,IT
171,Abigael,Scotfurth,ascotfurth4q@imageshack.us,Female,$265997.23,776466502,IT
172,Padriac,Lomax,plomax4r@paypal.com,Male,$516039.48,975833581,CC
173,Kelly,Grisley,kgrisley4s@wsj.com,Male,$951756.91,297083630,CC
174,Evangelin,Caley,ecaley4t@uol.com.br,Female,$627632.12,170141989,IT
175,Toinette,Cham,tcham4u@quantcast.com,Female,$735852.29,779586724,CC
176,Fran,Pauli,fpauli4v@nymag.com,Male,$490013.21,502988973,CC
177,Nevin,Aronstein,naronstein4w@sciencedaily.com,Male,$641418.03,199221404,IT
178,Doria,Jakoubec,djakoubec4x@mashable.com,Female,$157036.98,553530623,CC
179,Remington,Holby,rholby4y@prweb.com,Male,$414593.57,286930180,IT
180,Justinian,Bonallick,jbonallick4z@meetup.com,Male,$808276.88,743728379,PP
181,Godfry,Ead,gead50@ucsd.edu,Male,$640612.36,693739446,IT
182,Northrop,Kolyagin,nkolyagin51@europa.eu,Male,$991409.50,340555303,IT
183,Trude,McAtamney,tmcatamney52@kickstarter.com,Female,$845661.23,703337142,PP
184,Torrin,Dagnall,tdagnall53@pagesperso-orange.fr,Male,$295506.96,452737491,CC
185,Reggis,Kinningley,rkinningley54@wix.com,Male,$365306.30,140955308,CC
186,Drusie,Gollop,dgollop55@who.int,Female,$396850.85,802827058,CC
187,Bette-ann,Gass,bgass56@networkadvertising.org,Female,$821899.77,181247615,PP
188,Darrin,Backshill,dbackshill57@so-net.ne.jp,Male,$393729.91,548611602,IT
189,Grier,McMackin,gmcmackin58@kickstarter.com,Female,$331715.93,928344341,PP
190,Mehetabel,Waryk,mwaryk59@scientificamerican.com,Female,$573524.78,394383975,IT
191,Irving,Cawcutt,icawcutt5a@nyu.edu,Male,$960274.82,330979395,IT
192,Dougy,Tott,dtott5b@toplist.cz,Male,$986728.93,118106162,CC
193,Mitch,Tyzack,mtyzack5c@bizjournals.com,Male,$438804.00,363419395,PP
194,Essie,Tocknell,etocknell5d@china.com.cn,Female,$834828.46,331069635,IT
195,Betteann,Nelm,bnelm5e@live.com,Female,$801659.85,1017742181,IT
196,Bevin,Lawrence,blawrence5f@usgs.gov,Male,$652822.88,972567059,PP
197,Kory,Brunicke,kbrunicke5g@163.com,Male,$393720.85,394233770,IT
198,Prentiss,Gravells,pgravells5h@tripod.com,Male,$303666.16,883269402,PP
199,Averyl,Squier,asquier5i@blogger.com,Female,$776771.16,227416621,PP
200,Alberik,Cockrem,acockrem5j@bing.com,Male,$369862.88,510926830,PP
201,Glendon,Tchir,gtchir5k@wunderground.com,Male,$770738.35,562222125,CC
202,Jamesy,Phillpot,jphillpot5l@ocn.ne.jp,Male,$132776.37,64609631,IT
203,Wilmer,MacTimpany,wmactimpany5m@paginegialle.it,Male,$110505.90,753048796,IT
204,Sandy,Roy,sroy5n@cornell.edu,Male,$604825.22,329871123,IT
205,Silva,Cleland,scleland5o@imgur.com,Female,$408152.83,804104542,CC
206,Norrie,Abyss,nabyss5p@prlog.org,Female,$588748.39,768477597,IT
207,Julee,Scimonelli,jscimonelli5q@mlb.com,Female,$127072.04,162004581,PP
208,Bjorn,Edleston,bedleston5r@toplist.cz,Male,$958592.42,565395490,PP
209,Elihu,Vankov,evankov5s@omniture.com,Male,$649270.39,29542190,IT
210,Toni,Custed,tcusted5t@telegraph.co.uk,Female,$808787.04,431120957,IT
211,Kaile,Myring,kmyring5u@newyorker.com,Female,$151108.06,320974272,CC
212,Tandy,Baskerville,tbaskerville5v@arizona.edu,Female,$595954.32,273964166,IT
213,Renaldo,Elphey,relphey5w@tamu.edu,Male,$787015.23,206943407,IT
214,Arlen,Imort,aimort5x@blog.com,Male,$870516.33,989022870,CC
215,Joana,Sinfield,jsinfield5y@pinterest.com,Female,$775992.26,639924122,CC
216,Mickie,Heinig,mheinig5z@stumbleupon.com,Male,$975691.38,455104045,IT
217,Natasha,Mitchel,nmitchel60@independent.co.uk,Female,$789653.95,200413921,CC
218,Elana,Buddell,ebuddell61@uiuc.edu,Female,$724333.45,468064155,PP
219,Bordie,Labbett,blabbett62@qq.com,Male,$426351.37,786203000,CC
220,Nichol,Jillitt,njillitt63@reuters.com,Female,$436714.88,348147358,PP
221,Liza,McColl,lmccoll64@mit.edu,Female,$778204.25,420272970,CC
222,Maximilian,Curling,mcurling65@nba.com,Male,$226863.24,961440981,CC
223,Cheri,Lamplugh,clamplugh66@webnode.com,Female,$652989.22,332788660,PP
224,Tedman,Craghead,tcraghead67@domainmarket.com,Male,$870217.77,764886681,CC
225,Trescha,Kingaby,tkingaby68@domainmarket.com,Female,$652719.93,88122016,CC
226,Bride,Jacqueme,bjacqueme69@nsw.gov.au,Female,$515150.60,586684510,IT
227,Cherilyn,Ortner,cortner6a@google.ru,Female,$123562.61,749154690,CC
228,Ynez,Reppaport,yreppaport6b@parallels.com,Female,$922550.09,849416939,CC
229,Olly,Oxton,ooxton6c@ezinearticles.com,Male,$673142.42,698851821,CC
230,Roma,Gauchier,rgauchier6d@sciencedirect.com,Male,$567523.77,869066926,IT
231,Glynnis,Robjohns,grobjohns6e@google.es,Female,$781281.92,288473619,PP
232,Lida,Yanshinov,lyanshinov6f@google.nl,Female,$675349.13,203654004,IT
233,Yolande,Samwyse,ysamwyse6g@people.com.cn,Female,$280948.10,782258995,IT
234,Pablo,Adnam,padnam6h@engadget.com,Male,$785561.81,745272881,CC
235,Lilly,Sayse,lsayse6i@narod.ru,Female,$877342.25,182084801,IT
236,Bryce,Nizard,bnizard6j@ed.gov,Male,$735698.25,66247539,PP
237,Lynnelle,Scrase,lscrase6k@wordpress.org,Female,$688923.15,166179875,PP
238,Celestyna,McGourty,cmcgourty6l@elegantthemes.com,Female,$610119.45,874667960,IT
239,Karla,Ghilardini,kghilardini6m@issuu.com,Female,$369380.74,901778417,CC
240,Martie,Spataro,mspataro6n@stanford.edu,Female,$720698.31,885934358,PP
241,Ailene,Gustus,agustus6o@reverbnation.com,Female,$173876.18,484825085,IT
242,Meghan,Dugget,mdugget6p@wsj.com,Female,$322310.70,1019253606,CC
243,Camilla,Cunnane,ccunnane6q@hc360.com,Female,$959306.95,407211416,PP
244,Shelden,Woolard,swoolard6r@vimeo.com,Male,$326605.60,728577201,CC
245,Klaus,Causton,kcauston6s@mysql.com,Male,$626930.48,240049115,PP
246,Kayne,Golthorpp,kgolthorpp6t@patch.com,Male,$490360.96,659061533,IT
247,Richie,Marco,rmarco6u@chronoengine.com,Male,$903203.85,777229075,IT
248,Raddie,Warnes,rwarnes6v@histats.com,Male,$937007.10,232890876,PP
249,Fee,O'Rourke,forourke6w@ucoz.com,Male,$394210.22,521556779,PP
250,Terrill,Folks,tfolks6x@chicagotribune.com,Male,$290517.35,659024960,IT
251,Lacee,Ayce,layce6y@sphinn.com,Female,$680548.75,258935933,PP
252,Tiphany,Klos,tklos6z@sciencedirect.com,Female,$162849.28,757587025,IT
253,Marc,Eilers,meilers70@wired.com,Male,$161101.05,834342817,IT
254,Cirilo,Mattiazzi,cmattiazzi71@blogtalkradio.com,Male,$567048.32,485178651,CC
255,Micheil,Boraston,mboraston72@imgur.com,Male,$252891.18,50869391,PP
256,Demeter,Lambal,dlambal73@sciencedaily.com,Female,$725770.68,99439759,PP
257,Bradly,Cluett,bcluett74@slashdot.org,Male,$388404.87,41434132,CC
258,Shay,Heskin,sheskin75@vkontakte.ru,Female,$479168.84,853152102,IT
259,Bayard,Dodamead,bdodamead76@alexa.com,Male,$237770.36,629186999,IT
260,Launce,Currall,lcurrall77@oaic.gov.au,Male,$358783.47,327380224,PP
261,Lynn,Henlon,lhenlon78@chronoengine.com,Female,$178591.98,744529548,PP
262,Dorita,Waleran,dwaleran79@vkontakte.ru,Female,$561980.74,111547533,PP
263,Adiana,Kenchington,akenchington7a@ucoz.com,Female,$850524.48,706229153,IT
264,Jacky,Mitten,jmitten7b@yellowpages.com,Male,$173441.07,839402362,CC
265,Charleen,Marcombe,cmarcombe7c@ebay.com,Female,$497332.14,844842395,PP
266,Neddy,Girtin,ngirtin7d@weibo.com,Male,$207316.89,898928911,CC
267,Symon,Tunna,stunna7e@nytimes.com,Male,$464065.15,851288333,PP
268,Rodd,Gillingwater,rgillingwater7f@wp.com,Male,$350667.86,34289106,IT
269,Sutton,Anstey,sanstey7g@opera.com,Male,$986707.91,349254831,CC
270,Marieann,Reymers,mreymers7h@mac.com,Female,$648015.50,444589951,PP
271,Darleen,Redgrave,dredgrave7i@ucoz.com,Female,$297365.10,1027932268,CC
272,Elora,Sprull,esprull7j@smugmug.com,Female,$465742.61,168867905,PP
273,Sydney,Raittie,sraittie7k@fotki.com,Male,$441623.53,816671330,CC
274,Reggi,McGaffey,rmcgaffey7l@cisco.com,Female,$240023.01,416984807,PP
275,Ichabod,Cuskery,icuskery7m@webmd.com,Male,$741997.39,196382478,CC
276,Herby,Wordley,hwordley7n@list-manage.com,Male,$891141.79,556795415,IT
277,Gilbertine,Dumbrill,gdumbrill7o@fc2.com,Female,$273118.97,258672266,CC
278,Nixie,Mander,nmander7p@google.co.jp,Female,$687502.94,187910051,IT
279,Derrick,Holton,dholton7q@usnews.com,Male,$236404.38,80658297,CC
280,Marlo,Bolgar,mbolgar7r@forbes.com,Female,$908502.08,762794768,IT
281,Harmony,Dulen,hdulen7s@nih.gov,Female,$752436.90,981139394,CC
282,Josephine,Bagshaw,jbagshaw7t@theatlantic.com,Female,$703211.02,285199623,IT
283,Hubie,Drohan,hdrohan7u@accuweather.com,Male,$307553.43,657441303,IT
284,Connie,Cumo,ccumo7v@amazonaws.com,Male,$373904.62,734949944,PP
285,Hardy,Jent,hjent7w@usgs.gov,Male,$394663.91,26963861,IT
286,Thorin,Faithfull,tfaithfull7x@eepurl.com,Male,$908933.98,417587262,PP
287,Gigi,Ranscombe,granscombe7y@google.ru,Female,$157655.04,105112790,CC
288,Cassius,Moyle,cmoyle7z@t-online.de,Male,$711929.50,775857102,IT
289,Justin,Sinney,jsinney80@amazonaws.com,Male,$191123.61,806304607,IT
290,Heywood,Blonfield,hblonfield81@wp.com,Male,$595610.84,532266178,PP
291,Juan,McNulty,jmcnulty82@issuu.com,Male,$498575.07,701640756,PP
292,Bartel,Szimon,bszimon83@wp.com,Male,$518867.20,965275659,CC
293,Warren,Perllman,wperllman84@prweb.com,Male,$284989.54,1031852784,IT
294,Dov,Sainz,dsainz85@booking.com,Male,$954004.04,297385259,CC
295,Galina,Pfeifer,gpfeifer86@youtu.be,Female,$989684.17,638969250,PP
296,Keary,Welland,kwelland87@feedburner.com,Male,$235560.76,433276600,PP
297,Vachel,Yearron,vyearron88@mayoclinic.com,Male,$664232.93,165806039,IT
298,Benoite,Elleyne,belleyne89@bandcamp.com,Female,$487786.71,744079952,IT
299,Ermengarde,Gecks,egecks8a@tamu.edu,Female,$488231.18,668452631,PP
300,Marge,Lembke,mlembke8b@skype.com,Female,$776965.93,43949449,IT
301,Valentia,Dunbleton,vdunbleton8c@cafepress.com,Female,$668176.98,418929418,IT
302,Joana,Whitehorne,jwhitehorne8d@newsvine.com,Female,$233145.01,291201024,IT
303,Boone,Reichhardt,breichhardt8e@google.ca,Male,$545676.44,682825540,PP
304,Jere,Highnam,jhighnam8f@hud.gov,Male,$346749.59,290678633,IT
305,Melly,Aggett,maggett8g@histats.com,Female,$651148.57,415791212,IT
306,Davida,Benkin,dbenkin8h@ed.gov,Female,$458757.16,821188453,PP
307,Boyce,Gatiss,bgatiss8i@domainmarket.com,Male,$273393.64,166346033,PP
308,Amara,Noyes,anoyes8j@google.es,Female,$968159.73,852818366,PP
309,Charissa,Royal,croyal8k@twitter.com,Female,$253710.05,655418140,PP
310,Philip,Dellar,pdellar8l@ifeng.com,Male,$109492.96,1032010374,IT
311,Arch,Bernat,abernat8m@cam.ac.uk,Male,$380766.40,498594427,IT
312,Gretal,Oganesian,goganesian8n@lulu.com,Female,$148646.89,404333364,CC
313,Bibi,Fairhurst,bfairhurst8o@livejournal.com,Female,$194264.78,682513427,PP
314,George,Anger,ganger8p@miibeian.gov.cn,Female,$406001.32,580447797,CC
315,Florella,Gurg,fgurg8q@fc2.com,Female,$962512.84,63864303,PP
316,Englebert,Ibotson,eibotson8r@businessinsider.com,Male,$752993.98,989626074,PP
317,Dean,Ferrarello,dferrarello8s@yolasite.com,Male,$172525.93,523185595,PP
318,Devondra,Prover,dprover8t@storify.com,Female,$481136.71,152011428,CC
319,Cherry,Brandin,cbrandin8u@cloudflare.com,Female,$486399.34,497186437,PP
320,Ambros,McPharlain,amcpharlain8v@cdbaby.com,Male,$478299.25,289540726,CC
321,Culley,Jefferson,cjefferson8w@delicious.com,Male,$899622.03,558564303,CC
322,Bevan,Walby,bwalby8x@washington.edu,Male,$765789.51,18756423,PP
323,Rance,Northin,rnorthin8y@go.com,Male,$635588.80,710473096,CC
324,Zonnya,De Blasiis,zdeblasiis8z@smh.com.au,Female,$282293.23,20938350,PP
325,Gonzales,Bartomeu,gbartomeu90@google.de,Male,$907004.15,546168502,PP
326,Fidelio,Milmore,fmilmore91@engadget.com,Male,$725498.32,573957790,PP
327,Bran,Braid,bbraid92@google.cn,Male,$682464.19,324389003,IT
328,Art,Gorry,agorry93@theatlantic.com,Male,$971204.39,894344668,PP
329,Caresa,Zorzi,czorzi94@ning.com,Female,$286197.48,880601429,PP
330,Cori,Gurley,cgurley95@nps.gov,Male,$805850.32,385417359,PP
331,Herculie,Bartholin,hbartholin96@mayoclinic.com,Male,$929883.24,879449063,IT
332,Davey,Birchill,dbirchill97@facebook.com,Male,$761317.39,931270030,IT
333,Nevile,Librey,nlibrey98@reverbnation.com,Male,$904261.06,305208877,CC
334,Estrellita,Colbertson,ecolbertson99@chronoengine.com,Female,$683003.61,395592124,IT
335,Ryley,Norman,rnorman9a@cnn.com,Male,$313642.90,381529596,PP
336,Corry,Brockley,cbrockley9b@simplemachines.org,Female,$688501.43,394735764,IT
337,Randy,Ivoshin,rivoshin9c@infoseek.co.jp,Female,$238780.29,694185578,CC
338,Dallas,Coche,dcoche9d@opera.com,Male,$865291.75,437544281,CC
339,Abbie,Breston,abreston9e@deviantart.com,Male,$265429.69,107461383,PP
340,Nigel,Pimblotte,npimblotte9f@google.de,Male,$910091.35,399973617,CC
341,Maurise,Brigstock,mbrigstock9g@oracle.com,Male,$543575.67,574996099,IT
342,Vevay,Glass,vglass9h@wikispaces.com,Female,$166310.88,734679605,PP
343,Dalston,Harrald,dharrald9i@photobucket.com,Male,$622834.60,666841166,PP
344,Catriona,Iacomelli,ciacomelli9j@livejournal.com,Female,$940390.68,136178389,PP
345,Skylar,Giannotti,sgiannotti9k@merriam-webster.com,Male,$524916.73,519220714,CC
346,Vita,Towne,vtowne9l@com.com,Female,$216738.32,666315694,CC
347,Graeme,Von Welldun,gvonwelldun9m@multiply.com,Male,$896712.80,378344164,IT
348,Sheffie,Storrar,sstorrar9n@google.es,Male,$295781.95,78904687,CC
349,Basile,Guerrero,bguerrero9o@topsy.com,Male,$630757.41,970058268,IT
350,Antoinette,Ferrandez,aferrandez9p@diigo.com,Female,$283392.21,149478214,IT
351,Lishe,Sant,lsant9q@booking.com,Female,$477889.22,413915169,PP
352,Dunc,Ramelet,dramelet9r@yellowpages.com,Male,$723460.28,41981530,IT
353,Elliot,Dight,edight9s@facebook.com,Male,$128564.41,944994194,PP
354,Marji,Possa,mpossa9t@cdc.gov,Female,$756260.11,233733963,IT
355,Tawnya,Baldelli,tbaldelli9u@goodreads.com,Female,$608847.76,927480492,PP
356,Theodor,Stitle,tstitle9v@sogou.com,Male,$628953.81,366425300,IT
357,Mark,Cancellieri,mcancellieri9w@gnu.org,Male,$202380.82,661373435,PP
358,Archer,Casarili,acasarili9x@dailymotion.com,Male,$465186.33,629561218,IT
359,Meg,Collings,mcollings9y@ehow.com,Female,$150738.13,965878214,CC
360,Ernst,Sayes,esayes9z@dot.gov,Male,$668024.61,206851809,IT
361,Verne,Gairdner,vgairdnera0@usda.gov,Male,$652821.06,807356809,PP
362,Eilis,Charrette,echarrettea1@cocolog-nifty.com,Female,$328928.79,611347698,PP
363,Cordula,Waggitt,cwaggitta2@dell.com,Female,$787369.32,642000604,IT
364,Collette,Enriques,cenriquesa3@thetimes.co.uk,Female,$278270.84,430019552,CC
365,Alley,Duetsche,aduetschea4@theguardian.com,Male,$338501.55,1011612289,CC
366,Kittie,Pykett,kpyketta5@howstuffworks.com,Female,$359057.19,1043921886,IT
367,Courtney,Langstaff,clangstaffa6@theglobeandmail.com,Male,$233371.36,472912215,CC
368,Morgen,Lening,mleninga7@buzzfeed.com,Female,$865907.88,528626339,PP
369,Gregorius,Nollet,gnolleta8@ifeng.com,Male,$182553.46,104198432,CC
370,Clarke,Linham,clinhama9@vistaprint.com,Male,$265086.48,424677443,PP
371,Lise,Whightman,lwhightmanaa@skype.com,Female,$742347.58,850886545,CC
372,Cirstoforo,Kidby,ckidbyab@soundcloud.com,Male,$458510.51,923606365,CC
373,Jerad,Oscroft,joscroftac@archive.org,Male,$146279.47,270181493,CC
374,Edita,O' Molan,eomolanad@home.pl,Female,$208095.66,302718422,PP
375,Allyce,Biggs,abiggsae@newyorker.com,Female,$106390.56,614677275,CC
376,Bryant,Lowman,blowmanaf@yellowbook.com,Male,$423685.93,206743392,CC
377,Courtney,Abarough,cabaroughag@squidoo.com,Male,$789632.53,62468462,IT
378,Kev,Maryon,kmaryonah@soup.io,Male,$673051.51,737146865,IT
379,Abrahan,Bugden,abugdenai@examiner.com,Male,$965774.08,163954015,CC
380,Cammi,Spracklin,cspracklinaj@chronoengine.com,Female,$312477.01,404529653,CC
381,Kurt,Duguid,kduguidak@chron.com,Male,$616882.31,943628645,PP
382,Jobye,Ellerton,jellertonal@alexa.com,Female,$640011.88,41263846,CC
383,Dirk,Rist,dristam@ed.gov,Male,$708350.68,374371976,IT
384,Lynn,Nower,lnoweran@washington.edu,Female,$742839.90,800148934,IT
385,Jeffie,Dwerryhouse,jdwerryhouseao@g.co,Male,$405598.38,358961149,IT
386,Rachele,Michelotti,rmichelottiap@telegraph.co.uk,Female,$141590.72,168447025,IT
387,Casar,Hughs,chughsaq@netvibes.com,Male,$113121.19,307464240,IT
388,Matias,Coldridge,mcoldridgear@jiathis.com,Male,$318010.45,704470703,PP
389,Carmen,Batha,cbathaas@trellian.com,Female,$691603.24,1029646568,IT
390,Baird,Killelay,bkillelayat@msn.com,Male,$335620.91,709583640,PP
391,Claudianus,Ysson,cyssonau@yahoo.co.jp,Male,$957106.75,898813087,CC
392,Roberta,Pordal,rpordalav@china.com.cn,Female,$548464.95,391984660,PP
393,Banky,Iacoviello,biacovielloaw@exblog.jp,Male,$466107.01,40231233,PP
394,Kit,Brosenius,kbroseniusax@theguardian.com,Female,$632846.21,81794964,PP
395,Alia,Stieger,astiegeray@thetimes.co.uk,Female,$377359.11,134268235,IT
396,Liv,Caramuscia,lcaramusciaaz@bbb.org,Female,$649566.58,675402197,IT
397,Tani,McGavin,tmcgavinb0@adobe.com,Female,$967765.43,283589801,IT
398,Susann,Dispencer,sdispencerb1@disqus.com,Female,$374085.70,404955222,IT
399,Burnard,Stanworth,bstanworthb2@wisc.edu,Male,$631087.99,971795793,PP
400,Clevey,Coggin,ccogginb3@cpanel.net,Male,$578781.89,879226425,IT
401,Modesty,Milliere,mmilliereb4@about.me,Female,$782038.86,259419756,IT
402,Luigi,Alltimes,lalltimesb5@usda.gov,Male,$287156.64,120561195,IT
403,Emma,Cadd,ecaddb6@ocn.ne.jp,Female,$685346.24,59885251,PP
404,Wang,Kleiser,wkleiserb7@biblegateway.com,Male,$768511.19,393551494,CC
405,Perl,Morley,pmorleyb8@biblegateway.com,Female,$265665.59,62626198,PP
406,Flossie,Mathelin,fmathelinb9@vk.com,Female,$787450.38,354931492,PP
407,Ann,Risebarer,arisebarerba@vinaora.com,Female,$533583.22,875483573,IT
408,Maureen,Molohan,mmolohanbb@uol.com.br,Female,$925596.01,80962821,PP
409,Augustina,Seawell,aseawellbc@slate.com,Female,$627419.98,912008325,CC
410,Xymenes,Caras,xcarasbd@skyrock.com,Male,$420326.16,145481978,CC
411,Timothee,Gelder,tgelderbe@canalblog.com,Male,$146814.83,488898251,CC
412,Benedicta,Pineaux,bpineauxbf@salon.com,Female,$964844.75,985081392,CC
413,Bastien,Woodlands,bwoodlandsbg@mit.edu,Male,$508457.79,1020867286,CC
414,Bryana,Ritelli,britellibh@tripadvisor.com,Female,$742675.73,771602782,IT
415,Jamal,Merritt,jmerrittbi@seattletimes.com,Male,$441257.04,681605593,CC
416,Matthieu,Ruggiero,mruggierobj@photobucket.com,Male,$940651.28,861060660,IT
417,Garek,Elion,gelionbk@prnewswire.com,Male,$715803.11,38937945,IT
418,Justina,Wickens,jwickensbl@privacy.gov.au,Female,$388786.93,494256340,PP
419,Corina,Marjoram,cmarjorambm@shareasale.com,Female,$125107.54,583727834,PP
420,Ladonna,de Glanville,ldeglanvillebn@fda.gov,Female,$591404.05,268328130,CC
421,Sherilyn,Lamcken,slamckenbo@bing.com,Female,$938114.32,94476007,CC
422,Flori,Creelman,fcreelmanbp@hud.gov,Female,$525855.48,868261271,IT
423,Selena,Startin,sstartinbq@theguardian.com,Female,$526586.31,439111401,CC
424,Hieronymus,Zanuciolii,hzanucioliibr@dion.ne.jp,Male,$323601.04,899475611,PP
425,Corette,Baines,cbainesbs@networkadvertising.org,Female,$469760.90,422125430,PP
426,Eileen,Stollen,estollenbt@smh.com.au,Female,$167258.74,823298010,PP
427,Benedikt,Honeyghan,bhoneyghanbu@redcross.org,Male,$235856.41,165579731,IT
428,Worthy,Strippel,wstrippelbv@indiegogo.com,Male,$239243.05,449954108,IT
429,Shamus,Soames,ssoamesbw@youtu.be,Male,$185465.02,867720629,PP
430,Felicity,Adao,fadaobx@answers.com,Female,$820534.63,402782473,PP
431,Lezley,Schukert,lschukertby@joomla.org,Male,$995091.75,101645264,IT
432,Neddie,Strathdee,nstrathdeebz@elpais.com,Male,$147709.64,56023013,IT
433,Holly-anne,McKenny,hmckennyc0@gmpg.org,Female,$729723.11,20272559,IT
434,Wilma,Groger,wgrogerc1@earthlink.net,Female,$139617.92,31905485,IT
435,Millie,Doddemeade,mdoddemeadec2@rakuten.co.jp,Female,$393109.36,1009565266,PP
436,Bent,Daw,bdawc3@cmu.edu,Male,$982960.01,666602299,CC
437,Benjy,Iorio,biorioc4@dagondesign.com,Male,$205435.32,570533591,CC
438,Lindie,Heak,lheakc5@amazon.de,Female,$333765.07,676130346,IT
439,Rolando,Hanniger,rhannigerc6@g.co,Male,$904434.23,661537481,IT
440,Salmon,Stearley,sstearleyc7@alibaba.com,Male,$684913.82,190386700,IT
441,Bartie,Gwinn,bgwinnc8@google.pl,Male,$914205.75,808431247,PP
442,Moses,Merritt,mmerrittc9@webeden.co.uk,Male,$616954.30,210153997,PP
443,Ginny,Ortner,gortnerca@edublogs.org,Female,$849399.63,593822126,IT
444,Ailis,Perocci,aperoccicb@google.com.au,Female,$344733.48,352054442,PP
445,Jodee,Parkeson,jparkesoncc@nifty.com,Female,$599566.21,635983366,PP
446,Penn,Charters,pcharterscd@nymag.com,Male,$665712.03,651952505,CC
447,Joell,Foulstone,jfoulstonece@cnet.com,Female,$264407.00,407590239,CC
448,Malinda,Trytsman,mtrytsmancf@reuters.com,Female,$800870.76,880805937,PP
449,Yolande,Oleshunin,yoleshunincg@phpbb.com,Female,$649259.48,892476425,PP
450,Camel,Enevoldsen,cenevoldsench@meetup.com,Female,$362559.46,562525890,IT
451,Dulce,Uwins,duwinsci@china.com.cn,Female,$965994.20,763216743,CC
452,Daniela,Billison,dbillisoncj@i2i.jp,Female,$200020.11,931178302,IT
453,Rad,Toynbee,rtoynbeeck@blogs.com,Male,$765372.59,552338224,IT
454,Carleton,Hubert,chubertcl@bbc.co.uk,Male,$624230.80,630116634,PP
455,Dillie,Wooles,dwoolescm@blogspot.com,Male,$774698.59,422878993,IT
456,Milena,MacFarlan,mmacfarlancn@ft.com,Female,$460415.03,859805087,PP
457,Colin,Helin,chelinco@ow.ly,Male,$996106.89,809952007,IT
458,Humphrey,Poleykett,hpoleykettcp@vinaora.com,Male,$678826.54,166054761,PP
459,Torre,Chretien,tchretiencq@symantec.com,Male,$899669.12,955172479,PP
460,Isidore,Kneath,ikneathcr@sciencedaily.com,Male,$500358.92,517698760,IT
461,Sylvia,Bourner,sbournercs@marriott.com,Female,$513768.20,606525824,CC
462,Ellswerth,Drysdale,edrysdalect@nhs.uk,Male,$978695.57,640602232,IT
463,Daryn,McNab,dmcnabcu@vistaprint.com,Female,$998068.77,22164431,IT
464,Raimundo,Cantillion,rcantillioncv@about.com,Male,$130967.62,167384317,CC
465,Kiele,Baguley,kbaguleycw@accuweather.com,Female,$698834.32,930698658,CC
466,Noak,Glaserman,nglasermancx@uol.com.br,Male,$312556.32,932001528,IT
467,Winfred,Pitrollo,wpitrollocy@google.com.br,Male,$971398.28,371395178,CC
468,Kassandra,Coulthard,kcoulthardcz@ted.com,Female,$847195.48,318054146,PP
469,Thorndike,Dunckley,tdunckleyd0@so-net.ne.jp,Male,$355816.55,438550417,PP
470,Corbin,Fitzsymons,cfitzsymonsd1@sphinn.com,Male,$425762.65,532304242,IT
471,Montgomery,Jeffcock,mjeffcockd2@simplemachines.org,Male,$764761.18,755072525,PP
472,Gerda,Paulich,gpaulichd3@sitemeter.com,Female,$104638.31,854064247,PP
473,Bail,Genthner,bgenthnerd4@illinois.edu,Male,$791461.99,427481404,PP
474,Bobby,Brabender,bbrabenderd5@time.com,Female,$715136.64,258228566,PP
475,Phil,Lendrem,plendremd6@plala.or.jp,Male,$658455.47,617140366,PP
476,Galven,Jakes,gjakesd7@slashdot.org,Male,$242870.37,45148351,PP
477,Willdon,Victory,wvictoryd8@msn.com,Male,$317021.10,344420874,CC
478,Harlie,Brockelsby,hbrockelsbyd9@merriam-webster.com,Female,$675236.64,561379957,PP
479,Bern,Scandrett,bscandrettda@flavors.me,Male,$381947.80,375150110,CC
480,Aron,Poker,apokerdb@hugedomains.com,Male,$966057.98,80677039,PP
481,Nobe,Lorkin,nlorkindc@slashdot.org,Male,$301037.74,316667967,CC
482,Lianne,Ivashnikov,livashnikovdd@domainmarket.com,Female,$744690.62,980524916,CC
483,Thorny,Fulstow,tfulstowde@mit.edu,Male,$374762.56,554885665,PP
484,Rosco,Waison,rwaisondf@jimdo.com,Male,$789555.96,1027865086,CC
485,Rudy,Brisley,rbrisleydg@privacy.gov.au,Male,$634962.56,182132092,PP
486,Brigitte,Pexton,bpextondh@ustream.tv,Female,$726513.92,326517766,PP
487,Kevon,Schubuser,kschubuserdi@reference.com,Male,$149571.84,1031214916,PP
488,Winny,Luckham,wluckhamdj@unesco.org,Male,$964740.71,228834001,IT
489,Johnathon,Fullerd,jfullerddk@miibeian.gov.cn,Male,$374020.62,325862392,PP
490,Gaby,Scotland,gscotlanddl@t-online.de,Male,$425930.36,969815896,CC
491,Saba,Mapis,smapisdm@youtube.com,Female,$708394.39,1040399659,CC
492,Cassandry,Merwe,cmerwedn@360.cn,Female,$637736.71,53915290,IT
493,Conny,Muscat,cmuscatdo@bluehost.com,Female,$551159.39,507274559,IT
494,Sheree,Primak,sprimakdp@google.it,Female,$866509.46,692457048,CC
495,Sam,Sadgrove,ssadgrovedq@i2i.jp,Male,$676011.91,1015968935,CC
496,Ansley,Curman,acurmandr@xinhuanet.com,Female,$333790.33,1015009069,PP
497,Bartholomeo,Pardal,bpardalds@bing.com,Male,$248592.47,892240595,CC
498,Gray,Trenbey,gtrenbeydt@dagondesign.com,Male,$294930.70,355088655,IT
499,Carina,Hutchason,chutchasondu@discovery.com,Female,$837454.82,853264171,PP
500,Adamo,Feehily,afeehilydv@fastcompany.com,Male,$939413.53,555749497,PP
501,Seth,Cadman,scadmandw@answers.com,Male,$619621.75,740684019,CC
502,Denni,Brackstone,dbrackstonedx@posterous.com,Female,$686667.00,956537307,IT
503,Annabel,Twiname,atwinamedy@paginegialle.it,Female,$277315.92,807604134,IT
504,Tiphanie,Sheward,tshewarddz@scientificamerican.com,Female,$389648.84,703278284,PP
505,Fidel,Keenlayside,fkeenlaysidee0@cafepress.com,Male,$103862.34,883618104,PP
506,Elita,Freyne,efreynee1@japanpost.jp,Female,$551539.33,628894980,CC
507,Ernesto,McNirlin,emcnirline2@nifty.com,Male,$662846.23,351697752,PP
508,Guglielmo,Druhan,gdruhane3@virginia.edu,Male,$201158.51,139980848,PP
509,Engelbert,Asher,eashere4@epa.gov,Male,$915597.62,577757660,PP
510,Amabel,Digwood,adigwoode5@bloglovin.com,Female,$209974.86,351831182,IT
511,Camala,McVie,cmcviee6@google.com.hk,Female,$155112.89,379263052,CC
512,Kipper,Chidley,kchidleye7@wordpress.com,Male,$913712.22,891418237,IT
513,Bonnie,Ghiraldi,bghiraldie8@wordpress.org,Female,$410250.59,117690762,PP
514,Kit,Penhalurick,kpenhaluricke9@privacy.gov.au,Male,$800872.73,144793247,CC
515,Margarita,Middlemiss,mmiddlemissea@360.cn,Female,$768483.71,93598135,CC
516,Otha,Houndsom,ohoundsomeb@mayoclinic.com,Female,$168645.36,443494792,PP
517,Truman,Petlyura,tpetlyuraec@phpbb.com,Male,$760305.39,480496641,PP
518,Lani,Hasslocher,lhasslochered@apple.com,Female,$828890.09,758074448,PP
519,Hanna,Hovee,hhoveeee@tiny.cc,Female,$896945.43,470775476,CC
520,Guillaume,Sandry,gsandryef@mayoclinic.com,Male,$217605.82,61310167,CC
521,Candie,McDougald,cmcdougaldeg@cocolog-nifty.com,Female,$483924.86,593487054,CC
522,Alasteir,Bosley,abosleyeh@unblog.fr,Male,$317545.46,58246699,IT
523,Ardeen,Zupa,azupaei@instagram.com,Female,$935128.72,208810205,CC
524,Kerk,Barukh,kbarukhej@home.pl,Male,$940910.72,278336757,PP
525,Trev,Goreisr,tgoreisrek@xinhuanet.com,Male,$464199.96,161032803,PP
526,Xavier,Eckley,xeckleyel@indiatimes.com,Male,$920567.74,575761294,IT
527,Granny,Tebbut,gtebbutem@businesswire.com,Male,$217947.54,675189770,IT
528,Felix,Turban,fturbanen@webs.com,Male,$878701.77,289586344,PP
529,Leanora,Wrack,lwrackeo@blogtalkradio.com,Female,$809174.73,417231208,PP
530,Spence,Bigmore,sbigmoreep@statcounter.com,Male,$888039.82,777515638,CC
531,Rossie,Palmer,rpalmereq@lulu.com,Male,$823639.53,427018384,PP
532,Noelani,Willgoose,nwillgooseer@ebay.com,Female,$577530.30,339096636,CC
533,Jeth,Bonafacino,jbonafacinoes@hatena.ne.jp,Male,$287961.26,331702359,CC
534,Lockwood,Angless,langlesset@umich.edu,Male,$485120.09,761306564,PP
535,Sukey,Hanford,shanfordeu@sbwire.com,Female,$491603.90,442428071,IT
536,Margery,Tadgell,mtadgellev@tripadvisor.com,Female,$681209.85,387529781,CC
537,Theodoric,Hadley,thadleyew@state.tx.us,Male,$653202.71,364164286,IT
538,Uriel,Crocker,ucrockerex@gmpg.org,Male,$950532.36,503052273,CC
539,Sidnee,Antoney,santoneyey@yolasite.com,Male,$499747.43,804183479,PP
540,Mirabelle,Charles,mcharlesez@ucsd.edu,Female,$943604.41,751517791,PP
541,Leodora,Rendbaek,lrendbaekf0@europa.eu,Female,$336187.04,283216444,PP
542,Irving,Cradick,icradickf1@wordpress.org,Male,$611722.98,854802938,CC
543,Mathew,Pigney,mpigneyf2@ezinearticles.com,Male,$957548.72,684313570,CC
544,Batsheva,Acklands,backlandsf3@whitehouse.gov,Female,$870192.62,508117658,PP
545,Halimeda,Girardy,hgirardyf4@tripadvisor.com,Female,$762026.57,919930791,PP
546,Imojean,Dresse,idressef5@51.la,Female,$978638.49,1013767916,PP
547,Jammal,Ivashnyov,jivashnyovf6@netvibes.com,Male,$758005.37,984670586,IT
548,Lorene,Patemore,lpatemoref7@canalblog.com,Female,$876341.89,383321399,IT
549,Cy,Ashwood,cashwoodf8@tmall.com,Male,$859909.26,110417314,IT
550,Arden,Humber,ahumberf9@youtu.be,Female,$257530.39,974249013,PP
551,Leo,Losty,llostyfa@mac.com,Male,$358212.93,885428878,IT
552,Umberto,Rudeforth,urudeforthfb@blogtalkradio.com,Male,$237806.96,27090562,CC
553,Yehudi,Auger,yaugerfc@themeforest.net,Male,$646430.49,905163964,IT
554,Ebonee,Francescotti,efrancescottifd@imageshack.us,Female,$131048.32,507429917,IT
555,Shanda,Dipple,sdipplefe@shareasale.com,Female,$153559.63,673060843,IT
556,Brander,McTrustam,bmctrustamff@soup.io,Male,$588144.62,417106234,PP
557,Chevalier,Sheircliffe,csheircliffefg@webmd.com,Male,$339133.23,530434092,IT
558,Pierce,Goneau,pgoneaufh@army.mil,Male,$144701.83,262972974,CC
559,Pierce,Snibson,psnibsonfi@free.fr,Male,$677948.39,908852489,PP
560,Penny,Gabler,pgablerfj@github.io,Male,$908810.90,937888573,PP
561,Tanya,Thorburn,tthorburnfk@fda.gov,Female,$257809.32,332515271,PP
562,Crin,Brodnecke,cbrodneckefl@bloglovin.com,Female,$221257.02,860373345,CC
563,Amandi,Charleston,acharlestonfm@tamu.edu,Female,$713076.36,181934952,PP
564,Elmo,Shankle,eshanklefn@facebook.com,Male,$503012.75,400469496,CC
565,Julina,Diter,jditerfo@myspace.com,Female,$926347.94,793141649,CC
566,Teodorico,Beasleigh,tbeasleighfp@miitbeian.gov.cn,Male,$502077.94,616583304,PP
567,Piggy,Oxenden,poxendenfq@yellowbook.com,Male,$429799.44,409218457,CC
568,Doreen,Vasilischev,dvasilischevfr@macromedia.com,Female,$702775.31,173461563,IT
569,Ian,Tregaskis,itregaskisfs@scribd.com,Male,$420442.05,25680052,CC
570,Man,Jenckes,mjenckesft@imgur.com,Male,$256542.04,1044839513,IT
571,Fremont,Parfitt,fparfittfu@printfriendly.com,Male,$417808.52,285397163,CC
572,Janenna,Weldon,jweldonfv@gov.uk,Female,$636490.02,797460392,PP
573,Kissiah,Barents,kbarentsfw@bandcamp.com,Female,$153974.12,452864670,IT
574,Joell,Nanninini,jnannininifx@phoca.cz,Female,$382822.59,1025871084,CC
575,Shandee,Lindsley,slindsleyfy@vistaprint.com,Female,$270665.63,275503832,PP
576,Burgess,Korlat,bkorlatfz@unesco.org,Male,$492065.82,206029025,PP
577,Ricki,MacSwayde,rmacswaydeg0@si.edu,Female,$113172.25,283550636,CC
578,Malva,Baughen,mbaugheng1@diigo.com,Female,$410939.35,783808880,CC
579,Cosimo,Van Velden,cvanveldeng2@time.com,Male,$535547.54,44538741,IT
580,Christie,Banaszkiewicz,cbanaszkiewiczg3@t.co,Female,$229116.59,739921678,CC
581,Loutitia,Vaulkhard,lvaulkhardg4@slashdot.org,Female,$874814.84,948285288,CC
582,Rahel,Gahan,rgahang5@dailymotion.com,Female,$391343.58,951351933,CC
583,Gwyn,Von Welden,gvonweldeng6@yolasite.com,Female,$579720.19,824167571,PP
584,Sandy,Dressel,sdresselg7@weibo.com,Female,$738457.48,542938628,CC
585,Papageno,Vaulkhard,pvaulkhardg8@i2i.jp,Male,$864628.79,158805493,CC
586,Phaedra,Marham,pmarhamg9@timesonline.co.uk,Female,$487151.80,487987633,PP
587,Felicity,Groom,fgroomga@mail.ru,Female,$883189.42,577112657,IT
588,Gaile,Fenkel,gfenkelgb@nih.gov,Male,$713333.69,520683637,IT
589,Marci,Cinelli,mcinelligc@psu.edu,Female,$614186.56,995698206,CC
590,Caria,Forst,cforstgd@apache.org,Female,$423876.13,620966366,IT
591,Arleyne,Fowle,afowlege@flickr.com,Female,$252381.71,73807503,CC
592,Glennie,Crosser,gcrossergf@paginegialle.it,Female,$275437.63,649388882,IT
593,Sherlock,Paviour,spaviourgg@disqus.com,Male,$959408.82,641704442,PP
594,Vasily,Siebart,vsiebartgh@dailymotion.com,Male,$981932.25,249941223,IT
595,Cathyleen,Bellhanger,cbellhangergi@pen.io,Female,$838746.28,923611399,PP
596,Farly,Sanpere,fsanperegj@nationalgeographic.com,Male,$684854.75,568545931,PP
597,Augusta,Dollar,adollargk@acquirethisname.com,Female,$794723.47,566558181,IT
598,Lorinda,Benettolo,lbenettologl@studiopress.com,Female,$100543.72,732158396,IT
599,Jodi,Childs,jchildsgm@mit.edu,Male,$691612.09,717733292,CC
600,Brok,Gorler,bgorlergn@pinterest.com,Male,$434895.92,47066273,PP
601,Barbee,Bartolomeoni,bbartolomeonigo@photobucket.com,Female,$489349.67,955911070,IT
602,Morganica,Bendix,mbendixgp@tripadvisor.com,Female,$547469.79,568230021,IT
603,Yance,Upfold,yupfoldgq@washingtonpost.com,Male,$939789.40,712916806,PP
604,Hestia,Reely,hreelygr@ibm.com,Female,$981535.77,327650857,CC
605,Dee dee,Akester,dakestergs@shutterfly.com,Female,$741439.16,971062603,CC
606,Scottie,Sikora,ssikoragt@abc.net.au,Male,$203530.32,886937022,IT
607,Elsie,Trenfield,etrenfieldgu@com.com,Female,$663875.65,99224741,PP
608,Giles,Volant,gvolantgv@blogger.com,Male,$675957.88,211101150,IT
609,Cherry,Sawdy,csawdygw@opensource.org,Female,$217306.27,9014953,IT
610,Ganny,Appleton,gappletongx@home.pl,Male,$583523.51,132485534,PP
611,Donnie,Hayers,dhayersgy@ocn.ne.jp,Male,$259214.04,612893773,PP
612,Jamaal,De Haven,jdehavengz@java.com,Male,$188217.97,879414365,CC
613,Jobie,Cowe,jcoweh0@booking.com,Female,$131455.09,130400885,CC
614,Glenn,Gavozzi,ggavozzih1@tinypic.com,Male,$208562.11,926334299,CC
615,Skipp,Risborough,srisboroughh2@ucla.edu,Male,$845637.89,126585577,IT
616,Worthy,Joselevitch,wjoselevitchh3@army.mil,Male,$536853.61,808664041,PP
617,Thornton,MacAindreis,tmacaindreish4@flavors.me,Male,$311814.71,140743407,PP
618,Maddy,Coldbath,mcoldbathh5@gnu.org,Female,$318832.74,739979116,PP
619,Thornie,Duesbury,tduesburyh6@theglobeandmail.com,Male,$758521.71,696447499,CC
620,Lelia,Mafham,lmafhamh7@weather.com,Female,$353384.74,530429364,IT
621,Nathan,Blinerman,nblinermanh8@skype.com,Male,$504177.19,740382669,CC
622,Kesley,Rankcom,krankcomh9@psu.edu,Female,$494665.19,743157166,CC
623,Cherida,Sine,csineha@time.com,Female,$535087.53,252768700,CC
624,Mechelle,Crannach,mcrannachhb@qq.com,Female,$859540.93,296447820,CC
625,Mellie,Nockells,mnockellshc@tiny.cc,Female,$147625.54,548235817,IT
626,Vaughn,Vosper,vvosperhd@mediafire.com,Male,$943604.78,587266981,IT
627,Timothy,Sambedge,tsambedgehe@sun.com,Male,$977102.04,849598836,CC
628,Salomo,Dunsmuir,sdunsmuirhf@usgs.gov,Male,$670803.53,336456500,IT
629,Alasdair,MacKellar,amackellarhg@unblog.fr,Male,$274607.75,851266432,IT
630,Taffy,Smales,tsmaleshh@shutterfly.com,Female,$922182.91,700986496,CC
631,Sharia,Cheverell,scheverellhi@csmonitor.com,Female,$211161.00,555516651,CC
632,Marwin,Driscoll,mdriscollhj@skype.com,Male,$650083.14,622613481,CC
633,Nadiya,Petit,npetithk@github.io,Female,$981621.22,912930347,IT
634,Mayne,Bianco,mbiancohl@vkontakte.ru,Male,$635507.38,174520879,CC
635,Corny,MacCard,cmaccardhm@bandcamp.com,Male,$560756.46,45884426,IT
636,Vernice,Georgeson,vgeorgesonhn@java.com,Female,$203824.74,626365059,CC
637,Brittaney,Turrill,bturrillho@ezinearticles.com,Female,$512229.35,619354712,IT
638,Washington,Vedenichev,wvedenichevhp@topsy.com,Male,$179222.22,555487552,IT
639,Mable,Elmore,melmorehq@merriam-webster.com,Female,$205043.62,143446667,CC
640,Arnie,Skirrow,askirrowhr@deviantart.com,Male,$891614.91,997617127,IT
641,Bryna,Bayliss,bbaylisshs@toplist.cz,Female,$947799.72,671048987,PP
642,Dewie,Measen,dmeasenht@wisc.edu,Male,$497306.23,279038881,CC
643,Mariquilla,Skene,mskenehu@newsvine.com,Female,$723883.08,831221888,PP
644,Karrie,Adkins,kadkinshv@fc2.com,Female,$734322.72,463263275,PP
645,Rafi,Meagh,rmeaghhw@usnews.com,Male,$588615.99,909469114,PP
646,Charlene,McHaffy,cmchaffyhx@discovery.com,Female,$590871.92,309547050,IT
647,Keelia,Winterbotham,kwinterbothamhy@google.es,Female,$488948.97,256667127,IT
648,Hedi,McGeady,hmcgeadyhz@typepad.com,Female,$502980.82,79738057,IT
649,Nevins,Candlish,ncandlishi0@imgur.com,Male,$909688.14,657193000,CC
650,David,O'Mahoney,domahoneyi1@qq.com,Male,$106888.13,722153934,CC
651,Inglis,Pessler,ipessleri2@stanford.edu,Male,$581205.24,100186755,PP
652,Paulie,Janeway,pjanewayi3@accuweather.com,Female,$353955.82,562700120,CC
653,Margo,Swaysland,mswayslandi4@wordpress.com,Female,$772713.33,313980302,IT
654,Anica,Edgecombe,aedgecombei5@washington.edu,Female,$225012.65,339529472,IT
655,Delilah,Titterell,dtitterelli6@twitter.com,Female,$577941.16,64400154,CC
656,Rosemary,Gate,rgatei7@nps.gov,Female,$943584.72,1034857876,IT
657,Kippar,Perche,kperchei8@jiathis.com,Male,$550459.16,279895598,PP
658,Jerry,Tolhurst,jtolhursti9@sakura.ne.jp,Male,$679580.05,1029190515,CC
659,Leonore,Pincked,lpinckedia@tuttocitta.it,Female,$932557.47,64493043,IT
660,Aidan,Fairbank,afairbankib@livejournal.com,Female,$746059.66,214321367,CC
661,Brooks,Sandeman,bsandemanic@ted.com,Female,$151372.38,347081105,CC
662,Linnell,Brasse,lbrasseid@hao123.com,Female,$309941.15,803291233,PP
663,Kele,Jeduch,kjeduchie@dion.ne.jp,Male,$480669.70,564896299,PP
664,Herman,Tilston,htilstonif@psu.edu,Male,$484983.52,174326559,IT
665,Sanderson,Parish,sparishig@umich.edu,Male,$700938.93,902201806,PP
666,Jo-ann,Rhoades,jrhoadesih@loc.gov,Female,$106503.02,313783652,PP
667,Wait,Karlsen,wkarlsenii@foxnews.com,Male,$174415.50,543695723,PP
668,Karlen,Creeboe,kcreeboeij@over-blog.com,Female,$259002.80,14371601,PP
669,Minnnie,Hoggan,mhogganik@shinystat.com,Female,$332777.65,322009265,IT
670,Nobie,Beran,nberanil@cafepress.com,Male,$349581.23,412975180,CC
671,Renard,Heinsh,rheinshim@nhs.uk,Male,$378100.78,404401926,IT
672,Yolane,Strotton,ystrottonin@stumbleupon.com,Female,$222423.83,302231120,PP
673,Ernst,Standering,estanderingio@dropbox.com,Male,$556806.78,821279006,PP
674,Blinny,Dable,bdableip@amazon.com,Female,$872081.57,983264564,CC
675,Ximenez,Jesper,xjesperiq@hp.com,Male,$545604.18,389021390,IT
676,Knox,Beacom,kbeacomir@csmonitor.com,Male,$215069.98,555296304,PP
677,Babbie,Fihelly,bfihellyis@ehow.com,Female,$610696.20,559926011,PP
678,Marinna,Tremathack,mtremathackit@indiatimes.com,Female,$212379.79,769846873,IT
679,Giraldo,Orring,gorringiu@cbslocal.com,Male,$724934.71,815197675,IT
680,Kelwin,Upcott,kupcottiv@ft.com,Male,$106789.97,37525364,IT
681,Carmita,Farlow,cfarlowiw@histats.com,Female,$559881.20,747925484,CC
682,Terencio,Kilpatrick,tkilpatrickix@thetimes.co.uk,Male,$635038.21,747159546,CC
683,Artur,Giametti,agiamettiiy@huffingtonpost.com,Male,$664115.99,756320349,PP
684,Pietra,Libermore,plibermoreiz@xing.com,Female,$768514.15,21760482,PP
685,Lynn,Deabill,ldeabillj0@webnode.com,Male,$293201.77,928457704,IT
686,Jobi,Tolefree,jtolefreej1@barnesandnoble.com,Female,$463435.88,659950677,CC
687,Shirline,Yakebovitch,syakebovitchj2@domainmarket.com,Female,$756661.17,94027012,PP
688,Phylis,Guyton,pguytonj3@rediff.com,Female,$986142.02,436397902,PP
689,Elroy,Gudgen,egudgenj4@instagram.com,Male,$894604.90,213448047,CC
690,Mandel,Suckling,msucklingj5@slashdot.org,Male,$935929.62,188925898,PP
691,Freddie,Izzat,fizzatj6@amazon.com,Female,$887852.57,92303645,IT
692,Adelbert,Saunder,asaunderj7@bluehost.com,Male,$725442.91,771062634,PP
693,Yuma,Feronet,yferonetj8@squarespace.com,Male,$489805.16,585442492,PP
694,Nelli,Chantrell,nchantrellj9@paypal.com,Female,$674851.86,784310906,PP
695,Stanislaw,Swancott,sswancottja@wix.com,Male,$661571.20,639554434,PP
696,Meryl,Platt,mplattjb@stanford.edu,Male,$337661.14,696677720,IT
697,Bertie,Coursor,bcoursorjc@paypal.com,Male,$440638.29,7198193,PP
698,Alanson,Cleyburn,acleyburnjd@ameblo.jp,Male,$403250.97,644519312,PP
699,Flory,Kidney,fkidneyje@google.com,Female,$363435.41,918645289,IT
700,Ginger,Glisane,gglisanejf@opera.com,Male,$109033.82,558023259,CC
701,Leona,Blankhorn,lblankhornjg@ovh.net,Female,$582810.24,386960555,PP
702,Avie,Shutt,ashuttjh@technorati.com,Female,$750594.31,9671194,IT
703,Nichol,McLardie,nmclardieji@usa.gov,Female,$309226.63,430971021,CC
704,Erika,McTurk,emcturkjj@last.fm,Female,$217075.12,23419786,CC
705,Alika,Billson,abillsonjk@livejournal.com,Female,$967819.06,112290648,PP
706,Calvin,Keech,ckeechjl@thetimes.co.uk,Male,$113525.30,31313574,PP
707,Elnora,Kloisner,ekloisnerjm@sogou.com,Female,$354557.19,361763034,IT
708,Tommy,Phlippi,tphlippijn@nasa.gov,Female,$382622.58,991273864,IT
709,Allianora,Martusov,amartusovjo@google.co.uk,Female,$550215.75,899793957,CC
710,Tiebout,Skivington,tskivingtonjp@deviantart.com,Male,$109730.66,361101280,PP
711,Anita,Bather,abatherjq@ox.ac.uk,Female,$203529.08,791309718,IT
712,Ninon,Skerman,nskermanjr@japanpost.jp,Female,$426275.29,119004743,PP
713,Clio,Farmloe,cfarmloejs@utexas.edu,Female,$949738.67,383702099,PP
714,Shannah,McCreath,smccreathjt@gov.uk,Female,$962301.32,250531493,IT
715,Mitchael,Bysaker,mbysakerju@google.ca,Male,$111359.10,828533627,CC
716,Ines,Martschke,imartschkejv@uol.com.br,Female,$925936.53,1022768650,CC
717,Adolphe,Keyhoe,akeyhoejw@jigsy.com,Male,$466820.11,916322134,IT
718,Horace,Starkey,hstarkeyjx@auda.org.au,Male,$844662.31,657561735,CC
719,Ingamar,Danilyak,idanilyakjy@thetimes.co.uk,Male,$491613.38,898200114,IT
720,Sven,Bloan,sbloanjz@booking.com,Male,$212331.59,818107771,CC
721,Michaelina,Schout,mschoutk0@gov.uk,Female,$875933.28,111997574,PP
722,Valeda,Blaisdell,vblaisdellk1@alexa.com,Female,$482872.57,75326004,IT
723,Burgess,Godbehere,bgodbeherek2@dmoz.org,Male,$491821.45,543101412,CC
724,Jillayne,Pancast,jpancastk3@google.it,Female,$395800.06,712150304,CC
725,Sarge,Skinley,sskinleyk4@twitpic.com,Male,$695523.42,156035005,IT
726,Lesly,Erdis,lerdisk5@ted.com,Female,$290093.79,145960685,IT
727,Wendy,Fever,wfeverk6@chicagotribune.com,Female,$984362.03,108250109,CC
728,Lurette,Moreno,lmorenok7@marketwatch.com,Female,$434422.06,680108465,CC
729,Rani,Pencott,rpencottk8@diigo.com,Female,$162234.44,265018139,PP
730,Meir,Stimson,mstimsonk9@fema.gov,Male,$542379.62,553234184,IT
731,Mort,Drever,mdreverka@goo.gl,Male,$580795.56,330285962,PP
732,Graham,Savaage,gsavaagekb@weather.com,Male,$617472.02,619539109,CC
733,Lisa,Wingham,lwinghamkc@theguardian.com,Female,$796441.66,86840060,IT
734,Adah,Joris,ajoriskd@bluehost.com,Female,$766423.80,878362894,IT
735,Donaugh,Magenny,dmagennyke@cnn.com,Male,$232343.57,1026270086,CC
736,Berkley,Leer,bleerkf@blog.com,Male,$552015.91,719453232,IT
737,Danette,Duckit,dduckitkg@si.edu,Female,$797975.38,363888456,CC
738,Lia,Cattenach,lcattenachkh@omniture.com,Female,$132162.95,15080320,PP
739,Dylan,Quilligan,dquilliganki@topsy.com,Male,$464014.22,45594613,PP
740,Gherardo,Paolicchi,gpaolicchikj@deviantart.com,Male,$667769.58,527317759,IT
741,Wolfie,Cowthard,wcowthardkk@bbc.co.uk,Male,$680567.07,475965237,PP
742,Phyllis,Ferrer,pferrerkl@pinterest.com,Female,$600112.78,759184181,CC
743,Phillis,Bussell,pbussellkm@mashable.com,Female,$879385.88,365080675,PP
744,Ardelia,Abrahamsen,aabrahamsenkn@archive.org,Female,$765291.00,944143194,IT
745,Anatole,Wittleton,awittletonko@huffingtonpost.com,Male,$420396.98,937838326,IT
746,Rusty,Gownge,rgowngekp@4shared.com,Male,$730962.63,895634956,PP
747,Anne-corinne,Wesker,aweskerkq@infoseek.co.jp,Female,$184209.08,177639620,CC
748,Devondra,Plewright,dplewrightkr@yahoo.com,Female,$948469.43,464756302,IT
749,Johnny,Hunnicutt,jhunnicuttks@phpbb.com,Male,$267308.11,1038885914,CC
750,Gene,Savine,gsavinekt@usatoday.com,Male,$559590.61,99333715,PP
751,Maxim,Jardein,mjardeinku@tiny.cc,Male,$356114.20,67322237,CC
752,Humfrey,Tims,htimskv@princeton.edu,Male,$649855.85,253748957,IT
753,Nanice,Spratt,nsprattkw@statcounter.com,Female,$167892.68,982358372,CC
754,Janina,Girardetti,jgirardettikx@techcrunch.com,Female,$792413.42,615518539,IT
755,Way,McBrier,wmcbrierky@myspace.com,Male,$359205.90,1012668364,IT
756,Paton,Griffe,pgriffekz@hao123.com,Male,$374378.25,446988875,PP
757,Rodger,Ibberson,ribbersonl0@uiuc.edu,Male,$987586.40,124952416,IT
758,Micheal,Badgers,mbadgersl1@kickstarter.com,Male,$839250.03,685795015,CC
759,Estrellita,Enric,eenricl2@networkadvertising.org,Female,$323616.23,441189717,PP
760,Fanni,Gierek,fgierekl3@home.pl,Female,$179524.38,321217440,CC
761,Ezra,Belchem,ebelcheml4@buzzfeed.com,Male,$981797.35,521776136,CC
762,Morrie,Conry,mconryl5@nyu.edu,Male,$312278.74,750750158,PP
763,Leonore,McCahill,lmccahilll6@examiner.com,Female,$341750.24,946127046,CC
764,Josi,Shawcross,jshawcrossl7@rakuten.co.jp,Female,$622043.34,31768364,CC
765,Fraser,Brassington,fbrassingtonl8@rambler.ru,Male,$822454.51,528297649,CC
766,Cornelle,Forestel,cforestell9@state.tx.us,Female,$438925.66,619592419,IT
767,Kassia,Booy,kbooyla@nationalgeographic.com,Female,$350807.78,849294959,IT
768,Engelbert,Henrie,ehenrielb@hibu.com,Male,$322750.42,212888739,PP
769,Valida,Cicculi,vcicculilc@squarespace.com,Female,$960680.42,510461076,PP
770,Oralee,Gronou,ogronould@weather.com,Female,$899657.84,814157266,CC
771,Tanney,Beeke,tbeekele@indiatimes.com,Male,$221339.11,470309299,IT
772,Jamey,Mellonby,jmellonbylf@businessweek.com,Male,$809222.90,944361496,PP
773,Maribel,Isacke,misackelg@desdev.cn,Female,$141852.68,991849854,PP
774,Lauraine,Copestake,lcopestakelh@fotki.com,Female,$747341.28,351691969,CC
775,Darby,Loynes,dloynesli@psu.edu,Female,$797370.26,796407706,CC
776,Pepita,Oxbe,poxbelj@about.com,Female,$422938.90,907219796,CC
777,Dolli,Binny,dbinnylk@epa.gov,Female,$542730.35,988724215,IT
778,Rosita,Clew,rclewll@wufoo.com,Female,$693294.45,354025077,CC
779,Bartram,Mathevet,bmathevetlm@ucla.edu,Male,$713258.30,91736413,PP
780,Howard,Gait,hgaitln@spiegel.de,Male,$172471.70,247386215,PP
781,Lucila,Caff,lcafflo@hibu.com,Female,$214582.48,446851373,PP
782,Donal,Trank,dtranklp@dailymotion.com,Male,$101458.72,260015207,IT
783,Isidore,Armor,iarmorlq@narod.ru,Male,$451884.10,158525984,PP
784,Fairlie,Prujean,fprujeanlr@google.com,Male,$513447.82,478459406,IT
785,Sisely,Dufoure,sdufourels@wikimedia.org,Female,$491933.55,531227228,IT
786,Maressa,Egglestone,megglestonelt@cyberchimps.com,Female,$322061.03,519160521,CC
787,Rici,Culleton,rculletonlu@tiny.cc,Female,$475987.64,53377513,IT
788,Tybalt,Champkin,tchampkinlv@hatena.ne.jp,Male,$682914.96,458543501,IT
789,Analiese,Durn,adurnlw@tinypic.com,Female,$793331.31,589874244,PP
790,Maxie,Ollier,mollierlx@furl.net,Male,$598502.42,401018938,CC
791,Sher,Cheales,schealesly@buzzfeed.com,Female,$454077.22,491289620,CC
792,Tobin,Brandassi,tbrandassilz@booking.com,Male,$457824.67,118856585,IT
793,Gwyneth,Paggitt,gpaggittm0@hhs.gov,Female,$279815.57,726884268,IT
794,Cornall,Shanks,cshanksm1@biblegateway.com,Male,$381997.40,123131922,CC
795,Aeriela,Gilford,agilfordm2@go.com,Female,$771663.45,1005839750,PP
796,Arliene,Bidder,abidderm3@drupal.org,Female,$930677.32,667878007,PP
797,Maryanna,Parsell,mparsellm4@economist.com,Female,$915997.52,209104350,PP
798,Candace,Hovington,chovingtonm5@webmd.com,Female,$209469.25,651866702,IT
799,Ximenez,Bardwell,xbardwellm6@bloglovin.com,Male,$979364.97,953965141,CC
800,Dre,Yekel,dyekelm7@vinaora.com,Female,$760205.37,157427091,CC
801,Nickolaus,Ryall,nryallm8@nyu.edu,Male,$862748.86,123220214,PP
802,Chandal,Craddock,ccraddockm9@jigsy.com,Female,$769473.46,842737101,IT
803,Pet,Snelgrove,psnelgrovema@pinterest.com,Female,$335826.46,15307458,CC
804,Danice,Kynton,dkyntonmb@washington.edu,Female,$434025.49,740564769,IT
805,Moshe,Dufton,mduftonmc@usda.gov,Male,$719550.41,136279029,PP
806,Bibbye,Mc Gaughey,bmcgaugheymd@unicef.org,Female,$722825.41,990473830,IT
807,Hercules,Clair,hclairme@sina.com.cn,Male,$510392.86,27974881,CC
808,Oswell,Aulds,oauldsmf@si.edu,Male,$221053.24,200834269,CC
809,Jamill,Sealove,jsealovemg@soundcloud.com,Male,$379531.90,725184835,PP
810,Melamie,Axtell,maxtellmh@1und1.de,Female,$615456.19,761389263,PP
811,Barnabas,Martindale,bmartindalemi@delicious.com,Male,$131184.66,945566120,CC
812,Banky,Ayer,bayermj@indiegogo.com,Male,$623524.96,893786911,IT
813,Townie,Mersey,tmerseymk@buzzfeed.com,Male,$206044.77,121917759,PP
814,Marven,Yakolev,myakolevml@abc.net.au,Male,$723658.51,406845643,CC
815,Isa,Tyne,itynemm@dell.com,Male,$283985.59,280061149,IT
816,Marie,Henzer,mhenzermn@wisc.edu,Female,$594501.97,901895368,IT
817,Barr,Patron,bpatronmo@elpais.com,Male,$723413.43,677311990,PP
818,Hadrian,Gerlts,hgerltsmp@comcast.net,Male,$132517.58,956532125,PP
819,Hermy,Firk,hfirkmq@java.com,Male,$726043.95,211645250,CC
820,Flo,Burburough,fburburoughmr@163.com,Female,$245177.52,419799126,IT
821,Johny,Dionsetti,jdionsettims@constantcontact.com,Male,$555423.05,153789632,CC
822,Waring,De Roberto,wderobertomt@t-online.de,Male,$529052.46,976108086,CC
823,Sancho,Edgell,sedgellmu@home.pl,Male,$328162.68,201105423,CC
824,Aland,McNirlin,amcnirlinmv@cnn.com,Male,$691915.07,971961099,CC
825,Delia,McGavin,dmcgavinmw@howstuffworks.com,Female,$995934.02,795895113,CC
826,Rock,Francis,rfrancismx@elpais.com,Male,$572698.76,474085828,IT
827,Lula,Durgan,ldurganmy@discovery.com,Female,$544064.55,881468861,IT
828,Gleda,Hourigan,ghouriganmz@jiathis.com,Female,$698144.57,897529768,CC
829,Hyacinthe,Fee,hfeen0@google.nl,Female,$456686.55,11901730,IT
830,Ryley,Allard,rallardn1@netlog.com,Male,$619615.62,411643696,IT
831,Garwin,Siaspinski,gsiaspinskin2@cdbaby.com,Male,$610883.68,538336345,CC
832,Nyssa,Stopford,nstopfordn3@ted.com,Female,$329649.94,655083950,PP
833,Lotti,McKendo,lmckendon4@utexas.edu,Female,$516088.26,25836811,PP
834,Denys,Huckfield,dhuckfieldn5@altervista.org,Female,$925355.77,64440966,PP
835,Jessi,Baise,jbaisen6@rakuten.co.jp,Female,$262404.84,140509631,CC
836,Reid,Manz,rmanzn7@japanpost.jp,Male,$111338.21,345140131,PP
837,Corrianne,Langworthy,clangworthyn8@ibm.com,Female,$582595.59,107082500,PP
838,Orazio,Valero,ovaleron9@zimbio.com,Male,$448148.23,329622775,IT
839,Hyatt,Faulkner,hfaulknerna@gravatar.com,Male,$806134.81,964314743,CC
840,Violet,Demonge,vdemongenb@java.com,Female,$215050.71,235511400,PP
841,Shaun,Van de Velde,svandeveldenc@meetup.com,Female,$367685.75,83131707,PP
842,Alon,Hearons,ahearonsnd@joomla.org,Male,$365153.85,682951856,CC
843,Ottilie,Ferenczi,oferenczine@sogou.com,Female,$771760.91,498190862,IT
844,Margareta,Burth,mburthnf@wikia.com,Female,$397982.20,763515681,CC
845,Cristian,McNerlin,cmcnerlinng@yandex.ru,Male,$507385.99,320858708,IT
846,Esta,Bixley,ebixleynh@topsy.com,Female,$164974.00,983890365,PP
847,Ashley,Sakins,asakinsni@slate.com,Male,$485367.95,930587798,IT
848,Tynan,Broxup,tbroxupnj@telegraph.co.uk,Male,$445333.87,784945025,PP
849,Elysia,Davage,edavagenk@csmonitor.com,Female,$909498.04,77498689,IT
850,Leonardo,Knotton,lknottonnl@goo.gl,Male,$144853.64,555375254,IT
851,Sherwin,Harrington,sharringtonnm@xinhuanet.com,Male,$803072.79,289906880,PP
852,Ashely,Gisburn,agisburnnn@hibu.com,Female,$734660.25,578032568,IT
853,Ruggiero,Domerque,rdomerqueno@tripadvisor.com,Male,$198221.94,672313073,PP
854,Karilynn,Fardy,kfardynp@forbes.com,Female,$604070.42,70268389,CC
855,Giustina,Shegog,gshegognq@paypal.com,Female,$363521.08,672786044,IT
856,Henrik,Stubbins,hstubbinsnr@nifty.com,Male,$898100.87,783176117,PP
857,Nye,Baggarley,nbaggarleyns@nifty.com,Male,$983838.71,521788267,IT
858,Dianna,Thecham,dthechamnt@msn.com,Female,$108702.30,1003861931,IT
859,Mal,Ludford,mludfordnu@booking.com,Male,$779985.39,473096543,CC
860,Storm,Canton,scantonnv@google.com.br,Female,$135369.91,387493097,PP
861,Meier,Hayland,mhaylandnw@php.net,Male,$949617.16,157588101,CC
862,Harrie,Kringe,hkringenx@sbwire.com,Female,$317642.81,906313456,PP
863,Olivier,Longdon,olongdonny@chronoengine.com,Male,$160705.31,121440921,IT
864,Ermin,Hillin,ehillinnz@google.co.uk,Male,$652181.35,347688412,CC
865,Patty,Petow,ppetowo0@sogou.com,Female,$282327.78,223238556,CC
866,Arne,Millin,amillino1@ucla.edu,Male,$121778.54,874762009,CC
867,Zena,Cooney,zcooneyo2@drupal.org,Female,$869694.07,450837492,IT
868,Frederique,Lokier,flokiero3@yellowbook.com,Female,$259469.38,976158445,CC
869,Giustina,Hutley,ghutleyo4@amazon.co.jp,Female,$579607.04,327625754,CC
870,Diana,Rowatt,drowatto5@ustream.tv,Female,$801859.79,847942622,CC
871,Wilbur,Reasun,wreasuno6@reddit.com,Male,$575414.50,554844340,CC
872,Iggie,Hatton,ihattono7@smugmug.com,Male,$203849.82,250812226,PP
873,Pooh,Mines,pmineso8@dagondesign.com,Female,$513586.75,755739560,PP
874,Chuck,Hehir,chehiro9@huffingtonpost.com,Male,$512300.17,30381916,PP
875,Nert,Corp,ncorpoa@wikispaces.com,Female,$965174.92,673332530,IT
876,Charmain,Hercock,chercockob@icq.com,Female,$629805.10,223819140,IT
877,Albie,Buckhurst,abuckhurstoc@rakuten.co.jp,Male,$575625.20,167761708,IT
878,Thorin,Slarke,tslarkeod@twitter.com,Male,$502204.96,42805130,CC
879,Dougie,Baudassi,dbaudassioe@census.gov,Male,$495177.33,317479052,CC
880,Hastie,Kiehne,hkiehneof@slashdot.org,Male,$977735.23,558295124,PP
881,Cordy,Bollom,cbollomog@state.gov,Female,$383452.51,309366585,PP
882,Lemmy,Perdue,lperdueoh@sciencedaily.com,Male,$919667.98,53024738,CC
883,Krisha,Smyley,ksmyleyoi@imdb.com,Male,$404136.36,536329614,IT
884,Xenia,Torns,xtornsoj@latimes.com,Female,$512992.22,174009934,PP
885,Melvin,Liversidge,mliversidgeok@cdbaby.com,Male,$293282.70,549946454,CC
886,Darryl,Anthonies,danthoniesol@globo.com,Female,$404443.13,116055657,CC
887,Matias,Jurgensen,mjurgensenom@noaa.gov,Male,$807379.98,1019142076,CC
888,Micheil,Tennewell,mtennewellon@instagram.com,Male,$785689.21,795787074,CC
889,Val,Bristoe,vbristoeoo@unblog.fr,Male,$478539.72,407388134,IT
890,Renault,Cassam,rcassamop@clickbank.net,Male,$183461.11,353343277,CC
891,Eal,Brabyn,ebrabynoq@liveinternet.ru,Male,$114532.36,842165396,IT
892,Allegra,Kingscott,akingscottor@twitpic.com,Female,$950203.37,20444610,CC
893,Daniella,Blei,dbleios@scribd.com,Female,$671308.20,288877698,IT
894,Helen-elizabeth,Lambarth,hlambarthot@yahoo.com,Female,$201791.15,1008181285,PP
895,Zachariah,Yesipov,zyesipovou@umn.edu,Male,$144570.13,606317741,IT
896,Roselin,Wasbrough,rwasbroughov@imdb.com,Female,$609801.69,275664006,CC
897,Cassie,Omond,comondow@alexa.com,Female,$450827.10,61381373,IT
898,Bertie,Kersting,bkerstingox@telegraph.co.uk,Male,$171838.76,143483977,PP
899,Denyse,Andrzejczak,dandrzejczakoy@instagram.com,Female,$363199.43,863347822,IT
900,Candida,Phelps,cphelpsoz@hubpages.com,Female,$953708.64,689089996,IT
901,Zack,Byron,zbyronp0@devhub.com,Male,$209401.75,946679519,CC
902,Traci,Girke,tgirkep1@joomla.org,Female,$914225.52,932020764,PP
903,Meggi,MacClure,mmacclurep2@walmart.com,Female,$666539.35,611735717,PP
904,Franny,Ludmann,fludmannp3@deliciousdays.com,Female,$618332.26,808899719,CC
905,Geoffry,Hanson,ghansonp4@umn.edu,Male,$626568.16,149725546,IT
906,Addie,Mersey,amerseyp5@e-recht24.de,Female,$856734.36,994386340,PP
907,Krystal,Lawlee,klawleep6@canalblog.com,Female,$105175.27,709523500,CC
908,Torrence,Canwell,tcanwellp7@dot.gov,Male,$560142.14,301148455,IT
909,Wilone,Dyball,wdyballp8@nsw.gov.au,Female,$601761.95,447566477,IT
910,Antin,Glaisner,aglaisnerp9@spiegel.de,Male,$281484.72,1032308840,IT
911,Leyla,Faull,lfaullpa@biblegateway.com,Female,$384843.93,503157097,CC
912,Waldemar,Blasli,wblaslipb@aboutads.info,Male,$187142.65,605543765,CC
913,Jed,McKeefry,jmckeefrypc@google.it,Male,$468114.98,32661589,PP
914,Rik,Rackley,rrackleypd@ucla.edu,Male,$733661.68,352037075,CC
915,Drucie,Guion,dguionpe@mail.ru,Female,$115061.52,450501737,CC
916,Bradley,Zanini,bzaninipf@cam.ac.uk,Male,$302114.66,789821649,PP
917,Lorant,Clark,lclarkpg@typepad.com,Male,$851068.08,1038822446,CC
918,Shannon,Rosewarne,srosewarneph@parallels.com,Female,$964949.78,849516742,PP
919,Maiga,Caldwall,mcaldwallpi@aboutads.info,Female,$569359.28,818398670,PP
920,Ximenez,Kimbell,xkimbellpj@smh.com.au,Male,$812120.53,459477800,IT
921,Marian,Lindup,mlinduppk@columbia.edu,Female,$514886.44,401552494,IT
922,Allx,Jupe,ajupepl@stumbleupon.com,Female,$412939.62,678963258,CC
923,Oneida,Oluwatoyin,ooluwatoyinpm@liveinternet.ru,Female,$380045.46,475565404,CC
924,Rory,Herrieven,rherrievenpn@chron.com,Female,$161569.38,63793278,CC
925,Raye,Millward,rmillwardpo@vimeo.com,Female,$880712.02,753317323,PP
926,Zabrina,Ionn,zionnpp@scientificamerican.com,Female,$783533.46,33850534,CC
927,Florry,Vlach,fvlachpq@mayoclinic.com,Female,$813734.92,711760878,PP
928,Patricia,Husthwaite,phusthwaitepr@irs.gov,Female,$454951.60,313639209,IT
929,Torin,Wyness,twynessps@github.com,Male,$179470.18,26785010,PP
930,Charita,Driver,cdriverpt@omniture.com,Female,$828542.43,854103628,PP
931,Etienne,Fawcitt,efawcittpu@weibo.com,Male,$419950.61,651688503,IT
932,Catherin,Wigan,cwiganpv@com.com,Female,$608545.92,479324153,CC
933,Bryanty,Bosman,bbosmanpw@si.edu,Male,$294360.61,1013980607,IT
934,Chandra,Rillstone,crillstonepx@livejournal.com,Female,$240751.79,262959715,IT
935,Nissa,Megroff,nmegroffpy@vk.com,Female,$378311.46,664188154,PP
936,Burl,Geoghegan,bgeogheganpz@psu.edu,Male,$520978.91,16197358,CC
937,Wanids,Fouracres,wfouracresq0@squidoo.com,Female,$374368.18,77896641,PP
938,Patsy,Greguoli,pgreguoliq1@myspace.com,Female,$840982.97,219683868,PP
939,Delly,Furley,dfurleyq2@smugmug.com,Female,$251287.23,475892326,PP
940,Letitia,Ledrane,lledraneq3@linkedin.com,Female,$769416.28,872968406,PP
941,Mada,Dederich,mdederichq4@hc360.com,Female,$585464.69,684901431,PP
942,Peri,Faltskog,pfaltskogq5@amazon.com,Female,$759738.57,1019448430,PP
943,Evanne,Crampin,ecrampinq6@bloglovin.com,Female,$855783.60,813316070,PP
944,Allyson,Desvignes,adesvignesq7@unicef.org,Female,$365877.48,859366291,CC
945,Livvyy,Oppie,loppieq8@so-net.ne.jp,Female,$323742.12,522317130,CC
946,Garik,Canto,gcantoq9@github.io,Male,$389847.06,307807209,IT
947,Dani,Bestwerthick,dbestwerthickqa@desdev.cn,Female,$238894.23,185845172,IT
948,Zonda,Nodin,znodinqb@last.fm,Female,$253925.36,128919085,CC
949,Blithe,Yewdale,byewdaleqc@dailymotion.com,Female,$140926.44,548837542,PP
950,Giacopo,Samett,gsamettqd@imdb.com,Male,$944318.85,581159282,IT
951,Mireille,Antognoni,mantognoniqe@independent.co.uk,Female,$873704.49,910922517,PP
952,Madelene,O'Spellissey,mospellisseyqf@prweb.com,Female,$632971.42,668285853,IT
953,Gonzalo,Habens,ghabensqg@skyrock.com,Male,$925714.14,389974037,IT
954,Bobbette,Tear,btearqh@wordpress.org,Female,$833024.36,795385330,CC
955,Warren,Medd,wmeddqi@1und1.de,Male,$653054.00,999424969,PP
956,Carver,Ruilton,cruiltonqj@live.com,Male,$155759.02,471643343,IT
957,Byrle,Micheu,bmicheuqk@reddit.com,Male,$768405.26,880137656,PP
958,Karolina,Coudray,kcoudrayql@hexun.com,Female,$588489.88,962763355,PP
959,Reggie,Mashro,rmashroqm@bigcartel.com,Female,$789704.82,265049453,PP
960,Vyky,Griswood,vgriswoodqn@ihg.com,Female,$408313.07,211653213,PP
961,Beatrix,Bartolic,bbartolicqo@ocn.ne.jp,Female,$235009.52,481830990,CC
962,Pauline,O'Fogerty,pofogertyqp@mlb.com,Female,$202922.66,499505421,PP
963,Cherye,Barlee,cbarleeqq@ezinearticles.com,Female,$579639.75,264560982,IT
964,Jayson,Silbermann,jsilbermannqr@unesco.org,Male,$524625.31,853961165,CC
965,Jessika,Baton,jbatonqs@shareasale.com,Female,$363383.50,244057717,PP
966,Lucio,Gurrado,lgurradoqt@washington.edu,Male,$785348.07,96570189,CC
967,Ricoriki,Stredwick,rstredwickqu@t-online.de,Male,$787236.24,227780714,PP
968,Leonidas,Inker,linkerqv@360.cn,Male,$644132.30,124447113,IT
969,Jared,Burl,jburlqw@aol.com,Male,$560856.97,915656807,CC
970,Nichols,Forte,nforteqx@topsy.com,Male,$645317.57,263416931,PP
971,Barbie,Gedling,bgedlingqy@paypal.com,Female,$432536.78,940426561,CC
972,Halimeda,Milberry,hmilberryqz@altervista.org,Female,$293658.61,768582708,PP
973,Tedmund,Offell,toffellr0@canalblog.com,Male,$365653.93,772050918,PP
974,Gabby,Bescoby,gbescobyr1@simplemachines.org,Male,$548169.06,206736904,IT
975,Dugald,Nias,dniasr2@narod.ru,Male,$112844.59,229452057,PP
976,Edlin,Chittey,echitteyr3@gravatar.com,Male,$242683.70,183606605,CC
977,Haley,Joskovitch,hjoskovitchr4@bravesites.com,Male,$763524.20,386317873,PP
978,Valentijn,Behnke,vbehnker5@xing.com,Male,$315787.84,136857639,IT
979,Madel,Godfray,mgodfrayr6@homestead.com,Female,$612581.09,332062224,PP
980,Cariotta,Bratten,cbrattenr7@typepad.com,Female,$346171.38,782578746,IT
981,Susanetta,Rieme,sriemer8@squarespace.com,Female,$248789.13,405538328,CC
982,Dunstan,McGeachey,dmcgeacheyr9@census.gov,Male,$864251.93,533540278,CC
983,Christean,Saylor,csaylorra@dmoz.org,Female,$769666.33,572578415,PP
984,Carol-jean,Cudd,ccuddrb@nytimes.com,Female,$827603.12,547064275,PP
985,Tedmund,Jepperson,tjeppersonrc@google.de,Male,$463261.19,845869689,PP
986,Shaylyn,Hanbridge,shanbridgerd@imdb.com,Female,$340014.41,466776206,CC
987,Valentine,Martensen,vmartensenre@paginegialle.it,Male,$569921.30,672907028,CC
988,Carroll,Gianilli,cgianillirf@icq.com,Female,$522093.53,617799804,PP
989,Hilarius,Sabbatier,hsabbatierrg@lycos.com,Male,$308276.12,309880144,CC
990,Garrard,Blake,gblakerh@phoca.cz,Male,$240716.83,1036855214,CC
991,Bourke,McGaugey,bmcgaugeyri@aol.com,Male,$228689.54,670670014,PP
992,Sasha,Ranklin,sranklinrj@sakura.ne.jp,Male,$613950.98,50211354,IT
993,Heidi,Crenage,hcrenagerk@tiny.cc,Female,$185574.32,426111632,PP
994,Blane,Browett,bbrowettrl@cdbaby.com,Male,$869866.11,946039284,CC
995,Dolf,Beneteau,dbeneteaurm@squidoo.com,Male,$239900.01,649380802,CC
996,Clarabelle,Zanicchelli,czanicchellirn@microsoft.com,Female,$159761.67,199461123,IT
997,Lela,Kigelman,lkigelmanro@geocities.com,Female,$792733.55,592418264,PP
998,Gretta,Markson,gmarksonrp@360.cn,Female,$127404.61,560913169,CC
999,Man,Tromans,mtromansrq@bbb.org,Male,$218288.58,750467558,PP
1000,Charley,Earthfield,cearthfieldrr@amazon.com,Male,$530939.57,665101609,CC
