id,nombre,apellido,email,genero,valor_tx,numero_identificacion,tipo_identificacion
1,Sim,Claypoole,sclaypoole0@google.es,Male,$387504.64,724718738,PP
2,Carlie,Cuxon,ccuxon1@loc.gov,Male,$150790.73,152931812,IT
3,Gray,Bierton,gbierton2@blog.com,Male,$479684.59,514480361,CC
4,Stern,Simonassi,ssimonassi3@diigo.com,Male,$598046.12,239448112,PP
5,Abeu,Harriot,aharriot4@google.com.hk,Male,$416122.71,61136024,CC
6,Carroll,Wolfe,cwolfe5@webnode.com,Male,$397994.44,708178536,CC
7,Filide,Geddis,fgeddis6@sourceforge.net,Female,$104429.59,400487029,PP
8,Mallory,Elliot,melliot7@youku.com,Male,$597122.24,298435585,PP
9,Trace,Beamand,tbeamand8@facebook.com,Male,$252778.63,1030336020,CC
10,Tania,Gyrgorwicx,tgyrgorwicx9@state.tx.us,Female,$576286.55,945688650,CC
11,Siana,Breton,sbretona@moonfruit.com,Female,$761532.05,673625529,IT
12,Donnamarie,Suttling,dsuttlingb@exblog.jp,Female,$220674.23,434794120,PP
13,Pauletta,Champkin,pchampkinc@acquirethisname.com,Female,$732965.42,87582746,IT
14,Odessa,O'Reilly,ooreillyd@posterous.com,Female,$915824.60,811965135,CC
15,Jacobo,Woodruff,jwoodruffe@freewebs.com,Male,$382995.54,345769123,PP
16,Keith,Durrant,kdurrantf@tinyurl.com,Male,$154871.18,854388614,CC
17,Sly,Lomansey,slomanseyg@ted.com,Male,$936998.24,507486427,PP
18,Cyndia,Toomey,ctoomeyh@mozilla.com,Female,$690245.58,728646631,PP
19,Veronika,Hazeltine,vhazeltinei@free.fr,Female,$322339.27,972658956,CC
20,Husein,Newbold,hnewboldj@who.int,Male,$395751.98,71344828,CC
21,Cheslie,Scryne,cscrynek@a8.net,Female,$643985.48,406514327,CC
22,Adeline,Marini,amarinil@va.gov,Female,$881726.37,751881995,CC
23,Warden,Buckwell,wbuckwellm@google.nl,Male,$666180.01,705180670,PP
24,Arlan,Alliberton,aallibertonn@histats.com,Male,$688716.18,790851784,IT
25,Lorianne,Veeler,lveelero@ebay.co.uk,Female,$105606.39,873251603,CC
26,Martguerita,Kynsey,mkynseyp@salon.com,Female,$552051.40,264312612,CC
27,Godiva,Conlaund,gconlaundq@umich.edu,Female,$936690.54,916165752,PP
28,Edward,Bridie,ebridier@cargocollective.com,Male,$343646.64,254046169,PP
29,Bordie,Huxter,bhuxters@cnn.com,Male,$342114.06,774466770,PP
30,Ambrosio,Sea,aseat@a8.net,Male,$636134.48,1031630334,CC
31,Albie,Perkis,aperkisu@elegantthemes.com,Male,$166856.93,1019245126,CC
32,Selby,Andrzejowski,sandrzejowskiv@cpanel.net,Male,$204539.22,1017296377,CC
33,Ellis,Crich,ecrichw@behance.net,Male,$512354.83,103552442,CC
34,Woodman,Lydiatt,wlydiattx@fotki.com,Male,$630381.77,908782900,PP
35,Shae,Cutridge,scutridgey@odnoklassniki.ru,Male,$778364.47,45294837,IT
36,Brade,Berrey,bberreyz@booking.com,Male,$867265.19,494341795,PP
37,Dud,Houtby,dhoutby10@toplist.cz,Male,$509227.35,149504253,CC
38,Odille,Jacombs,ojacombs11@histats.com,Female,$847450.88,665224179,IT
39,Chandler,Brambill,cbrambill12@cbc.ca,Male,$977097.84,889476690,PP
40,Agnella,Stepney,astepney13@ask.com,Female,$598069.48,954494388,CC
41,Harmonie,Cossell,hcossell14@photobucket.com,Female,$122682.97,683610358,IT
42,Nels,Leeds,nleeds15@zimbio.com,Male,$181162.07,1047394175,CC
43,Kelley,Somers,ksomers16@fc2.com,Female,$670870.39,480979107,CC
44,Henrik,Stilgo,hstilgo17@hud.gov,Male,$716301.49,1029956702,IT
45,Aubrette,Washington,awashington18@ask.com,Female,$264004.39,958096401,CC
46,Giselbert,Mereweather,gmereweather19@unblog.fr,Male,$458372.87,981271346,PP
47,Simonette,Aronson,saronson1a@is.gd,Female,$738016.10,305004954,PP
48,Fern,Castaneda,fcastaneda1b@linkedin.com,Female,$569942.27,539894635,PP
49,Ebba,Shimuk,eshimuk1c@abc.net.au,Female,$350218.82,228643007,PP
50,Garland,Ivins,givins1d@digg.com,Female,$962378.86,457994550,PP
51,Gawain,Baxstare,gbaxstare1e@list-manage.com,Male,$683873.18,38062752,CC
52,Basil,Seywood,bseywood1f@nba.com,Male,$200283.37,962829792,IT
53,Marja,Collin,mcollin1g@house.gov,Female,$356946.98,31759026,IT
54,Sharleen,Pelz,spelz1h@tuttocitta.it,Female,$217748.09,889400034,IT
55,Gregorio,Gansbuhler,ggansbuhler1i@squarespace.com,Male,$678668.66,104810405,CC
56,Taber,Kuzma,tkuzma1j@comcast.net,Male,$778360.05,723937600,IT
57,Currie,Hamp,champ1k@qq.com,Male,$271363.14,570698379,CC
58,Yorke,Gabbatiss,ygabbatiss1l@360.cn,Male,$432789.70,426258780,CC
59,Charyl,Lean,clean1m@marketwatch.com,Female,$436367.01,630649792,IT
60,Linda,Bragge,lbragge1n@wufoo.com,Female,$508225.33,288876970,CC
61,Rudolph,Oxley,roxley1o@yelp.com,Male,$599500.86,707718530,CC
62,Daron,Townby,dtownby1p@epa.gov,Male,$837633.21,999295744,CC
63,Jorie,Shale,jshale1q@pbs.org,Female,$827448.61,282602804,PP
64,Erv,Bolderstone,ebolderstone1r@cbsnews.com,Male,$474015.76,354732737,PP
65,Corty,Sanford,csanford1s@cafepress.com,Male,$964814.48,714462204,IT
66,Cristian,Daverin,cdaverin1t@homestead.com,Male,$572684.05,118203792,CC
67,Delora,Guly,dguly1u@infoseek.co.jp,Female,$172488.80,226512571,PP
68,Gunner,McMichael,gmcmichael1v@clickbank.net,Male,$381712.85,836676325,IT
69,Violet,Paszek,vpaszek1w@naver.com,Female,$224425.78,431508912,PP
70,Dolph,Wrankling,dwrankling1x@gmpg.org,Male,$578731.91,788752742,CC
71,Bendite,Perrin,bperrin1y@live.com,Female,$365520.94,807953975,IT
72,Arda,Beakes,abeakes1z@jiathis.com,Female,$242415.87,812303819,CC
73,Gail,Fobidge,gfobidge20@bing.com,Male,$799576.44,840443771,IT
74,Edsel,Beckensall,ebeckensall21@businessweek.com,Male,$308548.06,437847536,CC
75,Jone,Shelp,jshelp22@liveinternet.ru,Male,$448857.58,236200956,IT
76,Dame,Steabler,dsteabler23@skyrock.com,Male,$930630.36,575101414,PP
77,Kathy,Collimore,kcollimore24@umich.edu,Female,$353517.50,582686015,IT
78,Freddie,Gummary,fgummary25@timesonline.co.uk,Female,$139859.85,112028841,CC
79,Trix,Targetter,ttargetter26@mozilla.org,Female,$648884.20,762541849,CC
80,Ric,Feuell,rfeuell27@npr.org,Male,$214404.38,973703423,PP
81,Morlee,Godman,mgodman28@shutterfly.com,Male,$324254.08,166636830,CC
82,Kerwinn,Lafontaine,klafontaine29@nyu.edu,Male,$226300.31,642840144,PP
83,Tasia,Wedlock,twedlock2a@artisteer.com,Female,$799909.91,840406248,IT
84,Ely,Dufaire,edufaire2b@cbslocal.com,Male,$720275.90,846928545,CC
85,Erin,Aaronson,eaaronson2c@rambler.ru,Male,$392593.20,41845703,PP
86,Justus,Tatem,jtatem2d@geocities.jp,Male,$265963.51,878444253,IT
87,Woodman,Elbourn,welbourn2e@springer.com,Male,$888518.49,928397140,PP
88,Rutter,Averay,raveray2f@addthis.com,Male,$681741.83,792833040,CC
89,Timofei,Bottby,tbottby2g@ocn.ne.jp,Male,$520907.06,35345815,PP
90,Lory,Fruen,lfruen2h@google.com.br,Female,$383597.86,538973282,IT
91,Zebedee,Gallehawk,zgallehawk2i@sina.com.cn,Male,$258211.95,795394982,PP
92,Tate,Mackriell,tmackriell2j@foxnews.com,Male,$719128.69,682904178,PP
93,Moira,Simson,msimson2k@bbc.co.uk,Female,$760351.40,67487367,IT
94,Tabatha,Robey,trobey2l@addtoany.com,Female,$958384.10,333628402,IT
95,Pammy,Relton,prelton2m@unicef.org,Female,$113309.03,920280343,PP
96,Dix,Faulkner,dfaulkner2n@eventbrite.com,Female,$977369.73,263325647,IT
97,Pierce,Grunbaum,pgrunbaum2o@elegantthemes.com,Male,$456668.96,939785770,IT
98,Nikaniki,Dancer,ndancer2p@fc2.com,Female,$859822.95,56939104,PP
99,Sofia,Hinkens,shinkens2q@wunderground.com,Female,$924799.23,637967307,PP
100,Adolphus,Yokelman,ayokelman2r@booking.com,Male,$891281.64,499943762,CC
101,Becky,Hails,bhails2s@bbb.org,Female,$814096.68,915119168,PP
102,Kassandra,Fraine,kfraine2t@gmpg.org,Female,$442580.44,154249360,IT
103,Immanuel,Croome,icroome2u@vistaprint.com,Male,$827474.56,526775178,CC
104,Harwell,Ruberry,hruberry2v@statcounter.com,Male,$647087.47,845170724,CC
105,Town,Alloway,talloway2w@ow.ly,Male,$605835.89,409648547,IT
106,Bronnie,Aggio,baggio2x@mlb.com,Male,$927016.88,225227482,CC
107,Stefano,Barrett,sbarrett2y@google.de,Male,$790484.65,208488867,CC
108,Lanny,Cereceres,lcereceres2z@wiley.com,Female,$929557.44,917787927,CC
109,Malynda,Nairne,mnairne30@ycombinator.com,Female,$498993.48,418718880,CC
110,Delainey,Cawte,dcawte31@sogou.com,Male,$840090.70,110808132,IT
111,Nettie,Varlow,nvarlow32@washington.edu,Female,$751666.34,673724939,CC
112,Ximenes,Caughtry,xcaughtry33@ox.ac.uk,Male,$939479.89,996458755,PP
113,Mufinella,Arlidge,marlidge34@si.edu,Female,$983266.60,844604451,PP
114,Vernon,Lethardy,vlethardy35@shutterfly.com,Male,$618425.27,171725820,IT
115,Lyda,Hince,lhince36@myspace.com,Female,$862208.56,781769672,PP
116,Mel,Brookbank,mbrookbank37@wp.com,Male,$491102.39,992815720,PP
117,Erv,Naulls,enaulls38@reddit.com,Male,$465172.90,270952344,CC
118,Allan,Gooding,agooding39@bigcartel.com,Male,$912870.17,500448201,CC
119,Alyce,Chamberlaine,achamberlaine3a@sphinn.com,Female,$685435.76,134878445,IT
120,Hiram,Coll,hcoll3b@ftc.gov,Male,$103649.81,223773034,CC
121,Star,de Keep,sdekeep3c@linkedin.com,Female,$769310.22,484332511,PP
122,Burch,Keilty,bkeilty3d@slideshare.net,Male,$333596.78,684127371,CC
123,Abagail,Spoward,aspoward3e@webmd.com,Female,$821322.65,542379149,PP
124,Eulalie,Brainsby,ebrainsby3f@tumblr.com,Female,$752098.70,892643239,CC
125,Miner,Yendle,myendle3g@unesco.org,Male,$703867.96,796372610,PP
126,Cynde,Bartram,cbartram3h@merriam-webster.com,Female,$425970.54,791576928,PP
127,Ernst,Bartak,ebartak3i@chronoengine.com,Male,$819054.39,434314508,IT
128,Gale,Woodhouse,gwoodhouse3j@amazon.co.uk,Female,$970011.78,491320326,CC
129,Dirk,Bugge,dbugge3k@hc360.com,Male,$679758.39,409164925,CC
130,Celene,Jedrzejewski,cjedrzejewski3l@nyu.edu,Female,$412552.55,781108975,CC
131,Merna,Itscowics,mitscowics3m@bizjournals.com,Female,$886229.68,1026246149,PP
132,Kliment,Gierok,kgierok3n@icq.com,Male,$250588.15,583752042,PP
133,Shell,Sabie,ssabie3o@cnet.com,Male,$988965.86,300152047,IT
134,Dareen,Dunlop,ddunlop3p@buzzfeed.com,Female,$195927.26,664167419,PP
135,Tarra,Mullender,tmullender3q@cloudflare.com,Female,$484921.15,551820000,IT
136,Darcie,Springett,dspringett3r@wordpress.org,Female,$920838.63,79726840,IT
137,Val,Coo,vcoo3s@xrea.com,Male,$542401.29,405993101,CC
138,Ives,Prichet,iprichet3t@phoca.cz,Male,$359116.56,990551452,IT
139,Gianna,Van den Broek,gvandenbroek3u@weibo.com,Female,$633554.32,150668388,CC
140,Jen,Nuemann,jnuemann3v@state.tx.us,Female,$328686.29,967441610,PP
141,Tirrell,Kinkade,tkinkade3w@fastcompany.com,Male,$428778.77,651083095,IT
142,Marketa,Dulieu,mdulieu3x@bigcartel.com,Female,$950965.24,1009833586,IT
143,Sayer,Affleck,saffleck3y@webnode.com,Male,$871234.96,36715530,PP
144,Bonita,Rathmell,brathmell3z@google.com.br,Female,$194541.43,144411956,PP
145,Stanislaw,McDonell,smcdonell40@narod.ru,Male,$178523.43,934331396,PP
146,Andriette,Btham,abtham41@google.nl,Female,$546094.87,885503917,CC
147,Kippie,Reiners,kreiners42@state.tx.us,Male,$274568.51,760444899,IT
148,Gavan,Eady,geady43@youtu.be,Male,$545895.67,27776809,PP
149,Marion,Abbate,mabbate44@biblegateway.com,Male,$943294.39,678548176,PP
150,Colver,Gonzalvo,cgonzalvo45@example.com,Male,$253798.33,41046753,PP
151,Lou,Chaucer,lchaucer46@shareasale.com,Male,$917681.64,918280893,CC
152,Eadmund,Cestard,ecestard47@auda.org.au,Male,$456115.46,484448780,PP
153,Lolita,Mandy,lmandy48@usatoday.com,Female,$209823.74,159351771,CC
154,Berrie,Bamling,bbamling49@comcast.net,Female,$454546.20,319829233,IT
155,Greg,Hartup,ghartup4a@myspace.com,Male,$469545.11,729976178,PP
156,Sonia,Howse,showse4b@wired.com,Female,$667443.67,383844051,CC
157,Pamelina,Chumley,pchumley4c@flavors.me,Female,$859410.14,138634732,PP
158,Bevon,Sharpling,bsharpling4d@google.ru,Male,$261311.17,424881847,PP
159,Davin,Tampion,dtampion4e@prweb.com,Male,$522571.13,414238974,IT
160,Goober,Wardley,gwardley4f@miitbeian.gov.cn,Male,$162889.13,159977078,PP
161,Jeni,Wharmby,jwharmby4g@aboutads.info,Female,$785447.25,558543277,PP
162,Clark,McClenaghan,cmcclenaghan4h@parallels.com,Male,$862388.17,624955518,PP
163,Rheta,Sipson,rsipson4i@ifeng.com,Female,$141302.91,323064602,PP
164,Keelia,Weiner,kweiner4j@ning.com,Female,$251601.25,658176279,IT
165,Joellen,Nicklin,jnicklin4k@wisc.edu,Female,$740821.58,11634295,IT
166,Saundra,Ambridge,sambridge4l@istockphoto.com,Female,$431401.83,1048053571,CC
167,Trumann,Bazoche,tbazoche4m@businessweek.com,Male,$681630.74,794054381,IT
168,Darcy,Hallowes,dhallowes4n@wunderground.com,Female,$131660.94,833259897,CC
169,Lanita,Mitchinson,lmitchinson4o@flickr.com,Female,$771752.11,999879148,IT
170,Jacquie,Nussii,jnussii4p@msn.com,Female,$704645.18,376087021,IT
171,Antonetta,Greatbank,agreatbank4q@examiner.com,Female,$156292.20,619600136,CC
172,Marsh,Jahncke,mjahncke4r@123-reg.co.uk,Male,$160740.05,149423508,IT
173,Melina,Jesse,mjesse4s@yandex.ru,Female,$972290.82,963894335,IT
174,George,Sizey,gsizey4t@globo.com,Male,$196202.56,488672827,PP
175,Gillan,Dumphry,gdumphry4u@businesswire.com,Female,$357122.14,646031871,PP
176,Uriel,Hawthorn,uhawthorn4v@sfgate.com,Male,$113437.20,964210557,PP
177,Lurleen,Danielian,ldanielian4w@vkontakte.ru,Female,$784342.58,307379719,PP
178,Jolynn,Trustram,jtrustram4x@mtv.com,Female,$495541.59,817700014,IT
179,Goldia,Jellico,gjellico4y@123-reg.co.uk,Female,$949198.41,29515456,CC
180,Ransell,Beaston,rbeaston4z@tumblr.com,Male,$362684.22,360300403,PP
181,Ned,Durman,ndurman50@cnn.com,Male,$503870.73,262314926,CC
182,Damon,Benne,dbenne51@wp.com,Male,$339208.02,649594139,PP
183,Marci,Stiffkins,mstiffkins52@plala.or.jp,Female,$217891.39,843033054,CC
184,Cornelius,Janman,cjanman53@prnewswire.com,Male,$219018.48,265933902,PP
185,Gwenore,Beamson,gbeamson54@mayoclinic.com,Female,$535104.32,950143135,PP
186,Janetta,Fenge,jfenge55@wired.com,Female,$583682.12,720920681,IT
187,Susie,Briance,sbriance56@ask.com,Female,$374121.41,72960869,CC
188,Curtice,Clara,cclara57@smh.com.au,Male,$566423.49,570538956,IT
189,Mackenzie,Rix,mrix58@deviantart.com,Male,$734770.97,267172815,IT
190,Major,Bortolussi,mbortolussi59@nature.com,Male,$566662.90,322443318,PP
191,Merrel,Welchman,mwelchman5a@google.com.br,Male,$610802.27,804388081,CC
192,Emalia,Hansmann,ehansmann5b@blogtalkradio.com,Female,$318284.33,446593227,PP
193,Marybeth,Noore,mnoore5c@state.tx.us,Female,$218602.41,131329167,CC
194,Orly,Scading,oscading5d@drupal.org,Female,$367185.93,355102810,PP
195,Bennie,Boughey,bboughey5e@chicagotribune.com,Female,$598323.40,170403449,IT
196,Creigh,Janaway,cjanaway5f@angelfire.com,Male,$284898.97,954710086,IT
197,Vincenz,Huws,vhuws5g@unesco.org,Male,$327155.97,878785821,IT
198,Guillemette,Cappel,gcappel5h@printfriendly.com,Female,$156237.77,809996137,CC
199,Gaspard,Bane,gbane5i@amazon.co.jp,Male,$235073.53,262738825,PP
200,Jackelyn,Prodrick,jprodrick5j@springer.com,Female,$239871.48,944029768,PP
201,Denice,Mandry,dmandry5k@dot.gov,Female,$945609.40,336550222,IT
202,Ximenez,McGuiness,xmcguiness5l@jalbum.net,Male,$459610.33,509511987,IT
203,Giuseppe,Rydings,grydings5m@timesonline.co.uk,Male,$817974.66,188540880,CC
204,Alexio,Charlon,acharlon5n@livejournal.com,Male,$485824.43,949999011,IT
205,Electra,Jankiewicz,ejankiewicz5o@unesco.org,Female,$170609.59,722601596,IT
206,Gray,Webland,gwebland5p@ebay.co.uk,Male,$726247.97,1017764589,IT
207,Codi,Lorrie,clorrie5q@google.de,Male,$707590.23,719593491,CC
208,Buffy,Hathway,bhathway5r@google.com,Female,$351193.66,718763642,CC
209,Spencer,Tourner,stourner5s@ehow.com,Male,$894295.09,446407341,PP
210,Dorthea,Muschette,dmuschette5t@dropbox.com,Female,$713456.79,582122765,CC
211,Anthia,Basford,abasford5u@printfriendly.com,Female,$766462.51,987484820,PP
212,Sophie,Dykas,sdykas5v@ask.com,Female,$501368.47,137669591,IT
213,Nickolai,Unstead,nunstead5w@omniture.com,Male,$803001.11,510905823,PP
214,Josiah,De Freyne,jdefreyne5x@hexun.com,Male,$941076.36,584422461,IT
215,Maire,Baumford,mbaumford5y@cloudflare.com,Female,$819608.00,958810025,CC
216,Opal,Birbeck,obirbeck5z@engadget.com,Female,$882843.65,1027789710,PP
217,Franky,Jess,fjess60@cbsnews.com,Female,$428470.09,987637504,IT
218,Katey,Beamont,kbeamont61@tripadvisor.com,Female,$344344.03,1043173052,IT
219,Harmonia,Satyford,hsatyford62@amazon.co.uk,Female,$207078.32,755499726,CC
220,Cornie,O'Donohue,codonohue63@mediafire.com,Female,$437729.35,949455374,IT
221,Gert,Lerigo,glerigo64@bloglines.com,Female,$196096.58,78000826,PP
222,Forester,Pidduck,fpidduck65@hp.com,Male,$216747.20,152108086,PP
223,Fonsie,Hargie,fhargie66@twitpic.com,Male,$339704.47,299058137,CC
224,Maurice,Portail,mportail67@elpais.com,Male,$700947.86,517417972,IT
225,Marcos,Titterrell,mtitterrell68@ow.ly,Male,$767420.24,1045896805,PP
226,Obadiah,Pumphrey,opumphrey69@com.com,Male,$890849.35,178623319,CC
227,Jacenta,Larmour,jlarmour6a@hostgator.com,Female,$501283.68,453761105,IT
228,Donnie,Antunes,dantunes6b@wufoo.com,Male,$288999.79,612483551,CC
229,Gene,Devin,gdevin6c@google.es,Male,$414860.70,309284265,PP
230,Arvy,Rayman,arayman6d@123-reg.co.uk,Male,$285624.29,744114614,CC
231,Dorelia,Hegley,dhegley6e@scribd.com,Female,$304580.31,387703993,PP
232,Giulio,Flanigan,gflanigan6f@netvibes.com,Male,$698247.93,232547064,PP
233,Avie,Boor,aboor6g@merriam-webster.com,Female,$707230.45,970888028,IT
234,Hilario,Huntress,hhuntress6h@mayoclinic.com,Male,$470462.92,822192856,CC
235,Lennard,Backwell,lbackwell6i@economist.com,Male,$434280.82,277902305,CC
236,Charlton,Gerrit,cgerrit6j@theglobeandmail.com,Male,$868716.81,940263514,IT
237,Rollin,Labell,rlabell6k@wp.com,Male,$977983.69,981606619,CC
238,Silvan,Warr,swarr6l@usatoday.com,Male,$810525.63,931839771,CC
239,Phillipe,Jonas,pjonas6m@vk.com,Male,$907295.83,113644920,CC
240,Humbert,Praundlin,hpraundlin6n@instagram.com,Male,$694895.87,329919361,CC
241,Anni,Satyford,asatyford6o@wisc.edu,Female,$708074.26,221217752,PP
242,Fey,Radbourn,fradbourn6p@archive.org,Female,$717360.36,403828842,PP
243,Keane,Aspole,kaspole6q@cargocollective.com,Male,$405008.66,983473971,PP
244,Shaina,Jedrachowicz,sjedrachowicz6r@phoca.cz,Female,$142280.13,975088766,CC
245,Zara,Broodes,zbroodes6s@ifeng.com,Female,$628954.83,789134125,PP
246,Kendal,Giacometti,kgiacometti6t@forbes.com,Male,$804674.69,462259044,PP
247,Dav,Sulman,dsulman6u@wisc.edu,Male,$997412.04,958641790,PP
248,Gloriana,McFee,gmcfee6v@nsw.gov.au,Female,$673394.54,689927570,CC
249,Carney,Staniford,cstaniford6w@technorati.com,Male,$820267.96,160286595,CC
250,Roxanna,Gilford,rgilford6x@weibo.com,Female,$768221.40,70456222,IT
251,Brooke,O'Tierney,botierney6y@elpais.com,Male,$718674.09,70907286,IT
252,Melvyn,Bubbings,mbubbings6z@sina.com.cn,Male,$635717.96,617897416,PP
253,Ambrosius,Ablewhite,aablewhite70@odnoklassniki.ru,Male,$620193.05,33138998,CC
254,Elka,McCormick,emccormick71@digg.com,Female,$668364.25,913854713,IT
255,Herrick,Pywell,hpywell72@infoseek.co.jp,Male,$136629.14,724292539,IT
256,Cherilyn,Archibould,carchibould73@china.com.cn,Female,$117851.06,844547378,IT
257,Nessa,Cutill,ncutill74@biblegateway.com,Female,$875943.09,962656856,IT
258,Burk,Hutchence,bhutchence75@symantec.com,Male,$857857.70,417061853,CC
259,Sisile,Legen,slegen76@mit.edu,Female,$345880.45,183678125,PP
260,Cecilia,Slevin,cslevin77@biblegateway.com,Female,$613741.87,997979332,IT
261,Gelya,Shoebrook,gshoebrook78@techcrunch.com,Female,$568473.08,711660809,IT
262,Pamella,Olyet,polyet79@smugmug.com,Female,$919310.62,503837303,CC
263,Curran,Matskiv,cmatskiv7a@eventbrite.com,Male,$680167.54,802469683,CC
264,Tessie,Bransden,tbransden7b@noaa.gov,Female,$587871.78,141453453,CC
265,Larry,Rudall,lrudall7c@macromedia.com,Male,$462782.87,462862957,PP
266,Torrance,Screaton,tscreaton7d@mit.edu,Male,$876482.64,141629494,IT
267,Sarina,Slograve,sslograve7e@over-blog.com,Female,$920357.13,559501914,PP
268,Vickie,Purdon,vpurdon7f@digg.com,Female,$550386.01,309098917,CC
269,Othilie,Lording,olording7g@g.co,Female,$830671.02,512078579,PP
270,Merry,Rablan,mrablan7h@blogspot.com,Male,$933740.13,540620097,CC
271,Myrtia,Messager,mmessager7i@mail.ru,Female,$452057.32,151427992,CC
272,Victor,Wagon,vwagon7j@samsung.com,Male,$303268.39,278071363,PP
273,Granger,Demetr,gdemetr7k@qq.com,Male,$732910.72,115980134,IT
274,Cordelia,Petrie,cpetrie7l@whitehouse.gov,Female,$766716.69,1014612095,CC
275,Marylin,Eatherton,meatherton7m@soundcloud.com,Female,$319485.34,925569660,IT
276,Rafaelia,Grigoliis,rgrigoliis7n@bizjournals.com,Female,$399700.77,242529211,PP
277,Jarrid,Jeens,jjeens7o@amazon.com,Male,$739158.82,159702926,IT
278,Yulma,Attenbrow,yattenbrow7p@mit.edu,Male,$862616.26,544526938,CC
279,Marcelo,Swadling,mswadling7q@imdb.com,Male,$484109.51,516848838,CC
280,Fleming,Klimkovich,fklimkovich7r@oakley.com,Male,$623220.04,187431746,IT
281,Blane,Goozee,bgoozee7s@pen.io,Male,$160806.39,680366899,PP
282,Quintus,Seefus,qseefus7t@ibm.com,Male,$280217.49,632986696,PP
283,Sal,Frotton,sfrotton7u@shareasale.com,Female,$570911.07,968609022,IT
284,Annmaria,Brampton,abrampton7v@hubpages.com,Female,$371876.86,655458014,PP
285,Ara,Simonato,asimonato7w@github.io,Male,$635423.91,833250536,PP
286,Beverley,Haime,bhaime7x@clickbank.net,Female,$848724.20,689067149,PP
287,Meggie,Airlie,mairlie7y@flavors.me,Female,$389337.67,130180183,IT
288,Jere,De Launde,jdelaunde7z@51.la,Male,$280992.46,388363897,IT
289,Bendicty,Jindrak,bjindrak80@digg.com,Male,$470170.90,140083782,IT
290,Sydel,Thwaite,sthwaite81@123-reg.co.uk,Female,$215513.20,800238504,PP
291,Bret,Bunson,bbunson82@kickstarter.com,Male,$379986.12,321684830,PP
292,Gypsy,Dobbie,gdobbie83@ustream.tv,Female,$656591.33,758462252,PP
293,Clea,Chatell,cchatell84@comsenz.com,Female,$122920.30,510678352,CC
294,Happy,Standing,hstanding85@umn.edu,Female,$902702.34,157159411,CC
295,Timmie,Connock,tconnock86@a8.net,Male,$680115.86,958663652,PP
296,Kassie,Hefferan,khefferan87@omniture.com,Female,$947701.83,778643928,IT
297,Mamie,Skill,mskill88@google.it,Female,$672045.45,874696315,PP
298,Lucine,Curston,lcurston89@reverbnation.com,Female,$620160.96,716824094,CC
299,Duncan,Mawer,dmawer8a@disqus.com,Male,$313637.44,968394985,PP
300,Buck,Mayers,bmayers8b@51.la,Male,$158409.59,168411959,CC
301,Robbin,Penniall,rpenniall8c@lulu.com,Female,$240976.05,161175462,PP
302,Esmeralda,Routley,eroutley8d@webs.com,Female,$458795.19,337379710,PP
303,Anderson,Macallam,amacallam8e@diigo.com,Male,$783509.03,941282223,CC
304,Loreen,Prayer,lprayer8f@geocities.com,Female,$356490.94,276805778,CC
305,See,Eagleston,seagleston8g@ehow.com,Male,$414967.16,597652097,CC
306,Netti,Copper,ncopper8h@topsy.com,Female,$853363.72,579293022,CC
307,Kaile,Bark,kbark8i@engadget.com,Female,$803739.50,417898168,IT
308,Ermin,Diglin,ediglin8j@blogs.com,Male,$619898.74,75683333,CC
309,Christophe,Leer,cleer8k@rambler.ru,Male,$663356.99,233662389,CC
310,Esdras,Armytage,earmytage8l@istockphoto.com,Male,$560302.34,294829277,PP
311,Gilberto,Caldeiro,gcaldeiro8m@360.cn,Male,$912008.88,1047736228,IT
312,Jerrilee,Fricke,jfricke8n@ucoz.ru,Female,$694472.51,937858493,CC
313,Neill,Cossell,ncossell8o@princeton.edu,Male,$884756.98,348701639,CC
314,Ric,Deeming,rdeeming8p@t-online.de,Male,$693763.67,414287124,CC
315,Celisse,de Cullip,cdecullip8q@odnoklassniki.ru,Female,$724512.99,978314549,CC
316,Ginger,Savatier,gsavatier8r@naver.com,Male,$228117.52,1032478075,IT
317,Zena,Darrow,zdarrow8s@abc.net.au,Female,$646303.40,641614683,PP
318,Sandy,Sambles,ssambles8t@gravatar.com,Male,$227960.80,778796388,CC
319,Tucker,Ridding,tridding8u@so-net.ne.jp,Male,$534537.91,844349036,CC
320,Tabbie,Batthew,tbatthew8v@businessinsider.com,Male,$841967.79,261944960,PP
321,Virge,Millwall,vmillwall8w@ustream.tv,Male,$509169.34,1000392715,PP
322,Mirna,Brodeur,mbrodeur8x@facebook.com,Female,$460079.83,10462969,CC
323,Lotte,Terrett,lterrett8y@huffingtonpost.com,Female,$318513.23,205983323,PP
324,Freda,Wilfinger,fwilfinger8z@example.com,Female,$160709.02,985928000,CC
325,Sophie,Gerleit,sgerleit90@cam.ac.uk,Female,$630316.14,304863961,CC
326,Noel,Taylour,ntaylour91@mozilla.org,Male,$696487.41,287180541,IT
327,Devonna,Wallas,dwallas92@redcross.org,Female,$966415.02,979137936,CC
328,Edik,Espino,eespino93@chronoengine.com,Male,$507872.01,738309879,PP
329,Yehudi,Gribbins,ygribbins94@lulu.com,Male,$578223.42,781138407,PP
330,Pattin,Basten,pbasten95@bloglovin.com,Male,$680194.50,11068169,IT
331,Annamaria,Myers,amyers96@dmoz.org,Female,$753721.92,912283632,IT
332,Fergus,Choat,fchoat97@wiley.com,Male,$311777.69,1049543672,CC
333,Gabriell,Hatchman,ghatchman98@bravesites.com,Female,$380363.68,406915820,CC
334,Marie,Batalini,mbatalini99@google.it,Female,$982745.07,323144506,CC
335,Bard,O'Dowd,bodowd9a@google.de,Male,$589623.94,202678005,CC
336,Cullin,Ginglell,cginglell9b@wisc.edu,Male,$230356.64,688344903,CC
337,Delano,Lovel,dlovel9c@flavors.me,Male,$308515.13,795949603,PP
338,Northrup,Gerbl,ngerbl9d@plala.or.jp,Male,$993001.60,273613596,CC
339,Matthew,Brunt,mbrunt9e@mysql.com,Male,$812455.57,323753091,CC
340,Gherardo,Libermore,glibermore9f@redcross.org,Male,$237252.57,178891262,IT
341,Reube,Kapiloff,rkapiloff9g@java.com,Male,$832337.93,518237172,IT
342,Klement,Iannelli,kiannelli9h@hubpages.com,Male,$821591.06,258226727,IT
343,Curcio,Crumby,ccrumby9i@prnewswire.com,Male,$553092.39,230869967,PP
344,Paola,Partleton,ppartleton9j@arstechnica.com,Female,$407040.99,563052612,IT
345,Claudelle,Halmkin,chalmkin9k@163.com,Female,$465922.95,103645135,CC
346,Zach,Ahlin,zahlin9l@printfriendly.com,Male,$653838.39,162025953,IT
347,Abagael,Pavolillo,apavolillo9m@sina.com.cn,Female,$438730.71,776344503,IT
348,Casey,Storms,cstorms9n@rakuten.co.jp,Male,$819767.96,340496729,CC
349,Scarface,Roux,sroux9o@symantec.com,Male,$682366.75,87760172,CC
350,Susanna,Easlea,seaslea9p@amazon.de,Female,$900855.05,376831702,IT
351,Caroline,Trench,ctrench9q@go.com,Female,$783007.41,987776939,IT
352,Somerset,MacCoughan,smaccoughan9r@chron.com,Male,$706224.98,820098658,CC
353,Annecorinne,Purkess,apurkess9s@rakuten.co.jp,Female,$670864.52,848256393,CC
354,Cyb,Potes,cpotes9t@t.co,Female,$291131.67,867239894,PP
355,Adah,Pirrie,apirrie9u@fema.gov,Female,$537811.77,387405016,PP
356,Vanessa,Bovaird,vbovaird9v@themeforest.net,Female,$451570.86,931848975,CC
357,Torrie,Krolak,tkrolak9w@biblegateway.com,Female,$332483.23,102432964,CC
358,Lavena,Hamly,lhamly9x@marketwatch.com,Female,$962616.37,581056078,PP
359,Antin,Gonnely,agonnely9y@imageshack.us,Male,$118162.12,782510801,CC
360,Isaak,Mc Ilwrick,imcilwrick9z@fastcompany.com,Male,$382537.19,78114222,IT
361,Giovanni,Borgnol,gborgnola0@ycombinator.com,Male,$326980.93,791716760,PP
362,Ardra,Giller,agillera1@google.nl,Female,$377028.21,62558792,IT
363,Sallie,Syson,ssysona2@barnesandnoble.com,Female,$674222.25,227367043,IT
364,Aubrie,Goney,agoneya3@tripadvisor.com,Female,$308554.53,194329011,PP
365,Oswald,Whaymand,owhaymanda4@yale.edu,Male,$834807.34,580870576,PP
366,Lalo,Tredinnick,ltredinnicka5@nifty.com,Male,$302912.09,553933710,CC
367,Bobbee,Giacopazzi,bgiacopazzia6@illinois.edu,Female,$737790.26,550400775,IT
368,Lincoln,McLuckie,lmcluckiea7@wordpress.com,Male,$538027.97,812460760,PP
369,Vassili,Sturge,vsturgea8@barnesandnoble.com,Male,$456841.44,754880356,CC
370,Lynn,Winsiowiecki,lwinsiowieckia9@vimeo.com,Male,$412251.82,158484344,IT
371,Jay,Petrik,jpetrikaa@washington.edu,Male,$869123.34,295759272,PP
372,Henryetta,Blue,hblueab@jigsy.com,Female,$696994.51,490518077,PP
373,Farrell,Hyder,fhyderac@cdc.gov,Male,$483766.76,439981949,IT
374,Aileen,Gaynesford,agaynesfordad@printfriendly.com,Female,$540410.67,648295098,CC
375,Kele,Janosevic,kjanosevicae@shinystat.com,Male,$438120.72,511483016,PP
376,Carena,Crummy,ccrummyaf@amazon.co.uk,Female,$887828.56,393964919,IT
377,Christie,Leyes,cleyesag@4shared.com,Female,$680826.84,446931647,PP
378,Hardy,Bulteel,hbulteelah@symantec.com,Male,$952039.84,36763059,PP
379,Kate,Holberry,kholberryai@51.la,Female,$704284.85,398875743,CC
380,Tristam,Skayman,tskaymanaj@nbcnews.com,Male,$651770.81,1049000054,PP
381,Tobi,Claire,tclaireak@miibeian.gov.cn,Female,$105925.26,831701747,CC
382,Elke,Benech,ebenechal@huffingtonpost.com,Female,$594767.77,785688158,PP
383,Gerald,Iacovone,giacovoneam@myspace.com,Male,$346588.31,13360865,IT
384,Florance,Herreran,fherreranan@japanpost.jp,Female,$373095.72,841243817,CC
385,Tabor,Thompstone,tthompstoneao@cloudflare.com,Male,$129935.86,289205528,IT
386,Ebony,Willis,ewillisap@biglobe.ne.jp,Female,$930198.42,635577173,CC
387,Maighdiln,Lanphere,mlanphereaq@deviantart.com,Female,$783546.95,976641201,CC
388,Darin,Grand,dgrandar@google.cn,Male,$763810.36,699752417,PP
389,Andre,Brake,abrakeas@jiathis.com,Male,$386356.63,649445037,CC
390,Filippa,Pillifant,fpillifantat@discuz.net,Female,$741893.58,224771468,PP
391,Feliza,Towe,ftoweau@rakuten.co.jp,Female,$866128.47,880197691,PP
392,Cross,Moyer,cmoyerav@geocities.com,Male,$817066.60,148487379,IT
393,Dollie,Puddephatt,dpuddephattaw@soundcloud.com,Female,$494904.64,241205019,CC
394,Mandie,Venable,mvenableax@ning.com,Female,$880755.18,222302083,CC
395,Kleon,Currington,kcurringtonay@bing.com,Male,$913991.58,817829030,PP
396,Denys,Sanger,dsangeraz@gov.uk,Female,$709661.50,128644251,CC
397,Creighton,Eakins,ceakinsb0@yellowpages.com,Male,$632986.14,627698203,PP
398,Laverne,MacLucais,lmaclucaisb1@hhs.gov,Female,$767042.52,221776612,PP
399,Egbert,Smeeth,esmeethb2@sciencedaily.com,Male,$308431.23,1015137664,IT
400,Shandie,Seivwright,sseivwrightb3@omniture.com,Female,$998725.87,186879865,CC
401,Leland,Gianolini,lgianolinib4@theglobeandmail.com,Male,$251406.29,234837453,PP
402,Josefina,Gales,jgalesb5@java.com,Female,$521360.61,108602912,CC
403,Merola,Demare,mdemareb6@vimeo.com,Female,$783469.27,722554866,PP
404,Harmony,Bewly,hbewlyb7@etsy.com,Female,$397542.05,729768235,CC
405,Anett,Gibling,agiblingb8@freewebs.com,Female,$430286.44,54663737,CC
406,Mehetabel,Marshalleck,mmarshalleckb9@theguardian.com,Female,$649078.78,208113604,PP
407,Cindee,Swetmore,cswetmoreba@edublogs.org,Female,$663493.75,746307913,IT
408,Ariela,Yarmouth,ayarmouthbb@skype.com,Female,$678096.76,859798661,CC
409,Sandi,Slay,sslaybc@earthlink.net,Female,$154559.13,75978415,IT
410,Garv,Bafford,gbaffordbd@comsenz.com,Male,$568602.46,353081609,PP
411,Tibold,Oger,togerbe@amazon.co.jp,Male,$800873.96,612550625,PP
412,Mickie,Chetwind,mchetwindbf@fastcompany.com,Female,$556660.09,157796412,PP
413,Leticia,Driussi,ldriussibg@nyu.edu,Female,$787962.55,650233969,PP
414,Corbet,Kibard,ckibardbh@csmonitor.com,Male,$269301.33,969065625,CC
415,Mose,Pickover,mpickoverbi@google.co.uk,Male,$704739.25,450185753,PP
416,Lynna,Gerin,lgerinbj@quantcast.com,Female,$335940.21,693851553,IT
417,Aldo,Heed,aheedbk@mozilla.com,Male,$952110.53,159506132,CC
418,Judith,Vallance,jvallancebl@eepurl.com,Female,$854240.59,422859216,PP
419,Huntley,Kopps,hkoppsbm@apple.com,Male,$780293.71,130078269,IT
420,Myranda,Kirsopp,mkirsoppbn@ed.gov,Female,$231332.48,338924669,IT
421,Stafani,Staff,sstaffbo@businesswire.com,Female,$202807.71,292694751,IT
422,Willamina,Dunks,wdunksbp@posterous.com,Female,$307027.93,311392888,IT
423,Kilian,Jeune,kjeunebq@hud.gov,Male,$199600.33,391113142,IT
424,Austin,Beers,abeersbr@opera.com,Male,$264860.75,22347815,CC
425,Sofia,Britzius,sbritziusbs@yellowpages.com,Female,$927996.19,277344441,PP
426,Gardiner,Infante,ginfantebt@altervista.org,Male,$284464.25,314216789,IT
427,Andie,Lorkins,alorkinsbu@ed.gov,Female,$762914.06,506875054,IT
428,Avigdor,Kunrad,akunradbv@nymag.com,Male,$703831.27,239236250,PP
429,Marleen,Dibdall,mdibdallbw@last.fm,Female,$607601.17,99107508,PP
430,Charissa,Ivasyushkin,civasyushkinbx@engadget.com,Female,$877169.20,642153610,CC
431,Miner,Shilstone,mshilstoneby@nsw.gov.au,Male,$464152.35,857685333,CC
432,Shelagh,McCarrell,smccarrellbz@soundcloud.com,Female,$421333.78,878687586,CC
433,Samuel,Cooper,scooperc0@disqus.com,Male,$159068.53,1006945436,CC
434,Kiel,Murkitt,kmurkittc1@creativecommons.org,Male,$942189.30,964501565,CC
435,Claudina,Lundbech,clundbechc2@diigo.com,Female,$118962.18,213494511,IT
436,Iorgo,Denholm,idenholmc3@etsy.com,Male,$979063.78,791416329,IT
437,Hobard,Andreev,handreevc4@goo.ne.jp,Male,$805303.79,302283273,IT
438,Harmonia,Durden,hdurdenc5@prlog.org,Female,$889956.84,290333952,IT
439,Chloe,Brindle,cbrindlec6@aol.com,Female,$909127.08,537676163,CC
440,Douglas,Brabbins,dbrabbinsc7@homestead.com,Male,$709375.76,243275350,CC
441,Leonerd,Huitt,lhuittc8@amazon.co.uk,Male,$574657.34,107879820,IT
442,Northrop,Sproul,nsproulc9@infoseek.co.jp,Male,$610061.74,25989377,CC
443,Warner,Blackburne,wblackburneca@wix.com,Male,$260873.21,20754735,PP
444,Benton,Vasyukhichev,bvasyukhichevcb@naver.com,Male,$225812.92,144836605,PP
445,Dorolisa,Druce,ddrucecc@feedburner.com,Female,$829463.86,323013547,IT
446,Marlon,Birden,mbirdencd@ameblo.jp,Male,$787915.75,110589256,IT
447,Letisha,Ketchaside,lketchasidece@privacy.gov.au,Female,$974114.23,162973424,CC
448,Evangelia,Enderby,eenderbycf@gnu.org,Female,$447175.33,90774765,IT
449,Constantin,Caroli,ccarolicg@va.gov,Male,$553263.97,640880976,PP
450,Gustave,Chawkley,gchawkleych@blogtalkradio.com,Male,$513979.62,820315986,IT
451,Hershel,Farnish,hfarnishci@jigsy.com,Male,$656099.11,108914683,PP
452,Burr,Gladstone,bgladstonecj@google.fr,Male,$788520.15,369043495,CC
453,Conrade,Cremen,ccremenck@bravesites.com,Male,$114765.86,506851565,IT
454,Lynn,Lamberts,llambertscl@dailymail.co.uk,Female,$327141.88,315728491,IT
455,Herby,Pierson,hpiersoncm@house.gov,Male,$940656.48,39043365,PP
456,Tamera,Spendley,tspendleycn@cbslocal.com,Female,$983014.39,177386158,IT
457,Aksel,Ham,ahamco@uiuc.edu,Male,$739870.45,938083856,CC
458,Ardeen,Fitzjohn,afitzjohncp@ca.gov,Female,$997242.72,385587647,PP
459,Chandler,Adshad,cadshadcq@icq.com,Male,$488603.33,827591971,CC
460,Pattie,Ketch,pketchcr@springer.com,Male,$828240.93,566482031,IT
461,Ynez,Wilkowski,ywilkowskics@g.co,Female,$604208.19,683159061,IT
462,Nerti,Corneljes,ncorneljesct@sohu.com,Female,$935135.01,679812956,IT
463,Debera,Giorgione,dgiorgionecu@comcast.net,Female,$461269.09,596212694,CC
464,Donalt,McGourty,dmcgourtycv@prlog.org,Male,$982497.94,59511887,CC
465,Katharine,Schustl,kschustlcw@rediff.com,Female,$648746.47,297484319,IT
466,Judas,Wingeat,jwingeatcx@51.la,Male,$372054.16,899177401,IT
467,Gerianne,Malyon,gmalyoncy@fema.gov,Female,$188248.23,294033403,IT
468,Alexandra,Slatcher,aslatchercz@nationalgeographic.com,Female,$898806.40,843378241,CC
469,Boothe,MacCourt,bmaccourtd0@behance.net,Male,$441678.31,597045629,PP
470,Celka,Jaffa,cjaffad1@dropbox.com,Female,$430753.80,80485717,CC
471,Christan,Gianolini,cgianolinid2@mlb.com,Female,$527563.13,888141313,PP
472,Myrtie,Orans,moransd3@slate.com,Female,$857615.90,814524120,CC
473,Maryrose,Goldingay,mgoldingayd4@state.tx.us,Female,$196273.21,529771869,PP
474,Alanah,Toohey,atooheyd5@state.gov,Female,$762995.49,56072589,PP
475,Lonnie,Fenwick,lfenwickd6@tripod.com,Female,$790499.33,594515097,CC
476,Burton,Delicate,bdelicated7@hatena.ne.jp,Male,$272988.29,315433542,IT
477,Margit,Unworth,munworthd8@arstechnica.com,Female,$172192.29,58111264,IT
478,George,Ros,grosd9@github.io,Male,$259110.60,234425912,PP
479,Coletta,Bellsham,cbellshamda@imdb.com,Female,$785732.00,125374712,CC
480,Barbe,D'Ambrogio,bdambrogiodb@netscape.com,Female,$864591.03,97948052,IT
481,Moss,Waltering,mwalteringdc@unicef.org,Male,$756995.92,569152657,PP
482,Gino,Kharchinski,gkharchinskidd@mtv.com,Male,$451507.23,431855100,CC
483,Emanuele,Avrasin,eavrasinde@census.gov,Male,$505480.25,580522523,IT
484,Andrea,Rosas,arosasdf@facebook.com,Male,$933378.97,229653092,CC
485,Bertie,Leist,bleistdg@blinklist.com,Male,$352942.64,421976160,IT
486,Gregoire,Epsly,gepslydh@sciencedaily.com,Male,$146969.87,993342789,PP
487,Patsy,McCorley,pmccorleydi@ocn.ne.jp,Male,$545154.97,707718626,IT
488,Allister,Furzey,afurzeydj@ft.com,Male,$391793.01,160380633,CC
489,Bradford,Teal,btealdk@home.pl,Male,$113818.10,603896787,PP
490,Freddi,Rossetti,frossettidl@nymag.com,Female,$146709.55,637244082,IT
491,Dael,Abbay,dabbaydm@gov.uk,Male,$249947.72,204683862,CC
492,Viviene,Mallard,vmallarddn@scribd.com,Female,$565544.21,861904010,CC
493,Irma,Godfree,igodfreedo@friendfeed.com,Female,$125779.73,328261103,IT
494,Jenine,Schultze,jschultzedp@squidoo.com,Female,$825575.96,952271553,PP
495,Margalit,Lemm,mlemmdq@e-recht24.de,Female,$273968.07,316016856,CC
496,Nealy,Gonnin,ngonnindr@latimes.com,Male,$937625.52,68018314,PP
497,Feodora,McKeown,fmckeownds@photobucket.com,Female,$631139.57,684279385,CC
498,Robbert,Scown,rscowndt@intel.com,Male,$980140.92,907398033,PP
499,Wren,Narducci,wnarduccidu@disqus.com,Female,$943114.64,415940015,PP
500,Ruttger,Scripps,rscrippsdv@mapquest.com,Male,$548832.40,132712489,CC
501,Cello,Phython,cphythondw@networksolutions.com,Male,$226081.49,723009967,IT
502,Bev,Sipson,bsipsondx@npr.org,Male,$688783.94,1004879466,CC
503,Jacinda,Antonsen,jantonsendy@who.int,Female,$698985.22,1048053098,IT
504,Kipp,McKeag,kmckeagdz@yolasite.com,Female,$257846.61,373465407,PP
505,Meris,Kellett,mkellette0@i2i.jp,Female,$912873.36,596790602,CC
506,Natalee,McBean,nmcbeane1@privacy.gov.au,Female,$642181.66,397186476,PP
507,Cedric,Whether,cwhethere2@about.com,Male,$543651.78,108715877,CC
508,Rex,McGuirk,rmcguirke3@reddit.com,Male,$895074.38,152684174,PP
509,Althea,Doogood,adoogoode4@seesaa.net,Female,$177419.95,363771498,PP
510,Lockwood,Costello,lcostelloe5@omniture.com,Male,$216913.66,227874837,IT
511,Aurthur,Blaschek,ablascheke6@boston.com,Male,$895827.17,900154701,CC
512,Alicia,Machon,amachone7@chron.com,Female,$441942.16,450712540,PP
513,Aldon,Wraggs,awraggse8@statcounter.com,Male,$223668.24,610273012,IT
514,Westley,Bunford,wbunforde9@pcworld.com,Male,$293272.75,774042137,CC
515,Mike,Mallows,mmallowsea@dyndns.org,Male,$359865.15,259423318,PP
516,Loralie,Cartin,lcartineb@gizmodo.com,Female,$884795.00,247257229,CC
517,Darcie,Conybear,dconybearec@free.fr,Female,$506350.80,863397287,PP
518,Chrysler,Ruskin,cruskined@archive.org,Female,$193187.82,258610220,CC
519,Mariele,Khomin,mkhominee@miibeian.gov.cn,Female,$703150.58,263060953,PP
520,Rosemarie,Roselli,rrosellief@uiuc.edu,Female,$508995.00,140814539,IT
521,Regina,Cantos,rcantoseg@wired.com,Female,$873579.21,622368353,IT
522,Jonas,Capewell,jcapewelleh@wsj.com,Male,$811335.14,1022594323,IT
523,Dulcie,Leishman,dleishmanei@ifeng.com,Female,$409043.66,999324990,CC
524,Windham,Heiner,wheinerej@163.com,Male,$608851.55,719023848,PP
525,Keefe,Lack,klackek@stanford.edu,Male,$197785.80,975041086,IT
526,Malva,Kirke,mkirkeel@paginegialle.it,Female,$879690.06,344564950,CC
527,Corbett,Moody,cmoodyem@cbslocal.com,Male,$712554.26,408929122,IT
528,Bear,Gosling,bgoslingen@goo.ne.jp,Male,$482224.22,726962298,IT
529,Iorgo,Neiland,ineilandeo@is.gd,Male,$910963.51,465850450,IT
530,Trevor,Fortie,tfortieep@skype.com,Male,$787101.39,280648438,IT
531,Izzy,MacRory,imacroryeq@mapy.cz,Male,$185665.47,90689160,CC
532,Gillian,Guage,gguageer@jigsy.com,Female,$582084.57,114289403,IT
533,Spencer,Dallinder,sdallinderes@bbc.co.uk,Male,$594495.29,837844778,IT
534,Flo,Hanniger,fhannigeret@yelp.com,Female,$784392.68,463748633,PP
535,Steffen,Bickerstasse,sbickerstasseeu@cnet.com,Male,$938665.17,497521815,CC
536,Linoel,Skurm,lskurmev@sciencedirect.com,Male,$723789.70,605092423,IT
537,Theodore,Bice,tbiceew@canalblog.com,Male,$139885.75,157995981,IT
538,Jeralee,Ivakhnov,jivakhnovex@utexas.edu,Female,$536121.64,57728317,IT
539,Monro,Reims,mreimsey@uol.com.br,Male,$721386.67,119247485,IT
540,Ezequiel,Rugiero,erugieroez@ted.com,Male,$339369.85,408956172,CC
541,Parnell,Rowler,prowlerf0@angelfire.com,Male,$254998.53,31138127,IT
542,Tommy,Tweddle,ttweddlef1@icio.us,Male,$190625.16,841895652,IT
543,Amalita,Thyer,athyerf2@upenn.edu,Female,$134098.30,810177320,IT
544,Kaela,Wyllis,kwyllisf3@discuz.net,Female,$557227.01,384131587,IT
545,Talbert,Hamstead,thamsteadf4@t.co,Male,$449582.17,948476288,PP
546,Roldan,Allaway,rallawayf5@prlog.org,Male,$851263.15,112062628,CC
547,Darnell,McMeekan,dmcmeekanf6@wikia.com,Male,$506282.00,52092596,IT
548,Meredith,Pheasey,mpheaseyf7@yale.edu,Male,$904084.39,335038730,PP
549,Oates,Chapling,ochaplingf8@nih.gov,Male,$640917.72,529378291,IT
550,Kath,McCurt,kmccurtf9@cisco.com,Female,$596937.92,458089161,PP
551,Danie,Lucius,dluciusfa@hexun.com,Male,$475436.63,902625086,IT
552,Zsa zsa,Troker,ztrokerfb@1688.com,Female,$534441.17,307885589,IT
553,Vergil,Christou,vchristoufc@imageshack.us,Male,$285694.11,268355359,PP
554,Alec,Frankcom,afrankcomfd@g.co,Male,$899105.15,746986860,PP
555,Mirna,Kernermann,mkernermannfe@naver.com,Female,$244329.37,83956756,PP
556,Lida,Grealey,lgrealeyff@over-blog.com,Female,$191521.45,951777034,IT
557,Isobel,Figg,ifiggfg@wired.com,Female,$378661.92,508586844,CC
558,Thom,Tiptaft,ttiptaftfh@tuttocitta.it,Male,$593977.72,140544174,PP
559,Maudie,Blackaller,mblackallerfi@pen.io,Female,$556246.99,815501712,IT
560,Thorn,Stable,tstablefj@omniture.com,Male,$972076.69,29363460,CC
561,Corny,Hedon,chedonfk@plala.or.jp,Female,$540333.03,39712047,IT
562,Jacqueline,Estabrook,jestabrookfl@sbwire.com,Female,$173663.06,901514379,IT
563,Noel,Chidwick,nchidwickfm@stumbleupon.com,Male,$845905.41,701380069,PP
564,Dannie,Huckerby,dhuckerbyfn@huffingtonpost.com,Female,$972171.12,56165662,IT
565,Colette,Tother,ctotherfo@livejournal.com,Female,$149685.99,199686985,PP
566,Washington,Riddler,wriddlerfp@guardian.co.uk,Male,$445406.89,550611935,PP
567,Austin,Risen,arisenfq@aboutads.info,Male,$904558.51,234405002,PP
568,Vidovik,Sainthill,vsainthillfr@blogger.com,Male,$473548.33,657920639,IT
569,Nevsa,Flode,nflodefs@mashable.com,Female,$408765.45,726801628,IT
570,Sherye,Woodwind,swoodwindft@jigsy.com,Female,$142114.43,761683928,IT
571,Micah,Nibloe,mnibloefu@reuters.com,Male,$623712.78,700097280,PP
572,Herold,Jedrychowski,hjedrychowskifv@biglobe.ne.jp,Male,$614957.42,89997640,PP
573,Granville,Broadbent,gbroadbentfw@nhs.uk,Male,$815628.95,176432172,PP
574,Dolly,Johansen,djohansenfx@microsoft.com,Female,$461093.00,559596699,PP
575,Ruthie,Erbain,rerbainfy@pen.io,Female,$275476.20,764859772,IT
576,Lin,Headon,lheadonfz@soundcloud.com,Female,$779715.83,674421063,CC
577,Myron,McSperron,mmcsperrong0@examiner.com,Male,$354981.27,558273091,IT
578,Anthe,Hailes,ahailesg1@rambler.ru,Female,$134065.94,776733521,CC
579,Anatole,Osgarby,aosgarbyg2@earthlink.net,Male,$330653.13,475481476,IT
580,Matthieu,Jentzsch,mjentzschg3@redcross.org,Male,$928021.39,1028650224,CC
581,Ardith,Gocher,agocherg4@ebay.co.uk,Female,$711338.73,468510326,IT
582,Arnaldo,Widd,awiddg5@msn.com,Male,$576533.28,313224115,CC
583,Wallace,Sandys,wsandysg6@unesco.org,Male,$245916.88,622117308,IT
584,Boothe,Munsey,bmunseyg7@angelfire.com,Male,$754667.16,661043222,IT
585,Leonard,Galero,lgalerog8@archive.org,Male,$459289.68,636255755,CC
586,Marin,Gotliffe,mgotliffeg9@webeden.co.uk,Female,$598957.57,148425662,CC
587,Chane,Colnet,ccolnetga@jigsy.com,Male,$667213.25,1019420704,CC
588,Waverley,Andreone,wandreonegb@godaddy.com,Male,$490124.51,213557543,PP
589,Hayward,McKeaney,hmckeaneygc@github.com,Male,$361000.72,1015131074,PP
590,Ginnie,Manilo,gmanilogd@icq.com,Female,$903581.68,867108904,IT
591,Rowan,Simka,rsimkage@1und1.de,Male,$269719.57,617218833,CC
592,Fabiano,Blowin,fblowingf@yelp.com,Male,$989365.69,952795324,PP
593,Drew,Keig,dkeiggg@indiatimes.com,Male,$925151.99,527422385,PP
594,Alan,Jamme,ajammegh@blinklist.com,Male,$189709.15,877390115,PP
595,Jesse,Brehaut,jbrehautgi@hugedomains.com,Female,$692628.87,506867556,IT
596,Morgan,Gerrey,mgerreygj@lulu.com,Male,$230396.45,760887164,PP
597,Kathlin,Tammadge,ktammadgegk@alexa.com,Female,$302461.10,88744936,IT
598,Edita,Spivey,espiveygl@weebly.com,Female,$140897.13,210489029,IT
599,Ephraim,Furneaux,efurneauxgm@bloglovin.com,Male,$523344.88,895178109,CC
600,Ashton,Heninghem,aheninghemgn@mashable.com,Male,$559478.02,107975605,IT
601,Janka,Tarpey,jtarpeygo@amazon.de,Female,$770725.55,54474538,IT
602,Tommy,Parham,tparhamgp@businesswire.com,Male,$106961.23,217392843,PP
603,Webster,Pamplin,wpamplingq@qq.com,Male,$881673.69,676662718,PP
604,Augie,Maffei,amaffeigr@addthis.com,Male,$270245.96,964454418,IT
605,Jammie,Tyler,jtylergs@unesco.org,Female,$240724.28,681495706,CC
606,Eleonora,Ivamy,eivamygt@unesco.org,Female,$666644.32,532376367,CC
607,Velma,Mays,vmaysgu@booking.com,Female,$657907.46,155334115,IT
608,Lucine,Brittlebank,lbrittlebankgv@opensource.org,Female,$284222.40,917765730,CC
609,Georas,Sunter,gsuntergw@nba.com,Male,$146617.51,799952760,CC
610,Efrem,Pocklington,epocklingtongx@360.cn,Male,$750618.26,634894465,IT
611,Darb,Flement,dflementgy@simplemachines.org,Female,$908750.24,512547773,IT
612,Jasper,Puvia,jpuviagz@about.com,Male,$296140.02,541667725,IT
613,Lamar,MacMurray,lmacmurrayh0@pagesperso-orange.fr,Male,$559099.41,791884658,PP
614,Ardelis,Whitsun,awhitsunh1@google.es,Female,$240411.14,987114998,IT
615,Colly,Kennaway,ckennawayh2@youku.com,Female,$903518.42,13503499,CC
616,Stoddard,McTaggart,smctaggarth3@tmall.com,Female,$744820.11,10071432,IT
617,Jan,Josland,jjoslandh4@reuters.com,Male,$572395.60,724075289,IT
618,Valenka,Standbridge,vstandbridgeh5@cbslocal.com,Female,$310384.10,291032979,PP
619,Licha,Juppe,ljuppeh6@yandex.ru,Female,$750217.39,876069396,IT
620,Aguie,Romagosa,aromagosah7@istockphoto.com,Male,$907288.71,730813301,CC
621,Christean,Gotch,cgotchh8@paginegialle.it,Female,$277281.96,875332853,CC
622,Swen,Venart,svenarth9@plala.or.jp,Male,$489620.35,213577551,PP
623,Terri,Flecknell,tflecknellha@census.gov,Male,$212816.92,895741372,PP
624,Eldon,Droghan,edroghanhb@cdbaby.com,Male,$708318.35,352351532,PP
625,Quintus,Sleicht,qsleichthc@tuttocitta.it,Male,$459819.47,258040916,IT
626,Regen,Storrs,rstorrshd@cnn.com,Male,$446938.38,252289597,IT
627,Glad,Geeraert,ggeeraerthe@themeforest.net,Female,$469315.93,952824737,PP
628,Euell,Jelf,ejelfhf@phpbb.com,Male,$862262.25,646646130,PP
629,Dorisa,Matas,dmatashg@foxnews.com,Female,$661648.77,207586618,CC
630,Steve,Swyre,sswyrehh@webnode.com,Male,$132740.62,816360188,CC
631,Tildi,MacSharry,tmacsharryhi@google.cn,Female,$116974.75,375607259,CC
632,Rouvin,McConnel,rmcconnelhj@dell.com,Male,$763579.50,774378540,CC
633,Dar,Loy,dloyhk@amazon.de,Male,$854394.25,484979234,PP
634,Way,Nenci,wnencihl@people.com.cn,Male,$493765.25,265488800,CC
635,Chen,Shackelton,cshackeltonhm@yellowpages.com,Male,$317844.66,609627798,IT
636,Berton,Bickerstaff,bbickerstaffhn@newyorker.com,Male,$273411.59,15273938,CC
637,Jefferey,Pothergill,jpothergillho@alexa.com,Male,$442296.08,329583675,CC
638,Meier,Crothers,mcrothershp@sogou.com,Male,$118962.99,130545936,IT
639,Burt,Boyda,bboydahq@indiegogo.com,Male,$297411.24,904567463,IT
640,Cymbre,Wrennall,cwrennallhr@nasa.gov,Female,$429980.52,66928394,CC
641,Mario,Gresley,mgresleyhs@walmart.com,Male,$474713.26,163262790,IT
642,Suzy,Mateescu,smateescuht@jugem.jp,Female,$733895.82,885323731,PP
643,Jacinta,Worner,jwornerhu@sitemeter.com,Female,$560578.75,327091417,IT
644,Sherwin,Sircomb,ssircombhv@amazon.com,Male,$999347.30,579277153,PP
645,Remington,Staresmeare,rstaresmearehw@bigcartel.com,Male,$590817.03,897867340,PP
646,Elston,Purselowe,epurselowehx@studiopress.com,Male,$970068.96,890238467,CC
647,Saleem,Parysiak,sparysiakhy@apple.com,Male,$175264.66,368436311,IT
648,Dorrie,Urvoy,durvoyhz@scientificamerican.com,Female,$247382.16,888030638,CC
649,Manfred,Eim,meimi0@spiegel.de,Male,$564910.09,481619781,IT
650,Darsey,Rhelton,drheltoni1@delicious.com,Female,$168345.20,984972810,IT
651,Iosep,Polamontayne,ipolamontaynei2@alibaba.com,Male,$890624.86,64539087,CC
652,Maryanne,Avarne,mavarnei3@godaddy.com,Female,$338203.40,1049264133,CC
653,Curtice,MacDermot,cmacdermoti4@wikipedia.org,Male,$458263.00,590224244,PP
654,Rahal,Side,rsidei5@nytimes.com,Female,$909791.41,439620196,IT
655,Clint,Guidera,cguiderai6@independent.co.uk,Male,$562570.61,734948784,CC
656,Sherman,Hugk,shugki7@about.me,Male,$548376.82,716699936,IT
657,James,Kmiec,jkmieci8@nhs.uk,Male,$988361.86,121948606,IT
658,Florry,Drover,fdroveri9@cafepress.com,Female,$330440.95,293765365,PP
659,Cass,Barrick,cbarrickia@wisc.edu,Female,$100326.20,165220830,CC
660,Creighton,Alliban,callibanib@sina.com.cn,Male,$881843.79,41997116,CC
661,Nevil,Durno,ndurnoic@cnbc.com,Male,$117088.24,957084275,PP
662,Germana,Yurocjhin,gyurocjhinid@ibm.com,Female,$212499.34,1024030023,IT
663,Nanice,Viant,nviantie@bing.com,Female,$447863.83,751112979,IT
664,Griffin,Gadson,ggadsonif@mapy.cz,Male,$127905.73,573242663,IT
665,Godfree,Burney,gburneyig@sina.com.cn,Male,$344623.96,35770265,IT
666,Leigh,Borzone,lborzoneih@wikispaces.com,Female,$373714.85,374521846,CC
667,Aguste,Grigoriev,agrigorievii@symantec.com,Male,$200435.79,529569262,PP
668,Carole,Mulliner,cmullinerij@4shared.com,Female,$681603.05,239847159,PP
669,Legra,Wardesworth,lwardesworthik@fc2.com,Female,$753353.75,425307723,IT
670,Roselle,Colaton,rcolatonil@auda.org.au,Female,$397954.10,572310771,CC
671,Mil,Burridge,mburridgeim@amazon.com,Female,$991914.96,366781681,IT
672,Bevon,Phlippsen,bphlippsenin@cbsnews.com,Male,$750804.30,382713231,PP
673,Reeba,Whetnell,rwhetnellio@smugmug.com,Female,$496788.96,1030825944,CC
674,Silvester,Jore,sjoreip@nsw.gov.au,Male,$739935.79,240096537,CC
675,Ruprecht,Robison,rrobisoniq@auda.org.au,Male,$508080.01,156781782,CC
676,Gal,Antoney,gantoneyir@jalbum.net,Male,$174699.08,634577171,PP
677,Titus,Kubicka,tkubickais@nhs.uk,Male,$834688.15,649898680,PP
678,Dee dee,Voelker,dvoelkerit@exblog.jp,Female,$575997.11,490573266,PP
679,Susana,Chesterfield,schesterfieldiu@weebly.com,Female,$133403.21,525812942,PP
680,Meade,MacCrosson,mmaccrossoniv@skyrock.com,Female,$972613.33,643126681,PP
681,Armstrong,Bernardotti,abernardottiiw@godaddy.com,Male,$770639.20,485014122,IT
682,Filmore,Dockwray,fdockwrayix@nhs.uk,Male,$175078.01,998009137,IT
683,Yank,Suscens,ysuscensiy@w3.org,Male,$483806.17,579675949,CC
684,Oliviero,Seson,osesoniz@typepad.com,Male,$683269.99,203055242,IT
685,Reiko,Shadrach,rshadrachj0@seattletimes.com,Female,$647202.56,858606252,CC
686,Charlot,Rundall,crundallj1@biglobe.ne.jp,Female,$572271.56,424614295,PP
687,Kevin,Raft,kraftj2@shop-pro.jp,Male,$514306.62,723240591,IT
688,Darsey,Pimlock,dpimlockj3@hibu.com,Female,$715570.94,338977416,PP
689,Scotti,Reynold,sreynoldj4@mozilla.org,Male,$861567.48,315507501,PP
690,Zsa zsa,Bowmaker,zbowmakerj5@delicious.com,Female,$221539.47,882657871,CC
691,Loy,Davenell,ldavenellj6@yelp.com,Male,$233974.01,955147985,PP
692,Wit,McLagan,wmclaganj7@wired.com,Male,$970693.15,962156218,IT
693,Eddy,Harrod,eharrodj8@thetimes.co.uk,Male,$187542.20,801433145,IT
694,Konstantine,Paice,kpaicej9@arstechnica.com,Male,$498390.03,843039172,IT
695,Wynny,Buer,wbuerja@paginegialle.it,Female,$720994.45,868048389,IT
696,Isacco,Redley,iredleyjb@miibeian.gov.cn,Male,$273736.13,318100121,PP
697,Shanan,Gravatt,sgravattjc@businessweek.com,Male,$386342.78,756405494,CC
698,Zia,Shearer,zshearerjd@economist.com,Female,$959833.42,208282006,PP
699,Lyndsey,Barthelmes,lbarthelmesje@amazon.com,Female,$480922.84,815789452,PP
700,Darill,Balme,dbalmejf@disqus.com,Male,$432756.82,130959827,IT
701,Biron,Hall-Gough,bhallgoughjg@dailymail.co.uk,Male,$339085.95,381054553,IT
702,Wilbert,Belloch,wbellochjh@tumblr.com,Male,$487933.30,707660956,IT
703,Fawnia,Di Biasi,fdibiasiji@nhs.uk,Female,$684790.65,198877378,IT
704,Tera,Gamil,tgamiljj@cbc.ca,Female,$581086.16,650530247,PP
705,Johnette,Shillabeer,jshillabeerjk@meetup.com,Female,$280271.38,292774177,CC
706,Bella,Paulus,bpaulusjl@patch.com,Female,$615514.17,593539119,CC
707,Mathian,Sponton,mspontonjm@canalblog.com,Male,$423994.79,498786137,IT
708,Lise,Coo,lcoojn@google.com.au,Female,$810677.03,507283352,IT
709,Brigit,Stot,bstotjo@google.fr,Female,$390309.24,311324680,CC
710,Rriocard,Brickham,rbrickhamjp@tinyurl.com,Male,$120362.22,465753035,PP
711,Morganne,Sharphouse,msharphousejq@com.com,Female,$854422.89,953728576,PP
712,Huntley,Hobgen,hhobgenjr@baidu.com,Male,$287901.64,35200969,IT
713,Isacco,Oxton,ioxtonjs@artisteer.com,Male,$494200.22,86100964,IT
714,Karilynn,L'argent,klargentjt@yale.edu,Female,$245483.55,864424484,CC
715,Chickie,Bradley,cbradleyju@rediff.com,Female,$851527.95,589737566,IT
716,Simone,Grinov,sgrinovjv@infoseek.co.jp,Male,$716769.41,978137745,IT
717,Lulita,Ilott,lilottjw@facebook.com,Female,$374878.28,272590234,IT
718,Griff,Bingall,gbingalljx@goodreads.com,Male,$278643.51,385931123,CC
719,Flint,Gosse,fgossejy@google.it,Male,$475731.36,19970872,IT
720,Bibbye,Joysey,bjoyseyjz@bandcamp.com,Female,$134104.12,829978509,IT
721,Sander,Letterese,sletteresek0@mit.edu,Male,$403019.99,195175227,PP
722,Putnem,Klisch,pklischk1@topsy.com,Male,$433505.93,868463468,IT
723,Phedra,Deeth,pdeethk2@imdb.com,Female,$652608.62,668252360,CC
724,Cheston,Sturzaker,csturzakerk3@newyorker.com,Male,$396163.72,323439684,CC
725,Beth,Ghelardi,bghelardik4@vimeo.com,Female,$649714.91,427805788,CC
726,Tuesday,Pagden,tpagdenk5@lycos.com,Female,$251545.29,898259068,CC
727,Finn,Hance,fhancek6@springer.com,Male,$205839.70,56555949,CC
728,Kincaid,Cowdray,kcowdrayk7@gravatar.com,Male,$455205.42,1020016594,IT
729,Joletta,Maystone,jmaystonek8@virginia.edu,Female,$750885.93,634344048,IT
730,Robbie,Cordelle,rcordellek9@constantcontact.com,Male,$905094.71,703394101,IT
731,Carmela,Lago,clagoka@howstuffworks.com,Female,$500600.03,572042637,PP
732,Dewie,Greenrde,dgreenrdekb@elpais.com,Male,$561244.33,198357774,CC
733,Towney,Allchorn,tallchornkc@com.com,Male,$495983.08,427139083,CC
734,Fiona,Sandford,fsandfordkd@msn.com,Female,$637901.74,635773369,IT
735,Ave,Bubb,abubbke@sogou.com,Male,$507317.17,712032621,IT
736,Feliza,Pawelski,fpawelskikf@dailymotion.com,Female,$681771.85,694849602,PP
737,Valery,Spottiswood,vspottiswoodkg@dell.com,Female,$853566.43,623883874,CC
738,Killian,Kliche,kklichekh@ezinearticles.com,Male,$427052.45,821005883,CC
739,Cirilo,Steventon,csteventonki@yellowpages.com,Male,$269286.72,777764510,PP
740,Aimee,Casa,acasakj@economist.com,Female,$628662.62,323724782,IT
741,Adrian,Longwood,alongwoodkk@theguardian.com,Female,$973765.13,102168653,CC
742,Guthry,Burnes,gburneskl@nytimes.com,Male,$241060.45,685521898,PP
743,Derrek,Ellingford,dellingfordkm@usda.gov,Male,$823265.15,632065424,IT
744,Ronna,Merioth,rmeriothkn@instagram.com,Female,$487084.29,374045772,CC
745,Chrysa,Blethyn,cblethynko@ted.com,Female,$588383.70,716088723,IT
746,Georgianne,Uff,guffkp@51.la,Female,$688645.04,735980540,CC
747,Ronica,Fairfoul,rfairfoulkq@histats.com,Female,$409595.70,1018727146,CC
748,Tiler,Saban,tsabankr@seattletimes.com,Male,$791643.82,99841557,PP
749,Flossie,Pedrollo,fpedrolloks@wired.com,Female,$683889.85,1006734650,CC
750,Irena,Gerler,igerlerkt@omniture.com,Female,$134897.26,242389338,CC
751,Rurik,Caldero,rcalderoku@tuttocitta.it,Male,$241911.16,242845438,CC
752,Savina,Glabach,sglabachkv@uiuc.edu,Female,$477074.78,174677404,IT
753,Janna,Bithell,jbithellkw@weibo.com,Female,$639391.46,693089545,CC
754,Aili,Danford,adanfordkx@webeden.co.uk,Female,$208633.96,127481968,PP
755,Gustaf,Swale,gswaleky@infoseek.co.jp,Male,$636878.81,39766662,CC
756,Percival,Downey,pdowneykz@weebly.com,Male,$786798.76,711466833,PP
757,Walther,Guttridge,wguttridgel0@ucla.edu,Male,$788184.62,810608477,IT
758,Elnora,Pert,epertl1@aol.com,Female,$929638.89,352240504,IT
759,Judah,O'Caherny,jocahernyl2@google.co.uk,Male,$769520.06,404307316,IT
760,Anne-marie,Cavolini,acavolinil3@omniture.com,Female,$246292.73,65239107,CC
761,Ethelin,Redmille,eredmillel4@dion.ne.jp,Female,$484076.18,727999595,IT
762,Amble,Edling,aedlingl5@japanpost.jp,Male,$252649.34,61366973,IT
763,Onfre,Synan,osynanl6@businesswire.com,Male,$529266.34,895225862,PP
764,Ginny,Tettersell,gtetterselll7@addthis.com,Female,$507543.78,918362997,CC
765,Shelli,Stroobant,sstroobantl8@google.com,Female,$450365.95,837650104,CC
766,Devi,Dulanty,ddulantyl9@jalbum.net,Female,$372173.10,699230081,PP
767,Vlad,Olenichev,volenichevla@uol.com.br,Male,$898071.25,671507443,CC
768,Neille,Keady,nkeadylb@latimes.com,Female,$429024.35,286883930,IT
769,Dolph,Sunley,dsunleylc@photobucket.com,Male,$756394.19,484566145,PP
770,Morgun,Adshad,madshadld@yahoo.com,Male,$724737.01,367393716,PP
771,Odelle,Orwin,oorwinle@ask.com,Female,$586337.00,624744935,CC
772,Maryellen,Wannop,mwannoplf@tinyurl.com,Female,$805325.29,830265265,PP
773,Linea,Kiln,lkilnlg@tumblr.com,Female,$266472.73,713650679,PP
774,Say,Goodbarr,sgoodbarrlh@ustream.tv,Male,$652654.40,693271725,CC
775,Maje,Fochs,mfochsli@ustream.tv,Male,$207539.99,241798546,PP
776,Katusha,Skitteral,kskitterallj@tinyurl.com,Female,$921418.46,249986686,PP
777,Sargent,Camacke,scamackelk@icio.us,Male,$166019.97,470211404,IT
778,Jonell,Hinckesman,jhinckesmanll@purevolume.com,Female,$809041.40,172081576,CC
779,Hillary,Cockarill,hcockarilllm@xrea.com,Female,$975212.94,239281031,PP
780,Lira,Needs,lneedsln@opera.com,Female,$183566.05,919204185,IT
781,Terri,Clears,tclearslo@nps.gov,Male,$575223.67,1041003460,IT
782,Selinda,Gettone,sgettonelp@rambler.ru,Female,$235996.72,420430727,CC
783,Christine,Aldus,calduslq@mapquest.com,Female,$651510.18,150648681,CC
784,Gael,Jankin,gjankinlr@w3.org,Male,$953347.90,631524169,PP
785,Ruben,Muttitt,rmuttittls@jugem.jp,Male,$939398.61,718678177,IT
786,Emyle,Larmett,elarmettlt@woothemes.com,Female,$997258.58,968137169,IT
787,Devlen,Wallentin,dwallentinlu@loc.gov,Male,$194830.57,574218379,PP
788,Adelaida,Kalaher,akalaherlv@businesswire.com,Female,$569066.22,842913642,IT
789,Julio,Guilfoyle,jguilfoylelw@mlb.com,Male,$871663.22,416724137,PP
790,Jeniece,Fidal,jfidallx@nasa.gov,Female,$150569.03,429630275,IT
791,Angelle,Swatton,aswattonly@meetup.com,Female,$141691.40,654066297,CC
792,Ira,Cominetti,icominettilz@hc360.com,Male,$551694.03,544447460,PP
793,Suzi,Orbine,sorbinem0@hibu.com,Female,$302334.39,966834493,CC
794,Zelig,Mattam,zmattamm1@discovery.com,Male,$975302.05,771953692,CC
795,Fairfax,Yerrall,fyerrallm2@google.com,Male,$735548.07,594347988,IT
796,Holt,Hawkswell,hhawkswellm3@samsung.com,Male,$698369.13,853742276,IT
797,Coleman,Scaice,cscaicem4@gizmodo.com,Male,$293339.37,752545868,CC
798,Meaghan,Antrobus,mantrobusm5@webeden.co.uk,Female,$366673.18,41716356,CC
799,Temple,Brosnan,tbrosnanm6@va.gov,Male,$634638.88,433869640,IT
800,Zuzana,Gledstane,zgledstanem7@yahoo.com,Female,$949169.87,665832474,CC
801,Tamra,Veasey,tveaseym8@apple.com,Female,$751754.76,517962481,IT
802,Kimmi,Twining,ktwiningm9@princeton.edu,Female,$491117.00,589470676,PP
803,Killy,Francom,kfrancomma@feedburner.com,Male,$557452.07,484423098,PP
804,Andie,Ollet,aolletmb@wikispaces.com,Female,$304659.30,533850659,CC
805,Valerie,Gerant,vgerantmc@howstuffworks.com,Female,$977684.44,290547370,PP
806,Sallee,Smalridge,ssmalridgemd@lycos.com,Female,$289847.40,698893880,CC
807,Dion,Argo,dargome@wordpress.com,Female,$575308.51,433435771,PP
808,Grenville,Phettis,gphettismf@indiatimes.com,Male,$340486.79,588558305,PP
809,Kevina,Meach,kmeachmg@netvibes.com,Female,$629775.39,899149283,IT
810,Nick,Sandcroft,nsandcroftmh@geocities.jp,Male,$149940.08,978863391,CC
811,Jemimah,Scamwell,jscamwellmi@live.com,Female,$587023.52,981636239,IT
812,Tessa,Junkison,tjunkisonmj@furl.net,Female,$716058.18,330309899,CC
813,Kelsey,Hundall,khundallmk@economist.com,Female,$193767.07,176836866,PP
814,Elianora,Gratten,egrattenml@youtu.be,Female,$720219.67,1014898004,PP
815,Gillian,Simonaitis,gsimonaitismm@cloudflare.com,Female,$199343.84,942129922,CC
816,Felisha,Sentance,fsentancemn@addtoany.com,Female,$960767.45,240405971,PP
817,Hermione,Stollard,hstollardmo@cnbc.com,Female,$451106.59,849354868,IT
818,Emilia,Kipling,ekiplingmp@vk.com,Female,$989072.02,633029575,IT
819,Fonsie,Shelliday,fshellidaymq@sciencedaily.com,Male,$293793.46,693067626,PP
820,Magdalena,Trethewey,mtretheweymr@4shared.com,Female,$111793.96,230242139,CC
821,Cornelle,Adhams,cadhamsms@wisc.edu,Female,$564541.69,935399426,PP
822,Kathrine,Simonetto,ksimonettomt@parallels.com,Female,$383346.44,458953522,IT
823,Jamison,Ludvigsen,jludvigsenmu@csmonitor.com,Male,$729540.52,493921226,PP
824,Giovanna,Giamuzzo,ggiamuzzomv@pinterest.com,Female,$721682.20,965919663,CC
825,Theobald,Antoniutti,tantoniuttimw@bizjournals.com,Male,$387351.30,1016889527,PP
826,Sal,Yair,syairmx@oakley.com,Male,$491223.29,484204532,PP
827,Ulises,Jeacop,ujeacopmy@nasa.gov,Male,$259004.85,1049477061,IT
828,Rowney,Borres,rborresmz@odnoklassniki.ru,Male,$349128.62,920652009,IT
829,Merrili,Flather,mflathern0@earthlink.net,Female,$846061.05,672429182,PP
830,Natty,Tyas,ntyasn1@washingtonpost.com,Male,$112005.78,26709711,IT
831,Vicki,Huchot,vhuchotn2@nih.gov,Female,$639169.79,360823701,PP
832,Odetta,Whithorn,owhithornn3@scientificamerican.com,Female,$721364.64,940095003,PP
833,Tadd,Garlicke,tgarlicken4@bandcamp.com,Male,$970669.43,127333181,CC
834,Monah,Stroulger,mstroulgern5@parallels.com,Female,$584373.79,946803424,CC
835,Carlie,Laville,clavillen6@imageshack.us,Female,$882526.58,484466330,IT
836,Hana,Castagnasso,hcastagnasson7@webmd.com,Female,$485306.38,634706667,IT
837,Marcia,Kadd,mkaddn8@1688.com,Female,$613507.68,249560376,CC
838,Theadora,Gerriet,tgerrietn9@wired.com,Female,$620609.10,339101539,PP
839,Taite,Joselin,tjoselinna@economist.com,Male,$854315.72,390698003,IT
840,Madlin,Barock,mbarocknb@twitpic.com,Female,$411477.56,299601390,CC
841,Ulrick,Belliveau,ubelliveaunc@howstuffworks.com,Male,$797813.91,581769275,PP
842,Blinny,Langlais,blanglaisnd@photobucket.com,Female,$106378.61,265714532,PP
843,Rollo,Murname,rmurnamene@qq.com,Male,$115280.47,214109534,CC
844,Ase,Caras,acarasnf@state.tx.us,Male,$721927.00,362954786,CC
845,Zaneta,Parsisson,zparsissonng@wordpress.com,Female,$308690.26,582183446,CC
846,Kean,Kennermann,kkennermannnh@adobe.com,Male,$676287.52,531639613,CC
847,Lay,Minshall,lminshallni@bravesites.com,Male,$317839.45,137999599,IT
848,Munmro,Serjeant,mserjeantnj@pen.io,Male,$962754.07,264346586,IT
849,Alfons,Ditchburn,aditchburnnk@unblog.fr,Male,$591312.35,650608077,CC
850,Talya,Moreno,tmorenonl@uol.com.br,Female,$209038.59,964910966,PP
851,Pet,Kitchinham,pkitchinhamnm@aboutads.info,Female,$119244.19,859632654,CC
852,Valida,Chicchelli,vchicchellinn@tamu.edu,Female,$708939.20,495588537,IT
853,Corliss,Theuss,ctheussno@opensource.org,Female,$684411.85,352562673,IT
854,Nealy,Brockington,nbrockingtonnp@google.com.br,Male,$406401.45,84601070,PP
855,Gale,Ridsdell,gridsdellnq@cnn.com,Female,$524745.29,331852717,PP
856,Cassius,Blaxeland,cblaxelandnr@cbsnews.com,Male,$563320.83,213680963,PP
857,Ferdinand,Breache,fbreachens@army.mil,Male,$846979.96,577109492,IT
858,Bastian,Dun,bdunnt@netvibes.com,Male,$854956.37,659315106,IT
859,Delmore,Dodgshon,ddodgshonnu@topsy.com,Male,$692146.73,812471233,CC
860,Emilio,Gounel,egounelnv@mozilla.com,Male,$994191.53,397335784,PP
861,Vitoria,Uglow,vuglownw@people.com.cn,Female,$713604.81,40969897,IT
862,Danette,Ferdinand,dferdinandnx@bigcartel.com,Female,$321559.59,575402280,PP
863,Shannon,Graben,sgrabenny@goo.gl,Male,$555953.84,873790699,CC
864,Shana,Mumbeson,smumbesonnz@squarespace.com,Female,$773609.48,925319371,CC
865,Morgen,Lared,mlaredo0@dmoz.org,Male,$602304.49,614111252,CC
866,Gregorio,Tolson,gtolsono1@ow.ly,Male,$840014.52,508543007,PP
867,Elwin,Brocklesby,ebrocklesbyo2@surveymonkey.com,Male,$187472.10,984482358,IT
868,Ferdie,Bolitho,fbolithoo3@wsj.com,Male,$271949.17,744422205,CC
869,Joelle,Varden,jvardeno4@altervista.org,Female,$694799.84,219972266,IT
870,Geoff,Sliney,gslineyo5@freewebs.com,Male,$767604.23,208790087,PP
871,Maiga,Whiffin,mwhiffino6@storify.com,Female,$945361.47,835417995,CC
872,Evyn,Jime,ejimeo7@360.cn,Male,$256180.39,802724965,IT
873,Kerby,Hague,khagueo8@storify.com,Male,$356871.37,400487714,CC
874,Halette,Saul,hsaulo9@nationalgeographic.com,Female,$861219.20,323576448,PP
875,Lemmie,Bathoe,lbathoeoa@gizmodo.com,Male,$186695.76,621273371,IT
876,Dolley,Lisciandro,dlisciandroob@europa.eu,Female,$138891.80,929019412,IT
877,Mandel,Blinco,mblincooc@multiply.com,Male,$184796.29,753086316,CC
878,Thekla,Orrah,torrahod@blogs.com,Female,$593492.93,806171788,IT
879,Noami,Emerine,nemerineoe@php.net,Female,$781131.07,294095959,PP
880,Zebulon,Burleton,zburletonof@nps.gov,Male,$365470.61,928059932,IT
881,Lexy,Milroy,lmilroyog@usa.gov,Female,$568030.43,888569958,PP
882,Hewet,Lightman,hlightmanoh@tinypic.com,Male,$236391.15,763855630,PP
883,Taite,Willoughby,twilloughbyoi@msu.edu,Male,$782485.50,790072725,CC
884,Lari,Iglesias,liglesiasoj@jimdo.com,Female,$376284.26,918735283,PP
885,Ursola,Hudspith,uhudspithok@mac.com,Female,$471343.67,239487684,IT
886,Bird,Astlet,bastletol@dyndns.org,Female,$692095.34,210386022,IT
887,Laurette,Freckleton,lfreckletonom@bing.com,Female,$629940.07,699981855,IT
888,Phebe,Fries,pfrieson@diigo.com,Female,$556904.59,197070049,IT
889,Chad,Alleway,callewayoo@discuz.net,Male,$156567.34,348889911,CC
890,Devi,Burnes,dburnesop@devhub.com,Female,$490903.09,92937742,CC
891,Jerrie,Bridgen,jbridgenoq@i2i.jp,Female,$980535.54,217233268,CC
892,Weber,Laverick,wlaverickor@uol.com.br,Male,$519964.57,145179225,CC
893,Law,Castenda,lcastendaos@huffingtonpost.com,Male,$490095.73,514886338,IT
894,Cordell,Scatcher,cscatcherot@answers.com,Male,$753073.17,723151685,IT
895,Gratia,Abry,gabryou@paginegialle.it,Female,$836979.08,77371848,CC
896,Neville,McGlashan,nmcglashanov@unblog.fr,Male,$163885.82,238591635,IT
897,Hurlee,Stanlock,hstanlockow@eventbrite.com,Male,$185361.76,943177851,IT
898,Gottfried,Kopfen,gkopfenox@free.fr,Male,$667084.57,916323346,IT
899,Rosetta,Rambadt,rrambadtoy@com.com,Female,$244252.63,62188658,IT
900,Luz,Lawrence,llawrenceoz@elegantthemes.com,Female,$401494.40,892726619,IT
901,Mattheus,De Roberto,mderobertop0@umn.edu,Male,$297533.52,513231555,CC
902,Alisun,Balchin,abalchinp1@etsy.com,Female,$555614.80,847835952,PP
903,Danie,Richley,drichleyp2@guardian.co.uk,Male,$998647.39,371279265,IT
904,Felice,Strangeways,fstrangewaysp3@joomla.org,Female,$696616.29,270181769,CC
905,Berkley,Worrall,bworrallp4@desdev.cn,Male,$171646.75,214101232,PP
906,Ortensia,Chittey,ochitteyp5@stanford.edu,Female,$117409.33,127856018,IT
907,Ernesta,Soffe,esoffep6@biglobe.ne.jp,Female,$457993.74,78339904,IT
908,Kelila,Darleston,kdarlestonp7@deviantart.com,Female,$995471.66,691212346,CC
909,Harris,Bassingden,hbassingdenp8@cisco.com,Male,$377138.88,591030511,IT
910,Auberta,Lauks,alauksp9@instagram.com,Female,$714380.43,719734206,IT
911,Tobias,Dexter,tdexterpa@who.int,Male,$610047.93,734519802,CC
912,Cleopatra,Abramovicz,cabramoviczpb@columbia.edu,Female,$496890.38,72484547,CC
913,Bette,Ashwin,bashwinpc@europa.eu,Female,$253190.22,314063577,PP
914,Maurice,Ambrosoni,mambrosonipd@admin.ch,Male,$655003.75,740654470,PP
915,Conrade,Berrie,cberriepe@yolasite.com,Male,$464941.61,333427527,CC
916,Georgianna,Jillitt,gjillittpf@utexas.edu,Female,$288751.48,27459165,CC
917,Virgina,Rushworth,vrushworthpg@4shared.com,Female,$403145.31,445076738,CC
918,Zane,Bass,zbassph@jigsy.com,Male,$476500.89,958754727,IT
919,Eve,Straine,estrainepi@lulu.com,Female,$496047.86,872952239,IT
920,Melinde,Faulkes,mfaulkespj@liveinternet.ru,Female,$682930.09,922327601,CC
921,Anstice,Hache,ahachepk@ucoz.com,Female,$875705.82,407939109,IT
922,Clerissa,Halewood,chalewoodpl@yelp.com,Female,$620784.88,9167294,IT
923,Caryl,Eastes,ceastespm@businessinsider.com,Male,$769702.02,970487064,CC
924,Antons,Wilstead,awilsteadpn@cdbaby.com,Male,$866617.94,607932282,PP
925,Ofella,Bradforth,obradforthpo@comcast.net,Female,$945144.14,681326159,PP
926,Mona,Bostock,mbostockpp@dyndns.org,Female,$878691.29,88916410,IT
927,Kerrin,Sears,ksearspq@macromedia.com,Female,$149116.29,697677279,CC
928,Janene,Reims,jreimspr@wix.com,Female,$859118.71,942301579,IT
929,Ragnar,MacLese,rmacleseps@pcworld.com,Male,$281674.96,617255417,PP
930,Adolphus,Purdy,apurdypt@google.nl,Male,$816483.18,377817148,CC
931,Tadeo,Jendrich,tjendrichpu@ehow.com,Male,$183305.06,718166599,CC
932,Tallia,Birth,tbirthpv@about.me,Female,$108715.90,622416457,IT
933,Pearl,Mingay,pmingaypw@seattletimes.com,Female,$295770.25,225538231,PP
934,Christian,Davidof,cdavidofpx@prnewswire.com,Male,$805498.87,932773323,IT
935,Walden,Wolfarth,wwolfarthpy@msn.com,Male,$212273.43,432640685,CC
936,Halie,Syder,hsyderpz@google.de,Female,$953591.65,426487745,PP
937,Kale,Ebbing,kebbingq0@washingtonpost.com,Male,$414868.81,837729495,PP
938,Hewet,McCluin,hmccluinq1@hubpages.com,Male,$959271.02,226119830,IT
939,Ebeneser,Lambertini,elambertiniq2@a8.net,Male,$535885.01,296308759,PP
940,Chalmers,Hayers,chayersq3@hhs.gov,Male,$285959.20,819980724,CC
941,Winslow,Warde,wwardeq4@cafepress.com,Male,$837397.73,861319147,IT
942,Aldis,Castenda,acastendaq5@umn.edu,Male,$417941.34,730271342,PP
943,Derk,Bailes,dbailesq6@wp.com,Male,$111921.33,265202393,PP
944,Chrysler,Chattoe,cchattoeq7@admin.ch,Female,$245899.30,507377160,PP
945,Falkner,Ragsdale,fragsdaleq8@uol.com.br,Male,$236656.83,900695289,IT
946,Nicolais,Lightning,nlightningq9@bluehost.com,Male,$526663.92,821551421,PP
947,Raddy,Dinjes,rdinjesqa@vimeo.com,Male,$852688.03,151733963,PP
948,Ervin,Turbayne,eturbayneqb@alexa.com,Male,$160892.16,206533335,CC
949,Myrlene,Gegay,mgegayqc@deviantart.com,Female,$569055.76,639487375,IT
950,Cary,Ortner,cortnerqd@topsy.com,Male,$422569.17,675663398,IT
951,Leeanne,Wardhaw,lwardhawqe@technorati.com,Female,$313904.88,350073083,CC
952,Wilfred,Mangon,wmangonqf@cocolog-nifty.com,Male,$695917.72,581238444,PP
953,Phillis,Kubasek,pkubasekqg@google.co.jp,Female,$308137.24,597816934,PP
954,Westbrook,Layburn,wlayburnqh@moonfruit.com,Male,$398613.14,995564536,CC
955,Zilvia,Kernell,zkernellqi@deliciousdays.com,Female,$181668.38,282623747,CC
956,Caldwell,Crook,ccrookqj@squarespace.com,Male,$915994.57,570088664,CC
957,Kennith,Crewe,kcreweqk@disqus.com,Male,$492555.01,732075026,IT
958,Kathryne,Mutter,kmutterql@yahoo.co.jp,Female,$349015.58,430888959,CC
959,Alexandros,Finlow,afinlowqm@seattletimes.com,Male,$495115.82,963066377,IT
960,Amby,Avramovsky,aavramovskyqn@oracle.com,Male,$218605.62,392987628,PP
961,Thebault,Litel,tlitelqo@chicagotribune.com,Male,$328355.34,730345258,CC
962,Obie,Culley,oculleyqp@yandex.ru,Male,$631295.30,126767039,IT
963,Josee,Quinevan,jquinevanqq@cbsnews.com,Female,$560435.68,164492630,PP
964,Oates,Odams,oodamsqr@narod.ru,Male,$469063.36,158451951,PP
965,Correy,Greenhead,cgreenheadqs@bing.com,Female,$689244.82,675602927,PP
966,Batsheva,Hysom,bhysomqt@china.com.cn,Female,$510384.01,755641753,IT
967,Fulvia,Crathorne,fcrathornequ@exblog.jp,Female,$982550.83,1010406228,IT
968,Tomasina,MacArthur,tmacarthurqv@nydailynews.com,Female,$329429.11,72660423,CC
969,Terrence,Llopis,tllopisqw@wunderground.com,Male,$906758.02,422977241,PP
970,Dulcie,Mehew,dmehewqx@chronoengine.com,Female,$653948.92,605759466,IT
971,Nobe,Couronne,ncouronneqy@ebay.com,Male,$674460.26,830137497,IT
972,Ardella,Marquis,amarquisqz@cbsnews.com,Female,$205827.10,764259461,PP
973,Druci,Grzeskowski,dgrzeskowskir0@usda.gov,Female,$592120.24,146639172,CC
974,Andros,Exroll,aexrollr1@woothemes.com,Male,$288492.34,912998565,PP
975,Faye,Nunnerley,fnunnerleyr2@surveymonkey.com,Female,$245620.49,565035551,CC
976,Kora,De Dei,kdedeir3@nature.com,Female,$325707.48,991599867,PP
977,Rosie,Swales,rswalesr4@hc360.com,Female,$609745.45,978934442,CC
978,Ludwig,Minet,lminetr5@angelfire.com,Male,$886308.65,524497426,CC
979,Jacquelin,Le Monnier,jlemonnierr6@sun.com,Female,$893683.30,50681857,CC
980,Shanta,Montier,smontierr7@wiley.com,Female,$599288.65,592845190,IT
981,Grier,Fradgley,gfradgleyr8@intel.com,Female,$892073.24,513941154,CC
982,Rhonda,Gounot,rgounotr9@about.me,Female,$758635.98,916074525,CC
983,Anna-diane,Matissoff,amatissoffra@oracle.com,Female,$889948.59,627120568,PP
984,Jay,Orriss,jorrissrb@posterous.com,Male,$770719.46,585693050,PP
985,Umberto,Radbourn,uradbournrc@sphinn.com,Male,$636910.62,112612334,PP
986,Brandtr,Choak,bchoakrd@geocities.jp,Male,$416100.81,418422309,CC
987,Chelsey,Coxon,ccoxonre@google.com.hk,Female,$672818.30,834365984,PP
988,Merola,Tabor,mtaborrf@unblog.fr,Female,$532653.22,142526067,PP
989,Farlay,Ravelus,fravelusrg@nytimes.com,Male,$603436.47,104847727,IT
990,Jeannie,Erb,jerbrh@sphinn.com,Female,$871102.56,805184743,PP
991,Will,Wodeland,wwodelandri@wired.com,Male,$184131.64,998060167,IT
992,Linus,Light,llightrj@earthlink.net,Male,$598255.60,255142588,IT
993,Cati,Pitway,cpitwayrk@cisco.com,Female,$838374.44,918893562,PP
994,Johnath,Stallibrass,jstallibrassrl@ustream.tv,Female,$639566.19,434038352,IT
995,Jade,Iacovucci,jiacovuccirm@nationalgeographic.com,Female,$443726.15,951401034,CC
996,Heddie,Jeffels,hjeffelsrn@wordpress.com,Female,$143255.71,206051960,CC
997,Lemar,Bampforth,lbampforthro@so-net.ne.jp,Male,$998922.23,531735393,CC
998,Anya,Davidwitz,adavidwitzrp@gmpg.org,Female,$812487.78,421927921,IT
999,Murdoch,Manjot,mmanjotrq@a8.net,Male,$430783.74,392370289,IT
1000,Devlin,Ruthen,druthenrr@tripadvisor.com,Male,$714339.97,1040284870,CC
