id,nombre,apellido,email,genero,valor_tx,numero_identificacion,tipo_identificacion
1,Jeniece,Butchard,jbutchard0@ca.gov,Female,$255157.67,859371370,CC
2,Yehudi,Panyer,ypanyer1@youtube.com,Male,$349601.21,177362876,PP
3,Arthur,Cundy,acundy2@blogs.com,Male,$453346.04,882825001,CC
4,Kerwinn,Feathers,kfeathers3@exblog.jp,Male,$301222.26,364540925,PP
5,Derrik,Finker,dfinker4@ebay.co.uk,Male,$818614.79,285866600,CC
6,Byram,Oland,boland5@squarespace.com,Male,$885865.75,672279289,PP
7,Cletus,Sillars,csillars6@mysql.com,Male,$691327.11,12281049,CC
8,Daisie,Rhule,drhule7@amazon.com,Female,$737994.05,650229896,IT
9,Cchaddie,MacParland,cmacparland8@goo.gl,Male,$447191.64,85177727,PP
10,Noreen,Fridlington,nfridlington9@privacy.gov.au,Female,$534790.61,141655143,IT
11,Clemens,Bernadot,cbernadota@netvibes.com,Male,$346317.31,577001419,IT
12,Carter,Oylett,coylettb@mapy.cz,Male,$592376.03,911233541,CC
13,Mariele,Dalziell,mdalziellc@blogtalkradio.com,Female,$523221.26,160832137,PP
14,Libby,Keri,lkerid@dmoz.org,Female,$371563.61,16751500,PP
15,Frasier,Parks,fparkse@com.com,Male,$229064.39,805440667,PP
16,Marcy,Ingre,mingref@amazon.de,Female,$628394.54,666642703,IT
17,Jenni,Berthot,jberthotg@xing.com,Female,$617081.37,979692454,CC
18,Franz,Credland,fcredlandh@ning.com,Male,$637656.38,1024250555,IT
19,Griffith,Yelding,gyeldingi@usa.gov,Male,$877548.96,1008105235,CC
20,Tara,Tolhurst,ttolhurstj@friendfeed.com,Female,$364247.19,81331601,IT
21,Giles,Atherley,gatherleyk@rediff.com,Male,$694700.10,1010666389,IT
22,Frazer,Wickwar,fwickwarl@i2i.jp,Male,$222261.94,565650477,IT
23,Janenna,Joao,jjoaom@addthis.com,Female,$810118.24,499226883,PP
24,Randi,Showalter,rshowaltern@freewebs.com,Female,$896131.34,1047888869,IT
25,Carlee,Otridge,cotridgeo@stumbleupon.com,Female,$743332.62,889178777,IT
26,Gretna,Scholard,gscholardp@parallels.com,Female,$305383.99,880171096,PP
27,Kimbell,Streetley,kstreetleyq@ed.gov,Male,$414177.76,480567695,IT
28,Torrey,Fladgate,tfladgater@fastcompany.com,Male,$710115.96,204925195,IT
29,Moises,Heake,mheakes@dailymail.co.uk,Male,$781757.88,824186349,CC
30,Gusti,Dowbakin,gdowbakint@weibo.com,Female,$457921.92,689283668,PP
31,Verena,Holyard,vholyardu@nymag.com,Female,$500523.95,202594664,PP
32,Peyton,Raiston,praistonv@chron.com,Male,$375955.66,386038253,PP
33,Carie,Vallerine,cvallerinew@surveymonkey.com,Female,$785490.72,434274494,IT
34,Tades,Eddisford,teddisfordx@amazon.co.jp,Male,$246718.74,146791613,IT
35,Erin,Kerins,ekerinsy@jigsy.com,Female,$387716.07,395684693,PP
36,Celisse,Elfleet,celfleetz@cdbaby.com,Female,$396982.95,560965433,CC
37,Giustino,Creamen,gcreamen10@fda.gov,Male,$404323.72,601262256,IT
38,Jenelle,Janecki,jjanecki11@shop-pro.jp,Female,$451241.39,269827055,IT
39,Katuscha,Genike,kgenike12@theglobeandmail.com,Female,$557677.34,542952139,CC
40,Arliene,Erb,aerb13@reverbnation.com,Female,$164400.79,511132743,IT
41,Izak,Halsted,ihalsted14@ovh.net,Male,$153617.08,961160178,IT
42,Kelly,Cakebread,kcakebread15@ed.gov,Female,$127369.13,324109258,IT
43,Donnie,Vogeller,dvogeller16@instagram.com,Female,$988103.22,594453471,PP
44,Val,Chadbourne,vchadbourne17@statcounter.com,Female,$785305.36,964525278,PP
45,Gregoor,Witherup,gwitherup18@who.int,Male,$664690.76,416383169,IT
46,Leora,Spurret,lspurret19@mysql.com,Female,$647756.03,937379597,PP
47,Demeter,Westney,dwestney1a@tamu.edu,Female,$219325.51,990557559,PP
48,Jeffy,Langdale,jlangdale1b@comcast.net,Male,$212571.61,728572834,PP
49,Gabby,Bogey,gbogey1c@timesonline.co.uk,Male,$108813.52,179091615,IT
50,Henka,Lesser,hlesser1d@loc.gov,Female,$235750.71,698173744,PP
51,Hedwig,Sambell,hsambell1e@umich.edu,Female,$388100.79,739142743,CC
52,Jessalyn,Wigelsworth,jwigelsworth1f@hexun.com,Female,$467216.05,140059893,PP
53,Artemus,Spilsted,aspilsted1g@yolasite.com,Male,$302813.27,884042274,CC
54,Corilla,Battabee,cbattabee1h@upenn.edu,Female,$750091.25,790335612,CC
55,Harlie,Clack,hclack1i@sphinn.com,Female,$577595.18,773866887,IT
56,Antonius,Spykings,aspykings1j@shinystat.com,Male,$951598.71,125073755,IT
57,Lyle,Crowcum,lcrowcum1k@w3.org,Male,$129222.81,24887901,PP
58,Tonye,Bruckman,tbruckman1l@github.io,Female,$303196.03,277916194,PP
59,Cathryn,McRitchie,cmcritchie1m@msn.com,Female,$453967.94,378377070,CC
60,Eamon,Kuban,ekuban1n@php.net,Male,$412363.56,337734038,IT
61,Reuven,Matus,rmatus1o@blogtalkradio.com,Male,$254768.93,647469022,PP
62,Rhett,Caley,rcaley1p@icq.com,Male,$799759.38,577992141,PP
63,Mano,Helling,mhelling1q@wufoo.com,Male,$810041.58,748042564,PP
64,Giacopo,Handmore,ghandmore1r@smugmug.com,Male,$527513.31,1042015492,IT
65,Willy,Ballard,wballard1s@blogspot.com,Male,$580836.00,781782856,IT
66,Darleen,Corkell,dcorkell1t@skyrock.com,Female,$355541.59,71757266,IT
67,Tremayne,Ormond,tormond1u@deviantart.com,Male,$429465.24,164301341,PP
68,Jen,Colin,jcolin1v@java.com,Female,$253369.97,228442631,IT
69,Vinnie,Delue,vdelue1w@tiny.cc,Male,$328429.86,967858563,IT
70,Silvan,Farington,sfarington1x@prnewswire.com,Male,$889789.70,149295100,IT
71,Raddie,Cavil,rcavil1y@yellowbook.com,Male,$869774.37,615754692,PP
72,Tabitha,Dulieu,tdulieu1z@theglobeandmail.com,Female,$163626.63,1024129061,IT
73,Caitlin,Laborde,claborde20@aol.com,Female,$639558.76,699333467,PP
74,Roberta,Mundwell,rmundwell21@princeton.edu,Female,$157361.47,660000735,CC
75,Clem,Segge,csegge22@live.com,Male,$468857.18,194836781,PP
76,Haze,Birley,hbirley23@lulu.com,Male,$391919.29,103940498,PP
77,Valentia,Vizard,vvizard24@cmu.edu,Female,$730863.27,239695605,IT
78,Pier,Drinkeld,pdrinkeld25@usgs.gov,Female,$531572.39,37338778,PP
79,Arly,Borkin,aborkin26@columbia.edu,Female,$119454.82,200278965,IT
80,Marybeth,Sunnucks,msunnucks27@globo.com,Female,$607922.50,138938772,PP
81,Rollin,Chace,rchace28@boston.com,Male,$773896.07,115263436,PP
82,Massimo,Doby,mdoby29@meetup.com,Male,$527118.28,332329395,IT
83,Fiona,Winspare,fwinspare2a@angelfire.com,Female,$571615.41,27518461,PP
84,Abby,Hartropp,ahartropp2b@eepurl.com,Male,$443809.84,637130256,PP
85,Cam,Staddon,cstaddon2c@drupal.org,Male,$100025.58,263503476,CC
86,Hailey,Ciccarelli,hciccarelli2d@slashdot.org,Male,$338880.66,306346270,IT
87,Kellsie,Rielly,krielly2e@google.ru,Female,$624053.28,32286581,IT
88,Tiertza,Strase,tstrase2f@comsenz.com,Female,$100160.48,365097773,IT
89,Emery,Lax,elax2g@shinystat.com,Male,$662403.48,185269567,IT
90,Shawna,Heining,sheining2h@stanford.edu,Female,$526837.65,617805947,PP
91,Fonsie,Fearnehough,ffearnehough2i@google.ru,Male,$258370.76,44895842,IT
92,Kenny,Lettley,klettley2j@guardian.co.uk,Male,$248558.26,238743505,PP
93,Paulina,Mattersley,pmattersley2k@tumblr.com,Female,$918208.73,398897631,PP
94,Elga,Matityahu,ematityahu2l@vistaprint.com,Female,$319550.67,109546080,IT
95,Renaldo,Giraudot,rgiraudot2m@chron.com,Male,$529128.62,125398670,IT
96,Kamilah,Yeliashev,kyeliashev2n@cyberchimps.com,Female,$412423.40,176782814,PP
97,Florrie,Balwin,fbalwin2o@businessweek.com,Female,$735626.10,256678738,IT
98,Ernst,Ebbrell,eebbrell2p@dyndns.org,Male,$458533.64,643754744,PP
99,Patrizius,Shalloo,pshalloo2q@aboutads.info,Male,$229375.54,1038042750,IT
100,Yehudi,Nolleth,ynolleth2r@addtoany.com,Male,$843611.54,453108389,CC
101,Berni,McAnalley,bmcanalley2s@boston.com,Female,$705192.33,167220747,PP
102,Brina,Schultz,bschultz2t@scientificamerican.com,Female,$351522.36,707229426,IT
103,Margalo,Silcock,msilcock2u@godaddy.com,Female,$792828.01,142513096,PP
104,Ase,Shotboulte,ashotboulte2v@gravatar.com,Male,$941395.01,391301569,PP
105,Ulrich,Salandino,usalandino2w@youku.com,Male,$527878.47,952530073,PP
106,Wendeline,Seagrave,wseagrave2x@disqus.com,Female,$245375.66,943280831,PP
107,Essa,Solan,esolan2y@vistaprint.com,Female,$148912.41,1031397945,PP
108,Marianna,Gregor,mgregor2z@surveymonkey.com,Female,$900619.00,872706709,CC
109,Daisi,Clarridge,dclarridge30@i2i.jp,Female,$321872.88,516116282,PP
110,Rustin,Chesshyre,rchesshyre31@etsy.com,Male,$274052.25,230169332,CC
111,Vyky,Pavek,vpavek32@howstuffworks.com,Female,$740301.86,654005095,PP
112,Janaya,Bealing,jbealing33@npr.org,Female,$584676.24,1014450854,PP
113,Archy,Sweed,asweed34@free.fr,Male,$599648.79,361871835,IT
114,Derrek,Oliva,doliva35@bloglovin.com,Male,$815437.06,480388913,IT
115,Cyndi,Burgen,cburgen36@wisc.edu,Female,$670119.83,832666553,PP
116,Raoul,Lissimore,rlissimore37@npr.org,Male,$395949.60,325801122,IT
117,Silvie,Fick,sfick38@usatoday.com,Female,$521272.64,764512137,CC
118,Fletcher,Boodle,fboodle39@vimeo.com,Male,$146547.07,630714854,IT
119,Faustina,Troutbeck,ftroutbeck3a@upenn.edu,Female,$950272.75,130125736,PP
120,Selene,Ciciotti,sciciotti3b@over-blog.com,Female,$135442.31,157498262,PP
121,Alix,Birchwood,abirchwood3c@redcross.org,Male,$786931.11,932922092,PP
122,Brendan,Call,bcall3d@statcounter.com,Male,$525557.26,840046588,PP
123,Ram,Clamo,rclamo3e@go.com,Male,$605404.10,531571121,CC
124,Rube,Decruse,rdecruse3f@icio.us,Male,$577891.69,31986513,IT
125,Sonia,Audibert,saudibert3g@unc.edu,Female,$451899.93,806686977,IT
126,Neel,Pinshon,npinshon3h@furl.net,Male,$531516.12,1044143232,PP
127,Vito,Learmonth,vlearmonth3i@cbc.ca,Male,$829355.24,794068380,CC
128,Holly-anne,Allaker,hallaker3j@phoca.cz,Female,$979708.99,328699363,IT
129,Wilfred,Basili,wbasili3k@live.com,Male,$538412.37,673089343,CC
130,Winni,Crompton,wcrompton3l@harvard.edu,Female,$919062.24,948756080,CC
131,Gawain,Joiner,gjoiner3m@exblog.jp,Male,$492740.94,873504946,PP
132,Travis,Anyene,tanyene3n@deviantart.com,Male,$228727.53,478496192,CC
133,Kenton,Grenfell,kgrenfell3o@about.me,Male,$221862.88,401144922,IT
134,Alfonse,Dumphreys,adumphreys3p@yahoo.co.jp,Male,$300495.12,1003553771,PP
135,Wallis,Blees,wblees3q@dailymail.co.uk,Male,$721952.13,830551910,IT
136,Giuditta,Lindstrom,glindstrom3r@kickstarter.com,Female,$837569.75,786683316,IT
137,Leoline,Leatherbarrow,lleatherbarrow3s@ebay.co.uk,Female,$510199.64,278074282,IT
138,Camille,McGarrahan,cmcgarrahan3t@mit.edu,Female,$591793.32,210286375,CC
139,Adolph,Auchterlony,aauchterlony3u@ca.gov,Male,$632219.99,843753670,PP
140,Prisca,Perroni,pperroni3v@youku.com,Female,$604647.34,457945396,CC
141,Barnie,Kynsey,bkynsey3w@cargocollective.com,Male,$507669.35,469984425,PP
142,Eryn,Popley,epopley3x@so-net.ne.jp,Female,$741648.93,1023725054,PP
143,Lanie,Siddons,lsiddons3y@furl.net,Female,$553121.28,264766058,IT
144,Bink,Agates,bagates3z@blogtalkradio.com,Male,$428951.84,738840200,IT
145,Filip,Lewis,flewis40@clickbank.net,Male,$596014.66,600842693,IT
146,Skip,Woodhouse,swoodhouse41@phoca.cz,Male,$967686.37,464189758,IT
147,Filberto,Haggart,fhaggart42@adobe.com,Male,$209054.47,842029486,CC
148,Herby,Morrel,hmorrel43@typepad.com,Male,$302968.93,467329010,PP
149,Correy,Waistell,cwaistell44@tripod.com,Female,$672957.51,207467703,CC
150,Glad,Caston,gcaston45@ocn.ne.jp,Female,$797742.62,868149022,IT
151,Cherise,Baum,cbaum46@squidoo.com,Female,$950897.29,789978115,IT
152,Broderick,Malarkey,bmalarkey47@comsenz.com,Male,$681819.25,959075652,IT
153,Pollyanna,Stringer,pstringer48@bbc.co.uk,Female,$139178.96,255413675,IT
154,Addi,Drews,adrews49@bravesites.com,Female,$750368.82,761132384,PP
155,Mara,Hankin,mhankin4a@yellowbook.com,Female,$169632.62,521665316,IT
156,Bell,Jacquet,bjacquet4b@dion.ne.jp,Female,$983471.86,188935229,CC
157,Barrett,Hebbard,bhebbard4c@comsenz.com,Male,$973444.77,333221550,PP
158,Grazia,Lesser,glesser4d@theatlantic.com,Female,$654955.36,161264220,CC
159,Renaud,Spary,rspary4e@irs.gov,Male,$308655.17,41436972,PP
160,Antonio,Springle,aspringle4f@pbs.org,Male,$535726.37,552340972,IT
161,Prudi,Alastair,palastair4g@imageshack.us,Female,$154263.13,537050893,IT
162,Domeniga,Egginson,degginson4h@nifty.com,Female,$730988.56,235215164,PP
163,Lavena,Chennells,lchennells4i@ifeng.com,Female,$171344.69,616986649,IT
164,Eachelle,Tatershall,etatershall4j@barnesandnoble.com,Female,$849615.10,941969908,CC
165,Ephrem,Pinilla,epinilla4k@youtube.com,Male,$359439.77,941671951,PP
166,Lianne,Pauling,lpauling4l@cbsnews.com,Female,$325000.90,627691240,CC
167,Abbe,Chritchlow,achritchlow4m@house.gov,Male,$380953.15,726833260,IT
168,Alia,Bim,abim4n@paginegialle.it,Female,$195269.88,174494599,PP
169,Hildy,Bucklan,hbucklan4o@globo.com,Female,$227819.69,824688921,CC
170,Janis,Achurch,jachurch4p@nasa.gov,Female,$128235.25,986282633,CC
171,Terri-jo,Kyte,tkyte4q@dedecms.com,Female,$460526.63,94199683,PP
172,Daphna,Stuffins,dstuffins4r@indiatimes.com,Female,$310102.80,484855808,PP
173,Margarette,Takle,mtakle4s@uiuc.edu,Female,$832313.26,53984752,IT
174,Korie,Fonso,kfonso4t@example.com,Female,$217704.92,598549522,CC
175,Forrest,Saterweyte,fsaterweyte4u@ucoz.ru,Male,$877418.11,784264693,CC
176,Kingsley,Brockest,kbrockest4v@wikipedia.org,Male,$522017.34,926924425,IT
177,Rowen,Hathwood,rhathwood4w@moonfruit.com,Male,$193593.28,929963344,CC
178,Velma,Dwyr,vdwyr4x@ibm.com,Female,$919896.16,524587812,CC
179,Imojean,Bairnsfather,ibairnsfather4y@ed.gov,Female,$970186.98,674447212,IT
180,Roth,Auger,rauger4z@army.mil,Male,$714466.36,640697315,PP
181,Kariotta,Edinburgh,kedinburgh50@parallels.com,Female,$898346.59,763803032,CC
182,Corbet,Sparke,csparke51@printfriendly.com,Male,$364614.55,691056292,CC
183,Justus,Ruby,jruby52@fc2.com,Male,$411316.61,529649448,PP
184,Jayson,Duthie,jduthie53@yellowpages.com,Male,$887490.77,1043910226,PP
185,Felice,Sowerby,fsowerby54@istockphoto.com,Male,$658346.25,504059784,IT
186,Kirstin,Sperrett,ksperrett55@g.co,Female,$283365.34,964522418,PP
187,Dulci,Dmitrovic,ddmitrovic56@flavors.me,Female,$204616.73,816979604,IT
188,Talyah,Fessler,tfessler57@phoca.cz,Female,$478274.90,446502479,PP
189,Zechariah,Bockings,zbockings58@skype.com,Male,$726931.46,640865447,PP
190,Jocko,Ankrett,jankrett59@go.com,Male,$982117.30,419986302,CC
191,Chase,Jacquot,cjacquot5a@amazon.co.uk,Male,$225875.16,963132506,PP
192,Bobette,Himsworth,bhimsworth5b@angelfire.com,Female,$200649.93,854654368,IT
193,Darsie,Tue,dtue5c@dropbox.com,Female,$972444.87,90886693,PP
194,Querida,Kubach,qkubach5d@mapquest.com,Female,$676016.86,339657084,PP
195,Winfred,Benoist,wbenoist5e@alexa.com,Male,$344097.66,651713084,IT
196,Gerti,Langman,glangman5f@wikia.com,Female,$371620.31,671329287,IT
197,Rhodie,Roebuck,rroebuck5g@ask.com,Female,$112502.20,668071238,IT
198,Washington,Guyver,wguyver5h@cam.ac.uk,Male,$720787.00,491026051,CC
199,Ashton,Faulds,afaulds5i@github.io,Male,$398682.62,342815185,PP
200,Scarface,Hollier,shollier5j@bluehost.com,Male,$829104.53,752748785,IT
201,Joice,Brockelsby,jbrockelsby5k@forbes.com,Female,$224897.92,103762942,CC
202,Maurits,Shilburne,mshilburne5l@g.co,Male,$992316.89,657687530,IT
203,Jeremie,Birwhistle,jbirwhistle5m@yellowbook.com,Male,$972552.30,199283484,PP
204,Gilbert,Clohissy,gclohissy5n@nih.gov,Male,$434226.00,324416414,CC
205,Dulcinea,Qusklay,dqusklay5o@twitter.com,Female,$850071.30,269314825,IT
206,Annamaria,Earle,aearle5p@gravatar.com,Female,$215055.21,386450994,CC
207,Godfree,Millis,gmillis5q@utexas.edu,Male,$343718.70,897613305,PP
208,Bibby,Jackman,bjackman5r@google.com.br,Female,$145525.19,244381509,PP
209,Carlen,Alldread,calldread5s@netvibes.com,Female,$652710.84,34426502,CC
210,Concordia,Petz,cpetz5t@qq.com,Female,$494822.30,1008171213,PP
211,Carver,Duker,cduker5u@github.io,Male,$773635.22,1025977788,PP
212,Niko,Ingreda,ningreda5v@usnews.com,Male,$603301.71,255315258,CC
213,Zelda,Varnham,zvarnham5w@icq.com,Female,$180797.73,796452675,IT
214,Ashlie,Dybald,adybald5x@skype.com,Female,$681922.23,490462767,IT
215,Melissa,McCooke,mmccooke5y@hao123.com,Female,$238912.67,575107672,IT
216,Suzi,Naisbit,snaisbit5z@furl.net,Female,$562694.38,261994825,PP
217,Sutherlan,Gomes,sgomes60@topsy.com,Male,$141561.61,756730607,PP
218,Nina,Edgell,nedgell61@digg.com,Female,$756123.81,994683102,CC
219,Livia,Bellon,lbellon62@cafepress.com,Female,$389263.34,768971221,IT
220,Grove,Burdge,gburdge63@ycombinator.com,Male,$880263.93,126656118,CC
221,Abra,Halksworth,ahalksworth64@istockphoto.com,Female,$999540.21,309570151,CC
222,Gardie,Alderwick,galderwick65@diigo.com,Male,$660546.38,348362400,PP
223,Irvine,Mor,imor66@alibaba.com,Male,$259707.08,175328972,CC
224,Cirilo,Morecomb,cmorecomb67@indiatimes.com,Male,$655301.30,268346050,IT
225,Howard,Ceccoli,hceccoli68@e-recht24.de,Male,$919841.61,814326964,PP
226,L;urette,Trevaskus,ltrevaskus69@un.org,Female,$592304.24,244665007,PP
227,Ilse,Peggrem,ipeggrem6a@time.com,Female,$349657.15,707318488,PP
228,Barry,Stokell,bstokell6b@usgs.gov,Male,$188675.13,356448237,CC
229,Cariotta,Tolley,ctolley6c@nydailynews.com,Female,$121628.62,25812066,PP
230,Maximilien,Haugh,mhaugh6d@last.fm,Male,$569695.69,463798889,PP
231,Frederic,Gallie,fgallie6e@mozilla.org,Male,$438074.03,708282416,CC
232,Ross,Snead,rsnead6f@tiny.cc,Male,$590127.58,721012548,PP
233,Maybelle,Bizzey,mbizzey6g@columbia.edu,Female,$673224.75,382335285,PP
234,Ambrosi,Hardman,ahardman6h@wikimedia.org,Male,$778541.92,822658200,CC
235,Nil,Dyter,ndyter6i@wsj.com,Male,$103910.14,282316238,PP
236,Mignonne,Raff,mraff6j@foxnews.com,Female,$872350.76,746539487,CC
237,Terrell,Bissett,tbissett6k@adobe.com,Male,$220784.21,474251389,PP
238,Dorothy,Soppit,dsoppit6l@bizjournals.com,Female,$245137.08,976112643,CC
239,Aigneis,Pero,apero6m@tuttocitta.it,Female,$799392.38,186457726,PP
240,Ole,Hadwen,ohadwen6n@tinyurl.com,Male,$399153.59,563466153,CC
241,Wadsworth,Tichner,wtichner6o@blogs.com,Male,$890831.70,468958274,PP
242,Wilma,Lamanby,wlamanby6p@parallels.com,Female,$115482.92,955008376,PP
243,Archie,Greveson,agreveson6q@mysql.com,Male,$232928.97,261322219,PP
244,Samson,Robertsen,srobertsen6r@hugedomains.com,Male,$886527.01,314322509,PP
245,Yetty,O'Grogane,yogrogane6s@bloomberg.com,Female,$224720.98,379599441,PP
246,Osborne,Salmons,osalmons6t@cdbaby.com,Male,$672141.26,759810481,PP
247,Gerik,Menico,gmenico6u@nbcnews.com,Male,$751600.60,962848216,CC
248,Madge,Raffels,mraffels6v@spotify.com,Female,$763177.03,1013097820,PP
249,Lanae,Gameson,lgameson6w@msn.com,Female,$871545.76,351161051,IT
250,Albertine,Mongin,amongin6x@ustream.tv,Female,$111430.23,337429067,IT
251,Giorgi,Dewey,gdewey6y@soup.io,Male,$416411.51,295225734,CC
252,Quincey,Barltrop,qbarltrop6z@engadget.com,Male,$291319.27,959999680,IT
253,Karel,Willman,kwillman70@sogou.com,Male,$525341.96,817312003,IT
254,Josepha,Ricardon,jricardon71@mapy.cz,Female,$724394.78,832258244,IT
255,Brok,Lonergan,blonergan72@ifeng.com,Male,$410199.36,418530250,CC
256,Jamie,McGrail,jmcgrail73@free.fr,Male,$827885.33,830162328,CC
257,Guenna,Segeswoeth,gsegeswoeth74@nationalgeographic.com,Female,$478071.67,324029416,PP
258,Lianna,Fallis,lfallis75@weibo.com,Female,$969393.89,198682908,CC
259,Dianemarie,Beel,dbeel76@yolasite.com,Female,$671105.75,383588847,PP
260,Norris,Presshaugh,npresshaugh77@berkeley.edu,Male,$666961.52,616111890,CC
261,Talbot,Watterson,twatterson78@cpanel.net,Male,$448925.17,131048913,CC
262,Alford,Hidderley,ahidderley79@ca.gov,Male,$463288.70,88147419,PP
263,Demetre,Cleveland,dcleveland7a@miibeian.gov.cn,Male,$714577.53,727842907,PP
264,Raimund,Jeschner,rjeschner7b@time.com,Male,$568171.45,35608286,CC
265,Eada,Breslin,ebreslin7c@tinypic.com,Female,$216679.15,495415419,CC
266,Andrus,Gohn,agohn7d@scribd.com,Male,$646623.15,1015521918,CC
267,Annis,Brimicombe,abrimicombe7e@toplist.cz,Female,$894143.93,422763281,PP
268,Jewel,Sappell,jsappell7f@oakley.com,Female,$732345.62,108118251,IT
269,Claudina,McGeechan,cmcgeechan7g@yelp.com,Female,$106029.70,761684950,IT
270,Caressa,Haslock,chaslock7h@nyu.edu,Female,$386191.81,192227943,IT
271,Cornela,Fetherston,cfetherston7i@sfgate.com,Female,$781781.06,991335240,PP
272,Berky,Verrier,bverrier7j@theatlantic.com,Male,$203567.45,679896142,PP
273,Zebulen,Goodlud,zgoodlud7k@yahoo.com,Male,$936749.01,81636426,CC
274,Candace,Hyne,chyne7l@cornell.edu,Female,$572338.50,928960665,CC
275,Rubin,Leinthall,rleinthall7m@cam.ac.uk,Male,$522207.07,829524572,CC
276,Hartley,Chattock,hchattock7n@engadget.com,Male,$945510.66,379040394,CC
277,Leoline,Skep,lskep7o@marketwatch.com,Female,$243977.62,259257427,CC
278,Giordano,Skeffington,gskeffington7p@dagondesign.com,Male,$825923.85,875247893,IT
279,Baryram,Mawtus,bmawtus7q@nymag.com,Male,$946371.89,836709460,PP
280,Wyatan,Ganing,wganing7r@nasa.gov,Male,$974407.03,718135804,CC
281,Marianne,Kitchingman,mkitchingman7s@mac.com,Female,$239944.59,689736905,PP
282,Yanaton,Suttie,ysuttie7t@dailymotion.com,Male,$589695.13,165821962,IT
283,Konrad,Darragon,kdarragon7u@dion.ne.jp,Male,$484272.31,251074739,IT
284,Marys,Rouse,mrouse7v@unc.edu,Female,$487375.07,940126330,CC
285,Adey,Achurch,aachurch7w@twitpic.com,Female,$570680.33,753352411,IT
286,Drucill,Dismore,ddismore7x@amazon.co.jp,Female,$295006.95,483920993,IT
287,Briny,Adame,badame7y@jalbum.net,Female,$341972.22,35862306,PP
288,Rodolphe,Esh,resh7z@bluehost.com,Male,$723513.09,347574259,IT
289,Ganny,Puttergill,gputtergill80@oracle.com,Male,$951941.62,1033551046,IT
290,Gan,Winterflood,gwinterflood81@bing.com,Male,$970129.06,814807779,IT
291,Barnabas,Kassidy,bkassidy82@scribd.com,Male,$603437.42,16415274,IT
292,Verla,Gudyer,vgudyer83@stanford.edu,Female,$264363.35,907326033,PP
293,Hermann,Figge,hfigge84@wufoo.com,Male,$242917.32,160499247,IT
294,Coriss,Lanceley,clanceley85@theglobeandmail.com,Female,$646472.70,83426594,PP
295,Lindon,Gillio,lgillio86@dyndns.org,Male,$808751.30,104640459,IT
296,Granville,Daggett,gdaggett87@phoca.cz,Male,$673002.94,225734673,PP
297,Shaina,Mates,smates88@theatlantic.com,Female,$225875.41,340215045,CC
298,Brant,Ackery,backery89@hatena.ne.jp,Male,$791721.95,90142586,PP
299,Doro,Stronge,dstronge8a@cnn.com,Female,$715102.33,815766225,CC
300,Cati,Marchment,cmarchment8b@tiny.cc,Female,$745733.41,58555587,PP
301,Giacomo,Walling,gwalling8c@so-net.ne.jp,Male,$217108.24,272035768,CC
302,Hilliard,McKendry,hmckendry8d@mapy.cz,Male,$939112.76,880956966,IT
303,Hagan,Ringham,hringham8e@baidu.com,Male,$502793.93,711856726,CC
304,Tynan,Caple,tcaple8f@baidu.com,Male,$492550.16,641328467,IT
305,Blake,Silley,bsilley8g@amazon.de,Female,$256006.06,876133942,CC
306,Thurston,Leicester,tleicester8h@wikipedia.org,Male,$836071.60,602896923,CC
307,Moritz,Towlson,mtowlson8i@imdb.com,Male,$745365.16,106144899,CC
308,Rozanne,Smallwood,rsmallwood8j@webmd.com,Female,$488733.38,697221001,PP
309,Galvan,Poskitt,gposkitt8k@ebay.com,Male,$200289.75,326120292,PP
310,Nonah,Uzelli,nuzelli8l@com.com,Female,$572709.23,200158021,PP
311,Jacinda,Marlow,jmarlow8m@1688.com,Female,$185535.90,188072293,CC
312,Norbert,Boorn,nboorn8n@kickstarter.com,Male,$174293.01,285060772,IT
313,Binny,Crommett,bcrommett8o@tinyurl.com,Female,$653614.07,275699267,CC
314,Siffre,Willoughey,swilloughey8p@statcounter.com,Male,$276253.55,379591491,CC
315,Karl,Khomishin,kkhomishin8q@mlb.com,Male,$600268.02,1042425112,PP
316,Briant,Woolliams,bwoolliams8r@ibm.com,Male,$658910.46,82944914,IT
317,Joshia,Lesor,jlesor8s@twitter.com,Male,$558976.46,750828141,IT
318,Michaelina,Swatheridge,mswatheridge8t@oakley.com,Female,$931450.69,22845500,IT
319,Joachim,Zmitruk,jzmitruk8u@weebly.com,Male,$750833.27,182341764,IT
320,Angelo,Phettiplace,aphettiplace8v@intel.com,Male,$722589.98,843922349,PP
321,Tobie,Hought,thought8w@cargocollective.com,Male,$565415.62,180958495,CC
322,Dana,Dziwisz,ddziwisz8x@cornell.edu,Male,$878018.74,473768126,CC
323,Magnum,Lezemore,mlezemore8y@wikia.com,Male,$217686.69,29681315,PP
324,Ulrika,Grollmann,ugrollmann8z@sitemeter.com,Female,$736470.46,279820635,CC
325,Sayre,Toulch,stoulch90@marketwatch.com,Male,$117502.90,243212137,IT
326,Savina,Saville,ssaville91@facebook.com,Female,$255053.87,169468077,CC
327,Concordia,Semiras,csemiras92@exblog.jp,Female,$870108.35,68290648,IT
328,Katinka,Gianolo,kgianolo93@issuu.com,Female,$758451.27,130227659,IT
329,Keir,Mullender,kmullender94@cnn.com,Male,$104683.75,264753377,CC
330,Haydon,Carme,hcarme95@altervista.org,Male,$854332.60,534835376,PP
331,Jasen,Jaxon,jjaxon96@cdc.gov,Male,$158572.21,836017410,CC
332,Worth,Rehn,wrehn97@infoseek.co.jp,Male,$852736.63,576084920,CC
333,Kelley,Joselson,kjoselson98@rediff.com,Male,$529957.52,521518819,CC
334,Lauraine,Tutin,ltutin99@wikipedia.org,Female,$519106.16,744504408,CC
335,Lambert,Sclanders,lsclanders9a@gizmodo.com,Male,$410415.51,529285195,IT
336,Casar,Coleman,ccoleman9b@usgs.gov,Male,$983161.50,693220532,IT
337,Bran,McConaghy,bmcconaghy9c@psu.edu,Male,$715627.32,670361638,CC
338,Celle,Brisse,cbrisse9d@hatena.ne.jp,Female,$162650.73,800305188,PP
339,Koenraad,Kiljan,kkiljan9e@arizona.edu,Male,$139974.62,105807944,PP
340,Tudor,Lambert-Ciorwyn,tlambertciorwyn9f@globo.com,Male,$312368.72,1035556096,PP
341,Selene,Casiero,scasiero9g@jiathis.com,Female,$785156.73,908101388,CC
342,Rodolphe,Paschke,rpaschke9h@posterous.com,Male,$133700.80,316189392,IT
343,Emlen,Blackborough,eblackborough9i@instagram.com,Male,$627423.97,376744531,PP
344,Bealle,Fogarty,bfogarty9j@youtu.be,Male,$449530.82,344419215,CC
345,Guenna,Daniels,gdaniels9k@shareasale.com,Female,$481401.20,1020050278,PP
346,Andros,Morsey,amorsey9l@kickstarter.com,Male,$549117.79,660001728,IT
347,Vanni,Crowd,vcrowd9m@google.ru,Female,$347510.73,501095502,PP
348,Cort,Petrescu,cpetrescu9n@mail.ru,Male,$259786.68,450139291,IT
349,Akim,Aston,aaston9o@google.cn,Male,$804840.62,981284497,CC
350,Amalee,McClory,amcclory9p@lycos.com,Female,$325781.69,80128195,CC
351,Vivi,Buzek,vbuzek9q@smugmug.com,Female,$470338.44,696885989,PP
352,Cathlene,Koopman,ckoopman9r@blogspot.com,Female,$440003.41,221402824,IT
353,Andromache,Borman,aborman9s@delicious.com,Female,$456538.09,603722892,PP
354,Becca,Nucciotti,bnucciotti9t@merriam-webster.com,Female,$872105.59,512385913,IT
355,Drusy,Cornewall,dcornewall9u@cisco.com,Female,$781497.09,670898308,PP
356,Reider,Sales,rsales9v@biglobe.ne.jp,Male,$136652.12,343364050,PP
357,Warde,Carnock,wcarnock9w@blinklist.com,Male,$415295.42,76893559,IT
358,Vlad,Stopforth,vstopforth9x@boston.com,Male,$516880.58,544740370,CC
359,Karlene,Piner,kpiner9y@dedecms.com,Female,$494140.35,960460594,PP
360,Claudelle,Veale,cveale9z@twitter.com,Female,$379885.09,753699408,PP
361,Mala,McGrotty,mmcgrottya0@comsenz.com,Female,$597935.18,789889600,CC
362,Malinde,Heiner,mheinera1@bravesites.com,Female,$936093.90,206369292,IT
363,Malchy,McComiskie,mmccomiskiea2@dot.gov,Male,$531385.97,316088856,PP
364,Minny,Plume,mplumea3@diigo.com,Female,$305236.03,474726675,IT
365,Fernanda,Jorck,fjorcka4@yahoo.com,Female,$899204.83,801690043,PP
366,Wit,Horche,whorchea5@github.com,Male,$496593.06,505924986,IT
367,Berkley,Rowles,browlesa6@rambler.ru,Male,$779205.80,450689661,PP
368,Rufus,Swepson,rswepsona7@imdb.com,Male,$737674.29,706048415,IT
369,Emanuel,Easman,eeasmana8@diigo.com,Male,$847176.81,894950623,IT
370,Michaelina,Joss,mjossa9@pbs.org,Female,$361434.55,154210472,CC
371,Carmel,Crossby,ccrossbyaa@networkadvertising.org,Female,$620211.17,99912319,IT
372,Lonnard,Gouley,lgouleyab@hibu.com,Male,$172352.81,1017522640,CC
373,Normie,Redbourn,nredbournac@sitemeter.com,Male,$438271.13,169075408,CC
374,Nolan,Boshere,nbosheread@vinaora.com,Male,$896376.64,1022796306,IT
375,Tucky,Maven,tmavenae@1688.com,Male,$155979.96,845895190,IT
376,Correna,Waszczykowski,cwaszczykowskiaf@sitemeter.com,Female,$540144.39,156299641,PP
377,Paulie,Clinton,pclintonag@blogspot.com,Female,$483465.66,899467323,IT
378,Hilly,Mulliss,hmullissah@newyorker.com,Male,$290432.21,958358483,PP
379,Brennen,Sime,bsimeai@apple.com,Male,$146360.13,520185358,CC
380,Debbi,Rentoll,drentollaj@narod.ru,Female,$778986.23,1042251959,CC
381,Alissa,Bernhardt,abernhardtak@mit.edu,Female,$721647.92,321268703,IT
382,Lydia,Toland,ltolandal@arizona.edu,Female,$288196.87,428349185,PP
383,Shelba,Gerb,sgerbam@cnet.com,Female,$818786.31,197439465,IT
384,Alasdair,Jirzik,ajirzikan@themeforest.net,Male,$327449.76,976554407,IT
385,Shirley,Smardon,ssmardonao@earthlink.net,Female,$272337.85,334171609,CC
386,Julio,Birkhead,jbirkheadap@sun.com,Male,$752819.32,463648871,PP
387,Dell,MacCourt,dmaccourtaq@uiuc.edu,Male,$528538.55,333772129,IT
388,Jarad,Crollman,jcrollmanar@edublogs.org,Male,$489482.88,519124585,CC
389,Joel,Boyne,jboyneas@bbb.org,Male,$541334.41,995127329,CC
390,Henry,Tredinnick,htredinnickat@va.gov,Male,$504951.04,811687527,IT
391,Yankee,Dennant,ydennantau@sun.com,Male,$416653.87,41372743,PP
392,Jock,Marcoolyn,jmarcoolynav@aol.com,Male,$150785.34,109619085,PP
393,Nathaniel,Aingel,naingelaw@shutterfly.com,Male,$399912.40,546913048,IT
394,Pebrook,Geard,pgeardax@google.co.jp,Male,$501853.15,443125221,PP
395,Merrel,Letessier,mletessieray@delicious.com,Male,$500641.56,521274760,CC
396,Garrik,Stout,gstoutaz@msn.com,Male,$125134.61,913527505,CC
397,Joycelin,Borrel,jborrelb0@sogou.com,Female,$520516.87,456736301,IT
398,Dominick,Sawood,dsawoodb1@craigslist.org,Male,$483605.82,279219395,PP
399,Pyotr,Breache,pbreacheb2@goodreads.com,Male,$364194.26,309025544,IT
400,Shane,Haugen,shaugenb3@godaddy.com,Male,$103950.57,659063688,CC
401,Damaris,Denerley,ddenerleyb4@domainmarket.com,Female,$935326.72,57103808,IT
402,Noah,Searjeant,nsearjeantb5@dion.ne.jp,Male,$456699.96,268228932,PP
403,Raddie,Wagge,rwaggeb6@cdc.gov,Male,$892794.71,449387011,PP
404,Clemmy,Markwick,cmarkwickb7@mediafire.com,Male,$912035.11,1002381570,IT
405,Bartie,Hurdis,bhurdisb8@senate.gov,Male,$286889.05,843214537,IT
406,Alexandrina,Salleir,asalleirb9@hud.gov,Female,$415951.06,434834259,IT
407,Zitella,Dyer,zdyerba@telegraph.co.uk,Female,$316140.00,536107140,IT
408,Rorke,Hards,rhardsbb@indiegogo.com,Male,$905306.47,390608677,IT
409,Marie,Hannah,mhannahbc@unicef.org,Female,$224379.36,867857071,IT
410,Eddi,Cassin,ecassinbd@wiley.com,Female,$832466.62,483048024,CC
411,Minni,Coonan,mcoonanbe@studiopress.com,Female,$731564.23,926106893,IT
412,Pincas,Skelcher,pskelcherbf@aol.com,Male,$654293.22,132354188,IT
413,Cherilyn,Summerlee,csummerleebg@naver.com,Female,$704316.27,750655519,CC
414,Junina,Severn,jsevernbh@businesswire.com,Female,$453278.32,484030148,PP
415,Gennie,Satford,gsatfordbi@hc360.com,Female,$999089.85,140655680,PP
416,Caresa,Pfeffle,cpfefflebj@umich.edu,Female,$601111.37,381941555,IT
417,Daune,Neilly,dneillybk@slashdot.org,Female,$257389.05,342923781,CC
418,Gordy,Chancellor,gchancellorbl@dropbox.com,Male,$517760.80,280657007,IT
419,Otto,Domenget,odomengetbm@ebay.com,Male,$904777.12,450357793,PP
420,Aloysia,Meakin,ameakinbn@dot.gov,Female,$386057.11,970083554,CC
421,Jonell,Jacomb,jjacombbo@amazon.co.jp,Female,$274052.02,581510082,PP
422,Georgia,Rembrant,grembrantbp@fema.gov,Female,$924224.00,627931327,PP
423,Mariellen,Cholonin,mcholoninbq@blinklist.com,Female,$999479.22,904423125,IT
424,Yurik,Farmiloe,yfarmiloebr@issuu.com,Male,$918990.11,418247776,CC
425,Ailee,Assard,aassardbs@ed.gov,Female,$796055.76,594312013,IT
426,Dyana,Burkwood,dburkwoodbt@paginegialle.it,Female,$828449.96,895018660,IT
427,Doralia,Pigden,dpigdenbu@latimes.com,Female,$913427.92,230307991,PP
428,Theressa,Bartley,tbartleybv@parallels.com,Female,$793873.39,758826122,CC
429,Cilka,Harrell,charrellbw@vistaprint.com,Female,$706902.04,304492057,IT
430,Thaddus,Revel,trevelbx@hud.gov,Male,$763529.19,118318736,PP
431,Rubi,McWhorter,rmcwhorterby@examiner.com,Female,$874773.32,838738646,CC
432,Alayne,Greenley,agreenleybz@ameblo.jp,Female,$275431.62,817557235,PP
433,Bradford,Standring,bstandringc0@mozilla.com,Male,$485555.95,1007234188,PP
434,Caroline,Di Nisco,cdiniscoc1@ucoz.ru,Female,$795911.49,510539526,CC
435,Honoria,Verheyden,hverheydenc2@creativecommons.org,Female,$976381.24,438107113,PP
436,Brose,Connors,bconnorsc3@xing.com,Male,$922571.37,218798771,CC
437,Ayn,Binder,abinderc4@delicious.com,Female,$797480.15,910930360,CC
438,Wit,Loble,wloblec5@freewebs.com,Male,$777041.44,167500143,CC
439,Redd,Sutcliff,rsutcliffc6@cloudflare.com,Male,$626501.88,289493064,PP
440,Darius,Wikey,dwikeyc7@tiny.cc,Male,$607681.10,633305757,IT
441,Rubi,Figurski,rfigurskic8@yale.edu,Female,$936395.34,766632344,IT
442,Rodolph,Vittery,rvitteryc9@spotify.com,Male,$924983.23,249211322,IT
443,Berkeley,Thomazin,bthomazinca@nifty.com,Male,$136812.48,271214240,IT
444,Washington,Possek,wpossekcb@nih.gov,Male,$805140.62,350096243,PP
445,Percival,Clearie,pcleariecc@deliciousdays.com,Male,$674845.80,802817047,IT
446,Gerrie,Klaffs,gklaffscd@dagondesign.com,Male,$149592.82,921285015,PP
447,Ninon,Prin,nprince@scribd.com,Female,$939769.33,28766501,PP
448,Devinne,Quenell,dquenellcf@youtube.com,Female,$245631.47,264669545,IT
449,Olga,Penni,opennicg@alexa.com,Female,$519618.33,616269342,CC
450,Taffy,Domenichini,tdomenichinich@1688.com,Female,$119913.85,325547193,IT
451,Phelia,Flannigan,pflanniganci@salon.com,Female,$683026.73,433772665,CC
452,Chrissy,Aleksich,caleksichcj@ft.com,Male,$425732.11,441259326,PP
453,Danika,Ruf,drufck@apache.org,Female,$978140.20,724458556,IT
454,Jocelin,Barnes,jbarnescl@alexa.com,Female,$430537.76,102631784,IT
455,Eadie,Hovard,ehovardcm@yellowpages.com,Female,$605673.79,126302959,CC
456,Wolfgang,Bankes,wbankescn@livejournal.com,Male,$710978.39,960115325,IT
457,Chuck,Kobpac,ckobpacco@who.int,Male,$880365.38,684298846,PP
458,Brunhilda,Clothier,bclothiercp@wufoo.com,Female,$495521.86,632013820,IT
459,Antonino,De Santos,adesantoscq@163.com,Male,$378510.87,670843050,IT
460,Alleyn,Springthorp,aspringthorpcr@gnu.org,Male,$746527.99,138615297,CC
461,Darin,Rummer,drummercs@nsw.gov.au,Male,$522949.84,236038129,PP
462,Eldin,Ledwich,eledwichct@cdc.gov,Male,$210623.25,422294264,CC
463,Bartlet,Hassey,bhasseycu@163.com,Male,$829366.45,419135268,IT
464,Jeffy,Messenbird,jmessenbirdcv@bloglovin.com,Male,$560897.26,223736064,IT
465,Stern,Hatch,shatchcw@dell.com,Male,$323034.94,343592000,IT
466,Leanora,Kesper,lkespercx@liveinternet.ru,Female,$501027.57,804846417,PP
467,Aland,Borthe,aborthecy@shareasale.com,Male,$892010.87,86882374,IT
468,Briney,Miranda,bmirandacz@ustream.tv,Female,$921138.62,236783422,IT
469,Regina,Lidierth,rlidierthd0@php.net,Female,$637525.70,118813889,IT
470,Kayley,Olsson,kolssond1@wordpress.com,Female,$700147.65,22771347,IT
471,Elsy,Franckton,efrancktond2@ebay.com,Female,$951421.30,1001059132,CC
472,Saul,Blackaller,sblackallerd3@sciencedaily.com,Male,$210237.24,967437800,PP
473,Niko,Slafford,nslaffordd4@github.com,Male,$570257.59,1020914225,CC
474,Celinka,McClenaghan,cmcclenaghand5@upenn.edu,Female,$423868.04,1008610542,PP
475,Genna,McMarquis,gmcmarquisd6@php.net,Female,$201176.40,913654792,IT
476,Orren,Stapele,ostapeled7@jugem.jp,Male,$580384.96,300253809,IT
477,Miriam,Lighterness,mlighternessd8@google.it,Female,$758062.52,773122604,IT
478,Mitch,Mousley,mmousleyd9@exblog.jp,Male,$239849.02,120187089,PP
479,Daria,Goathrop,dgoathropda@wunderground.com,Female,$896784.21,935540148,CC
480,Galina,Velez,gvelezdb@unicef.org,Female,$418417.29,853669688,PP
481,Alisha,Costelloe,acostelloedc@mit.edu,Female,$399268.78,369920675,PP
482,Marysa,Kneesha,mkneeshadd@ft.com,Female,$144618.71,110869670,IT
483,Sancho,Ashcroft,sashcroftde@naver.com,Male,$992130.77,708327424,PP
484,Gabi,Hargitt,ghargittdf@csmonitor.com,Male,$639945.79,754718666,PP
485,Napoleon,Braams,nbraamsdg@fotki.com,Male,$884884.13,1005876078,IT
486,Amabel,Stiffkins,astiffkinsdh@bloomberg.com,Female,$137310.09,535410626,IT
487,Lauri,Dudney,ldudneydi@bandcamp.com,Female,$946199.70,610348171,IT
488,Michaela,Mayhead,mmayheaddj@imdb.com,Female,$865036.30,228445853,PP
489,Nelia,Dykes,ndykesdk@indiatimes.com,Female,$698146.05,300145355,PP
490,Aguste,Robshaw,arobshawdl@bing.com,Male,$440300.14,801859744,PP
491,Zackariah,Tal,ztaldm@exblog.jp,Male,$489127.66,566391230,PP
492,Barnebas,Ziemecki,bziemeckidn@foxnews.com,Male,$297858.43,1002537573,PP
493,Daveen,Buttery,dbutterydo@bloglovin.com,Female,$899163.14,256760010,PP
494,Algernon,St. Clair,astclairdp@weebly.com,Male,$251552.83,280231094,CC
495,Kali,Wrey,kwreydq@economist.com,Female,$335775.74,620248485,PP
496,Lauretta,Mearns,lmearnsdr@un.org,Female,$584869.19,550894086,IT
497,Babbie,Schuck,bschuckds@shutterfly.com,Female,$595986.52,556394977,CC
498,Noelle,Verson,nversondt@pen.io,Female,$569060.61,120927855,IT
499,Roanne,Jennery,rjennerydu@bandcamp.com,Female,$858770.41,929660877,IT
500,Tiffie,Meale,tmealedv@rediff.com,Female,$239402.71,333788326,IT
501,Mycah,Shiels,mshielsdw@ovh.net,Male,$595264.05,955735501,PP
502,Nev,Edgcumbe,nedgcumbedx@usnews.com,Male,$572883.56,119074333,IT
503,Natty,Curson,ncursondy@bloomberg.com,Male,$382705.25,316780297,CC
504,Shelia,Perrelli,sperrellidz@bing.com,Female,$367601.77,575542829,IT
505,Shirley,Nystrom,snystrome0@dell.com,Female,$363567.41,219707468,IT
506,Ham,Plaster,hplastere1@ebay.com,Male,$157352.56,332036322,CC
507,Leanna,Benda,lbendae2@opensource.org,Female,$374971.06,311997500,PP
508,Natalya,Fuzzens,nfuzzense3@opensource.org,Female,$103720.97,604462500,CC
509,Dudley,Bocke,dbockee4@infoseek.co.jp,Male,$940783.00,169650495,IT
510,Cly,Lockyear,clockyeare5@rambler.ru,Male,$102639.56,351454994,PP
511,Kaela,Storer,kstorere6@time.com,Female,$354618.67,297464061,CC
512,Minne,Forsdyke,mforsdykee7@miitbeian.gov.cn,Female,$981023.08,773823602,IT
513,Emyle,Yabsley,eyabsleye8@liveinternet.ru,Female,$770052.60,258727714,IT
514,Ada,Hancell,ahancelle9@hud.gov,Female,$451548.30,305924825,IT
515,Lynna,Whyard,lwhyardea@multiply.com,Female,$755734.24,616140076,CC
516,Aggi,Tarbath,atarbatheb@i2i.jp,Female,$997231.72,109756896,IT
517,Jean,Lilywhite,jlilywhiteec@sohu.com,Male,$281527.25,910323009,CC
518,Hester,Parren,hparrened@newyorker.com,Female,$298719.12,540054036,CC
519,Ned,Hindhaugh,nhindhaughee@businessinsider.com,Male,$710791.97,157624266,IT
520,Ernie,Levesley,elevesleyef@google.co.jp,Male,$200471.85,143611908,CC
521,Meade,Briiginshaw,mbriiginshaweg@npr.org,Male,$596899.41,302092638,CC
522,Lew,Pandie,lpandieeh@samsung.com,Male,$794537.86,603849721,IT
523,Felicio,Jewett,fjewettei@gov.uk,Male,$717473.77,337642962,CC
524,Guss,Kabisch,gkabischej@yellowpages.com,Male,$594429.52,711933429,CC
525,Raleigh,Radclyffe,rradclyffeek@japanpost.jp,Male,$786503.84,659148473,CC
526,Garvey,Korous,gkorousel@utexas.edu,Male,$145792.07,538940740,PP
527,Cyrill,Jenks,cjenksem@globo.com,Male,$871864.58,708407167,IT
528,Hunt,Gallahue,hgallahueen@technorati.com,Male,$348113.30,820034208,PP
529,Shellie,Mamwell,smamwelleo@naver.com,Female,$252670.60,95543639,CC
530,Orv,Clampe,oclampeep@about.me,Male,$239118.16,1011502930,CC
531,Gerri,Sugarman,gsugarmaneq@washington.edu,Male,$454568.01,107913458,IT
532,Jolie,Tellenbrok,jtellenbroker@unc.edu,Female,$673780.03,172740469,IT
533,Juli,Waylett,jwaylettes@tripadvisor.com,Female,$366773.95,357438003,PP
534,Cobbie,Swain,cswainet@ifeng.com,Male,$657315.03,784719728,IT
535,Angelico,Simmonite,asimmoniteeu@adobe.com,Male,$418879.16,305843491,IT
536,Oralia,Purdey,opurdeyev@nih.gov,Female,$969082.16,134611252,CC
537,Orlan,Aleshintsev,oaleshintsevew@google.it,Male,$980107.36,443437059,PP
538,Marcello,Mathiasen,mmathiasenex@jalbum.net,Male,$153396.01,853673633,IT
539,Basile,Marin,bmariney@washington.edu,Male,$950903.52,56135116,PP
540,Jonas,Camelli,jcamelliez@zimbio.com,Male,$474884.75,198139662,CC
541,Orville,O'Sheils,oosheilsf0@virginia.edu,Male,$276373.96,456820232,CC
542,Jammal,Whereat,jwhereatf1@unblog.fr,Male,$619452.77,986971592,IT
543,Den,Priestley,dpriestleyf2@com.com,Male,$214079.32,950502491,IT
544,Sonny,Anthoine,santhoinef3@si.edu,Male,$212117.23,941253884,PP
545,Ralf,Standbridge,rstandbridgef4@mysql.com,Male,$628427.44,37931695,PP
546,Nilson,Coules,ncoulesf5@house.gov,Male,$220566.97,531308424,IT
547,Forster,Sieve,fsievef6@jimdo.com,Male,$163359.63,84084483,PP
548,Wileen,Francomb,wfrancombf7@flickr.com,Female,$483372.50,940874363,PP
549,Davida,Swede,dswedef8@opensource.org,Female,$651206.25,909278725,CC
550,Felicity,Prowting,fprowtingf9@alibaba.com,Female,$668215.38,5732829,IT
551,Hervey,Morton,hmortonfa@oakley.com,Male,$117289.87,545682712,PP
552,Avivah,Preon,apreonfb@multiply.com,Female,$881003.20,856573278,CC
553,Hermione,Ponder,hponderfc@networkadvertising.org,Female,$721479.38,73377691,PP
554,Hillard,Antonignetti,hantonignettifd@cbslocal.com,Male,$168994.40,496011283,PP
555,Myrlene,Fist,mfistfe@51.la,Female,$718933.53,499818574,IT
556,Bettine,Dimbleby,bdimblebyff@imageshack.us,Female,$742140.77,934722292,IT
557,Heriberto,Shortell,hshortellfg@live.com,Male,$849692.42,895919822,IT
558,Zarah,Melross,zmelrossfh@vinaora.com,Female,$329179.92,621112700,IT
559,Ajay,Freiberg,afreibergfi@sohu.com,Female,$684852.72,875223984,PP
560,Holly,Embury,hemburyfj@nps.gov,Female,$118328.61,910465442,IT
561,Zerk,Stamper,zstamperfk@prlog.org,Male,$792247.75,254565502,PP
562,Ibbie,Snepp,isneppfl@imageshack.us,Female,$497195.58,337065229,IT
563,Tarrance,Burghill,tburghillfm@google.com.au,Male,$488568.56,683009256,PP
564,Clementius,Borland,cborlandfn@salon.com,Male,$282396.66,692654344,IT
565,Gardener,Beed,gbeedfo@hao123.com,Male,$160046.58,221123009,PP
566,Melvin,Hallowes,mhallowesfp@w3.org,Male,$411429.83,358609035,CC
567,Rosemonde,Honeywood,rhoneywoodfq@patch.com,Female,$696108.69,718197620,IT
568,Keenan,McCraine,kmccrainefr@instagram.com,Male,$755508.98,620741195,CC
569,Oren,Dikle,odiklefs@si.edu,Male,$957940.13,925031981,CC
570,Laurene,Spradbery,lspradberyft@utexas.edu,Female,$453634.44,932702919,PP
571,Brittaney,Zoren,bzorenfu@reference.com,Female,$273563.45,910389979,IT
572,Vincent,Wittier,vwittierfv@theguardian.com,Male,$335522.35,799503563,CC
573,Chelsae,Shoutt,cshouttfw@examiner.com,Female,$402962.40,628869092,CC
574,Brandice,Grunson,bgrunsonfx@nationalgeographic.com,Female,$729596.68,908143999,PP
575,Danny,Pashba,dpashbafy@yahoo.co.jp,Male,$737513.76,358523149,CC
576,Rolf,Sherborn,rsherbornfz@economist.com,Male,$269925.28,1005981692,PP
577,Alix,Bunton,abuntong0@theguardian.com,Female,$854601.59,618127875,IT
578,Agatha,Larn,alarng1@cbsnews.com,Female,$449717.64,616739589,PP
579,Gifford,Dammarell,gdammarellg2@diigo.com,Male,$467493.81,730923167,PP
580,Randie,Mowsley,rmowsleyg3@wikimedia.org,Male,$108581.97,201492274,IT
581,Melly,Belcher,mbelcherg4@barnesandnoble.com,Female,$366698.47,967693516,PP
582,Torrey,Grattage,tgrattageg5@sfgate.com,Male,$765962.65,444335968,IT
583,Deeanne,Reuther,dreutherg6@ca.gov,Female,$246958.10,619126906,PP
584,Any,Popley,apopleyg7@ycombinator.com,Male,$241708.53,70372439,CC
585,Tine,Acey,taceyg8@ameblo.jp,Female,$614926.89,570040080,IT
586,Ermina,Sawtell,esawtellg9@hubpages.com,Female,$617475.70,1045317528,CC
587,Reuven,Huddles,rhuddlesga@paginegialle.it,Male,$861453.60,570558396,IT
588,Mose,Mardoll,mmardollgb@weather.com,Male,$624256.77,300033762,CC
589,Launce,Wingeatt,lwingeattgc@booking.com,Male,$405968.51,439628457,PP
590,Eula,Mallebone,emallebonegd@disqus.com,Female,$659651.30,913474598,CC
591,Beulah,Fourcade,bfourcadege@mozilla.com,Female,$720299.51,842959940,IT
592,Sibeal,Copley,scopleygf@sciencedaily.com,Female,$332814.70,201397148,CC
593,Judah,Lowdyane,jlowdyanegg@ovh.net,Male,$586954.31,69754985,CC
594,Noe,Novic,nnovicgh@paypal.com,Male,$948322.01,384795574,CC
595,Bobbette,Baudinet,bbaudinetgi@smugmug.com,Female,$620127.63,309637162,IT
596,Lena,O'Mailey,lomaileygj@redcross.org,Female,$436704.95,389346341,IT
597,Darsie,Lunney,dlunneygk@freewebs.com,Female,$542277.59,63693121,CC
598,Wilmette,Honeywood,whoneywoodgl@sakura.ne.jp,Female,$836506.71,774683093,IT
599,Hadley,Askaw,haskawgm@amazon.com,Male,$903947.95,394960825,PP
600,Tess,Bielfeldt,tbielfeldtgn@storify.com,Female,$601157.87,757161391,IT
601,Fabian,Messier,fmessiergo@dmoz.org,Male,$609558.25,572648195,PP
602,Chelsey,Syrett,csyrettgp@msu.edu,Female,$685816.99,491127215,IT
603,Kirsten,Le - Count,klecountgq@abc.net.au,Female,$211417.36,975916209,PP
604,Amil,Carey,acareygr@soundcloud.com,Female,$642846.80,21498870,IT
605,Gabe,Cavanagh,gcavanaghgs@dot.gov,Male,$650362.34,471418457,PP
606,Hermia,Giffin,hgiffingt@google.it,Female,$230710.88,663780941,PP
607,Delmer,Bernucci,dbernuccigu@about.me,Male,$406436.98,731262781,IT
608,Craggie,Derisly,cderislygv@freewebs.com,Male,$687897.21,972578343,PP
609,Ruddy,Reubens,rreubensgw@ed.gov,Male,$574719.51,286501119,PP
610,Cordy,Sterte,cstertegx@ifeng.com,Male,$809958.17,226058390,CC
611,Felita,Creighton,fcreightongy@tiny.cc,Female,$870541.77,797807183,PP
612,Chadwick,Gotcliffe,cgotcliffegz@blogspot.com,Male,$980408.76,65829167,IT
613,Stanford,Bromby,sbrombyh0@deliciousdays.com,Male,$431825.98,1013081549,CC
614,Patsy,Stithe,pstitheh1@nasa.gov,Female,$573305.53,490422510,CC
615,Osborne,Tevelov,otevelovh2@trellian.com,Male,$189645.76,185386614,IT
616,Francene,Ramsay,framsayh3@senate.gov,Female,$210205.65,718923036,PP
617,Lulita,Paice,lpaiceh4@symantec.com,Female,$943647.67,209758579,PP
618,Cole,Dessaur,cdessaurh5@indiatimes.com,Male,$472529.19,161815352,PP
619,Phebe,Jancso,pjancsoh6@a8.net,Female,$836653.78,605008527,CC
620,Janette,Fearnyhough,jfearnyhoughh7@army.mil,Female,$851531.56,335859673,CC
621,Kennedy,Rodolf,krodolfh8@1und1.de,Male,$240123.09,181236413,PP
622,Mendel,Rootham,mroothamh9@dagondesign.com,Male,$766995.20,923199548,IT
623,Chaddy,holmes,cholmesha@csmonitor.com,Male,$708302.65,611741073,IT
624,Sorcha,Mateja,smatejahb@t.co,Female,$724692.90,377637487,PP
625,Shay,Golbourn,sgolbournhc@nhs.uk,Female,$818642.93,295443065,PP
626,Gaye,Trays,gtrayshd@zdnet.com,Female,$200596.03,116851372,IT
627,Gabby,Rowcastle,growcastlehe@privacy.gov.au,Male,$859407.10,848099967,IT
628,Romona,Lamprey,rlampreyhf@posterous.com,Female,$773320.64,524284839,PP
629,Hill,Spaice,hspaicehg@sina.com.cn,Male,$969388.93,349885660,CC
630,Diane,Stanesby,dstanesbyhh@europa.eu,Female,$901332.57,736231985,IT
631,Daffi,Pollicote,dpollicotehi@ifeng.com,Female,$699970.02,487555325,CC
632,Fee,Emm,femmhj@stanford.edu,Male,$391152.20,393383477,PP
633,Mignonne,Talby,mtalbyhk@state.gov,Female,$312361.52,1011254093,CC
634,Carin,Spurret,cspurrethl@ovh.net,Female,$341753.92,892877051,PP
635,Cherrita,Hall-Gough,challgoughhm@squarespace.com,Female,$173308.75,774148400,IT
636,Arty,See,aseehn@si.edu,Male,$592985.67,820465293,CC
637,Valry,Wordington,vwordingtonho@nytimes.com,Female,$285931.89,394211508,IT
638,Brian,Mayte,bmaytehp@mac.com,Male,$108198.42,519184438,PP
639,Abdel,Mardell,amardellhq@businessweek.com,Male,$963100.13,935229600,IT
640,Agosto,Bushell,abushellhr@ask.com,Male,$747177.20,102272039,IT
641,Jeramey,Gatrell,jgatrellhs@freewebs.com,Male,$722382.22,903067919,CC
642,Cahra,Oakman,coakmanht@flavors.me,Female,$151882.58,891899368,CC
643,Dorey,Bromage,dbromagehu@npr.org,Female,$123207.09,798512824,IT
644,Jenna,Addicote,jaddicotehv@reverbnation.com,Female,$632930.52,755356059,CC
645,Catherin,Sonier,csonierhw@rediff.com,Female,$813892.46,590167504,PP
646,Roselle,Abella,rabellahx@eepurl.com,Female,$241304.18,619123151,IT
647,Tallie,Vondrak,tvondrakhy@yelp.com,Female,$971887.58,875448845,IT
648,Liuka,Yanyshev,lyanyshevhz@fema.gov,Female,$638882.33,35364676,IT
649,Nicky,Crathorne,ncrathornei0@cocolog-nifty.com,Male,$864158.68,846757554,CC
650,Dayna,Veitch,dveitchi1@patch.com,Female,$944248.62,407807108,IT
651,Elwood,Bellini,ebellinii2@over-blog.com,Male,$912193.44,666862776,IT
652,Milka,Hutchison,mhutchisoni3@a8.net,Female,$101561.31,274545675,PP
653,Kasey,Bhar,kbhari4@irs.gov,Female,$161146.07,94826113,IT
654,Benedikt,Skett,bsketti5@netscape.com,Male,$574891.24,322488180,IT
655,Crissie,Grane,cgranei6@pagesperso-orange.fr,Female,$133944.44,1043608501,PP
656,Drucill,Carse,dcarsei7@reuters.com,Female,$747693.18,1046980811,CC
657,Charyl,Yakovl,cyakovli8@forbes.com,Female,$487677.00,95894207,PP
658,Marcos,Sola,msolai9@reverbnation.com,Male,$796862.38,835132741,IT
659,Sonya,Grimstead,sgrimsteadia@stumbleupon.com,Female,$848908.54,929079654,IT
660,Fannie,Delafont,fdelafontib@engadget.com,Female,$156485.29,975804072,CC
661,Verina,Kernermann,vkernermannic@sun.com,Female,$267448.62,1041437862,CC
662,Jeremias,Bantham,jbanthamid@goo.ne.jp,Male,$969526.29,635087560,CC
663,Aland,Landrick,alandrickie@ycombinator.com,Male,$597842.71,676055172,CC
664,Francis,Sea,fseaif@desdev.cn,Male,$801603.68,719397689,PP
665,Bing,Dawtre,bdawtreig@studiopress.com,Male,$352390.48,136506523,IT
666,Rozelle,Chopin,rchopinih@google.nl,Female,$758012.67,241668017,IT
667,Godwin,Delahunty,gdelahuntyii@dagondesign.com,Male,$820094.13,1026602771,PP
668,Livvie,Cleever,lcleeverij@cdc.gov,Female,$305644.26,910318314,PP
669,Cate,Castree,ccastreeik@weebly.com,Female,$605457.98,101507246,IT
670,Mari,Teall,mteallil@craigslist.org,Female,$387117.63,109573130,CC
671,Dudley,Lisciandro,dlisciandroim@ameblo.jp,Male,$455051.37,270921341,CC
672,Haley,Griss,hgrissin@php.net,Female,$977023.82,892042449,PP
673,Wright,Escalante,wescalanteio@4shared.com,Male,$631343.47,65453254,IT
674,Jocelyne,Galbreath,jgalbreathip@cnn.com,Female,$445342.20,77498848,CC
675,Alf,Narramor,anarramoriq@bluehost.com,Male,$250301.04,121017256,PP
676,Malvina,Whiffen,mwhiffenir@weebly.com,Female,$538909.50,950687732,PP
677,Rockie,Inglesfield,ringlesfieldis@is.gd,Male,$229011.54,520512165,IT
678,Dulciana,Whiting,dwhitingit@joomla.org,Female,$409139.11,888434179,IT
679,Wilhelm,Sherwood,wsherwoodiu@ucla.edu,Male,$608982.18,339781224,CC
680,Silvano,Alp,salpiv@zimbio.com,Male,$750043.45,539362427,CC
681,Kippie,Tarbert,ktarbertiw@nbcnews.com,Female,$423796.53,938038990,IT
682,Bert,Ahrens,bahrensix@ask.com,Female,$697810.41,258240246,PP
683,Susannah,Hannibal,shannibaliy@hatena.ne.jp,Female,$215841.17,345926164,CC
684,Oralee,Greenan,ogreenaniz@tripod.com,Female,$457224.48,621693217,CC
685,Garrick,Lago,glagoj0@unesco.org,Male,$718267.67,202518293,IT
686,Carlyn,Gehringer,cgehringerj1@newyorker.com,Female,$560527.27,962317795,CC
687,Lauretta,Spinas,lspinasj2@bbc.co.uk,Female,$428202.26,142917553,IT
688,Angelita,Dyerson,adyersonj3@devhub.com,Female,$973022.15,762784930,IT
689,Laurel,Scobbie,lscobbiej4@google.ca,Female,$838323.40,429524539,CC
690,Curran,Kinde,ckindej5@comsenz.com,Male,$186724.72,719332721,IT
691,Petr,Le land,plelandj6@g.co,Male,$553409.21,1016254076,CC
692,Goldarina,Burdekin,gburdekinj7@blogger.com,Female,$614454.80,230656904,PP
693,Sindee,Matyushkin,smatyushkinj8@digg.com,Female,$359447.61,997581385,PP
694,Romeo,Servant,rservantj9@apache.org,Male,$459613.73,801990749,IT
695,Travers,Wastie,twastieja@facebook.com,Male,$519449.54,438387868,CC
696,Sofia,Ashenhurst,sashenhurstjb@cyberchimps.com,Female,$550712.11,1042624467,CC
697,Jacob,Markwelley,jmarkwelleyjc@hexun.com,Male,$468346.16,90589578,CC
698,Ricoriki,Snassell,rsnasselljd@sakura.ne.jp,Male,$827946.89,317946147,PP
699,Linea,Langsbury,llangsburyje@naver.com,Female,$669335.40,915721003,PP
700,Lydon,Casel,lcaseljf@surveymonkey.com,Male,$779647.79,866471236,IT
701,Pancho,Harness,pharnessjg@sun.com,Male,$751275.57,504880513,CC
702,Horst,Alp,halpjh@webmd.com,Male,$137490.44,890897202,PP
703,Ed,Bedboro,ebedboroji@gravatar.com,Male,$960317.66,539224956,CC
704,Chance,Stockford,cstockfordjj@1und1.de,Male,$573011.16,393568434,PP
705,Flemming,Andric,fandricjk@java.com,Male,$630874.19,557739709,CC
706,Abbe,McShirie,amcshiriejl@icq.com,Female,$248901.96,963563262,CC
707,Angel,Linny,alinnyjm@amazonaws.com,Female,$636324.04,870122827,PP
708,Mady,Lanchester,mlanchesterjn@theatlantic.com,Female,$599815.98,931570804,PP
709,Phyllida,Manderson,pmandersonjo@pbs.org,Female,$291954.79,1044797338,PP
710,Coleen,MacGill,cmacgilljp@nifty.com,Female,$244638.49,238701937,PP
711,Brita,Boone,bboonejq@cbsnews.com,Female,$570180.99,848461931,PP
712,Wilden,Magnay,wmagnayjr@google.cn,Male,$159025.06,7824808,IT
713,Katya,Fuster,kfusterjs@usgs.gov,Female,$720352.31,811032621,PP
714,Crawford,Keeves,ckeevesjt@biglobe.ne.jp,Male,$963146.53,1045446290,IT
715,Karrie,Mabee,kmabeeju@ycombinator.com,Female,$317394.69,220195131,IT
716,Estrellita,Cheson,echesonjv@hc360.com,Female,$256116.24,614524765,CC
717,Vanda,Goodliff,vgoodliffjw@live.com,Female,$963964.87,756603125,CC
718,Marcia,Pulteneye,mpulteneyejx@furl.net,Female,$194821.96,585087280,IT
719,Caro,Vicar,cvicarjy@jalbum.net,Female,$120750.18,263594595,CC
720,Evonne,McKeand,emckeandjz@mediafire.com,Female,$534528.04,756931358,IT
721,Olivier,Warsap,owarsapk0@studiopress.com,Male,$758387.20,839055379,CC
722,Salaidh,Pote,spotek1@mozilla.org,Female,$211687.43,774696786,PP
723,Maje,Hicks,mhicksk2@woothemes.com,Male,$327147.10,693694009,PP
724,Wenda,Dunstan,wdunstank3@virginia.edu,Female,$668251.71,1025676260,IT
725,Bertrando,Gaukroger,bgaukrogerk4@prweb.com,Male,$549653.77,634310306,PP
726,Davine,Verdie,dverdiek5@ted.com,Female,$736322.52,65816928,IT
727,Kaiser,Larkby,klarkbyk6@miibeian.gov.cn,Male,$825812.15,761114174,PP
728,North,Ainsbury,nainsburyk7@hexun.com,Male,$366451.97,210353283,IT
729,Shawnee,Boggon,sboggonk8@google.com.hk,Female,$759661.15,106140998,CC
730,Berton,Comino,bcominok9@google.de,Male,$489531.90,159552298,IT
731,Levon,Kinavan,lkinavanka@wordpress.com,Male,$177821.18,584387654,IT
732,Vin,Tabbernor,vtabbernorkb@prweb.com,Female,$633206.54,762895267,PP
733,Donalt,Sedgeman,dsedgemankc@bloglovin.com,Male,$661434.12,557792169,PP
734,Dareen,Barkley,dbarkleykd@samsung.com,Female,$812545.53,130302655,CC
735,Guillaume,Yelland,gyellandke@nhs.uk,Male,$479441.78,980711754,PP
736,Brennen,Bourhill,bbourhillkf@uiuc.edu,Male,$921649.67,335006493,CC
737,Lebbie,Villaron,lvillaronkg@washington.edu,Female,$620911.62,79150745,PP
738,Claresta,Hummerston,chummerstonkh@harvard.edu,Female,$403365.75,340056152,IT
739,Osborne,Bothen,obothenki@independent.co.uk,Male,$994025.96,645506878,PP
740,Nickola,Crinage,ncrinagekj@bizjournals.com,Male,$285281.83,263206671,PP
741,Maxie,Lockart,mlockartkk@google.com.br,Male,$644291.01,792388069,PP
742,Orson,Lamboll,olambollkl@cisco.com,Male,$230978.17,116076730,IT
743,Antoine,Gadsden,agadsdenkm@furl.net,Male,$374009.73,190612961,IT
744,Elmira,Loveday,elovedaykn@zdnet.com,Female,$455400.31,890246509,PP
745,Aloysia,Renn,arennko@go.com,Female,$489198.58,707025690,PP
746,Dotty,Boddam,dboddamkp@npr.org,Female,$771621.68,692380877,PP
747,Kyrstin,Balkwill,kbalkwillkq@tinyurl.com,Female,$449075.71,621049986,IT
748,Moira,Janda,mjandakr@nhs.uk,Female,$510508.12,81340364,IT
749,Trixy,Lis,tlisks@gmpg.org,Female,$975192.43,673122599,IT
750,Teddie,Creighton,tcreightonkt@ed.gov,Female,$862327.27,210546990,PP
751,Reinhard,Temprell,rtemprellku@jalbum.net,Male,$600756.69,901367817,IT
752,Cornie,Olifaunt,colifauntkv@taobao.com,Male,$384413.40,665892871,CC
753,Mariana,Lovelady,mloveladykw@barnesandnoble.com,Female,$166840.84,746773935,PP
754,Rebekkah,Burghall,rburghallkx@home.pl,Female,$426194.59,348933678,CC
755,Karylin,Staples,kstaplesky@army.mil,Female,$649262.79,714198403,CC
756,Stacy,Tripe,stripekz@craigslist.org,Male,$263885.37,419166015,PP
757,Derk,Streeter,dstreeterl0@squidoo.com,Male,$647538.78,1006389227,IT
758,Irwin,Lehenmann,ilehenmannl1@adobe.com,Male,$693569.16,701402418,PP
759,Ab,MacGorley,amacgorleyl2@newsvine.com,Male,$571507.93,970648094,PP
760,Tim,Coslitt,tcoslittl3@artisteer.com,Female,$272768.40,133455632,CC
761,Rollin,Gauche,rgauchel4@ox.ac.uk,Male,$567006.09,466287112,PP
762,Leigh,Sawkin,lsawkinl5@1und1.de,Female,$631657.95,970144877,CC
763,Thomasine,Glaysher,tglaysherl6@comcast.net,Female,$631845.23,64900157,IT
764,Myrwyn,Sammars,msammarsl7@gizmodo.com,Male,$832664.90,929165032,IT
765,Reina,Wistance,rwistancel8@shinystat.com,Female,$450923.86,154258887,CC
766,Trixy,Danell,tdanelll9@cocolog-nifty.com,Female,$421665.39,902891610,PP
767,Melicent,Westmacott,mwestmacottla@upenn.edu,Female,$262879.71,290471188,IT
768,Ronny,Beaten,rbeatenlb@nyu.edu,Female,$333493.70,834882888,CC
769,Alverta,McDermott,amcdermottlc@google.fr,Female,$176565.07,1007353941,PP
770,Vinny,Keynes,vkeynesld@about.com,Male,$928234.05,706693556,IT
771,Corny,Draycott,cdraycottle@google.fr,Female,$864461.16,281673826,CC
772,Maury,Smithies,msmithieslf@wordpress.com,Male,$118655.74,588764410,IT
773,Frederigo,Whitman,fwhitmanlg@engadget.com,Male,$624354.48,996671203,IT
774,Itch,Espinoza,iespinozalh@slashdot.org,Male,$338221.59,29672658,PP
775,Morse,Kenway,mkenwayli@whitehouse.gov,Male,$965356.52,436067957,IT
776,Karin,Sparham,ksparhamlj@g.co,Female,$618579.83,435405696,CC
777,Katrinka,Tomlett,ktomlettlk@ca.gov,Female,$490498.53,19163247,IT
778,Woodrow,Odney,wodneyll@reddit.com,Male,$262626.40,472866205,PP
779,Malvin,Castelyn,mcastelynlm@dailymotion.com,Male,$649777.29,119203899,IT
780,Clem,Kyne,ckyneln@businessweek.com,Male,$842009.46,709708459,IT
781,Northrup,Matuszyk,nmatuszyklo@ezinearticles.com,Male,$751639.94,243374711,PP
782,Sanford,Abotson,sabotsonlp@nba.com,Male,$543314.95,295031948,CC
783,Roxi,Roomes,rroomeslq@gmpg.org,Female,$910151.97,959891680,PP
784,Gregg,Kanwell,gkanwelllr@uol.com.br,Male,$998797.58,334287420,PP
785,Rosina,Van Daalen,rvandaalenls@dell.com,Female,$144166.72,469501593,CC
786,Javier,Zannini,jzanninilt@godaddy.com,Male,$579989.05,339842126,PP
787,Aluino,Filyukov,afilyukovlu@irs.gov,Male,$206098.04,965242757,CC
788,Winifred,Copsey,wcopseylv@over-blog.com,Female,$996275.18,978306848,CC
789,Chrisse,Shefton,csheftonlw@vk.com,Male,$403001.92,319921787,CC
790,Darlene,Haylands,dhaylandslx@marketwatch.com,Female,$540218.20,452017968,IT
791,Damien,Iiannoni,diiannonily@naver.com,Male,$951234.93,875226713,IT
792,Wendel,Bean,wbeanlz@feedburner.com,Male,$893032.64,144614837,PP
793,Lorne,Verbruggen,lverbruggenm0@wiley.com,Male,$813517.73,611625756,PP
794,Angelia,Cavet,acavetm1@newsvine.com,Female,$413129.91,255351597,PP
795,Edan,Organer,eorganerm2@cocolog-nifty.com,Male,$584115.06,860197847,CC
796,Lion,Marqyes,lmarqyesm3@theguardian.com,Male,$491833.25,663679188,PP
797,Lynne,Nys,lnysm4@mit.edu,Female,$593975.50,885944661,CC
798,Flossi,Corby,fcorbym5@wired.com,Female,$779542.80,927236864,PP
799,Atalanta,Wooderson,awoodersonm6@apache.org,Female,$281330.15,694985448,IT
800,Rafi,Joslin,rjoslinm7@census.gov,Male,$912134.41,216718558,CC
801,Madelle,Eatherton,meathertonm8@amazon.com,Female,$830918.00,1002062817,PP
802,Sosanna,Lysaght,slysaghtm9@nydailynews.com,Female,$845575.65,308316437,IT
803,Cordie,Cheers,ccheersma@nymag.com,Male,$707423.20,91422524,PP
804,Lydia,Crumb,lcrumbmb@delicious.com,Female,$109744.33,463977451,IT
805,Laurette,Lawman,llawmanmc@howstuffworks.com,Female,$125236.39,420795636,IT
806,Bob,Barson,bbarsonmd@gnu.org,Male,$657411.26,232116629,IT
807,Jarid,Nornasell,jnornasellme@epa.gov,Male,$172660.58,282336495,IT
808,Candida,Lindstrom,clindstrommf@amazon.co.uk,Female,$168385.36,536713399,IT
809,Ronald,Buckles,rbucklesmg@bbc.co.uk,Male,$881731.14,767364203,PP
810,Estella,Oakwood,eoakwoodmh@eepurl.com,Female,$722711.72,933303598,CC
811,Merle,Miklem,mmiklemmi@zdnet.com,Female,$788087.45,306492769,PP
812,Sonja,Maypes,smaypesmj@tinyurl.com,Female,$791987.13,423969586,PP
813,Abelard,Masden,amasdenmk@freewebs.com,Male,$509861.02,1014363908,IT
814,Kitty,Rose,kroseml@icio.us,Female,$534501.10,127269775,CC
815,Lauretta,Di Batista,ldibatistamm@shinystat.com,Female,$819062.18,749249039,IT
816,Araldo,Snawdon,asnawdonmn@huffingtonpost.com,Male,$313070.80,101003532,CC
817,Ardisj,Titman,atitmanmo@paypal.com,Female,$156924.03,732414440,IT
818,Dwayne,Kinrade,dkinrademp@si.edu,Male,$881283.00,544376790,IT
819,Stormie,Jakubovski,sjakubovskimq@toplist.cz,Female,$760459.17,576754518,CC
820,Charis,Darrach,cdarrachmr@independent.co.uk,Female,$944008.50,145443812,CC
821,Town,Leasor,tleasorms@irs.gov,Male,$884939.30,504233004,IT
822,Pearline,Clemenza,pclemenzamt@elegantthemes.com,Female,$814202.62,442520218,PP
823,Roberto,Harse,rharsemu@yahoo.co.jp,Male,$696405.70,667531214,CC
824,Cherice,Heak,cheakmv@example.com,Female,$454911.76,892922909,CC
825,Jeffry,Waadenburg,jwaadenburgmw@technorati.com,Male,$534652.98,655171036,PP
826,Billy,Quinell,bquinellmx@ftc.gov,Female,$838091.67,193592874,CC
827,Marigold,Crutch,mcrutchmy@opera.com,Female,$177657.19,396634202,PP
828,Yank,Knight,yknightmz@tmall.com,Male,$875659.11,92596134,CC
829,Riva,Rucklidge,rrucklidgen0@weebly.com,Female,$380483.02,738745852,CC
830,Rey,Carloni,rcarlonin1@51.la,Female,$345721.42,636015877,CC
831,Sheridan,Stairs,sstairsn2@omniture.com,Male,$135893.25,953698182,IT
832,Randolph,McComiskie,rmccomiskien3@dyndns.org,Male,$753702.39,348136094,IT
833,Hobart,Dzeniskevich,hdzeniskevichn4@over-blog.com,Male,$682247.09,146080891,PP
834,Tymon,Kilfether,tkilfethern5@adobe.com,Male,$231729.99,286963149,PP
835,Walt,Whiteson,wwhitesonn6@google.com.hk,Male,$603665.20,981597835,PP
836,Edd,Jakubovitch,ejakubovitchn7@netlog.com,Male,$288934.24,728067608,PP
837,Dayle,Burdge,dburdgen8@utexas.edu,Female,$645329.36,341705643,IT
838,Terri,Nethercott,tnethercottn9@ezinearticles.com,Male,$858816.75,19793937,PP
839,Saleem,Dawney,sdawneyna@tripadvisor.com,Male,$150317.18,1009431160,CC
840,Bengt,Golson,bgolsonnb@mac.com,Male,$914112.87,730164284,CC
841,Carline,Pattinson,cpattinsonnc@addthis.com,Female,$316425.89,437658428,PP
842,Artus,Targe,atargend@arizona.edu,Male,$912903.45,858865369,CC
843,Terrell,Dulake,tdulakene@lulu.com,Male,$886370.82,764878797,IT
844,Lara,MacAlpine,lmacalpinenf@nba.com,Female,$698610.96,322756356,PP
845,Ado,Corteney,acorteneyng@jimdo.com,Male,$737572.15,528613057,PP
846,Tybie,Dundon,tdundonnh@a8.net,Female,$513261.98,926808739,IT
847,Iolanthe,Love,iloveni@irs.gov,Female,$537888.10,775442714,CC
848,Joe,Piggrem,jpiggremnj@mozilla.com,Male,$725744.52,126361908,IT
849,Bunni,Carman,bcarmannk@de.vu,Female,$454779.55,278843155,PP
850,Rosana,Ox,roxnl@statcounter.com,Female,$594905.67,287068890,CC
851,Valera,Ashburne,vashburnenm@drupal.org,Female,$747146.69,367544178,CC
852,Seka,Shackesby,sshackesbynn@ft.com,Female,$174098.53,566163494,IT
853,Brandtr,Castagneto,bcastagnetono@ftc.gov,Male,$421417.45,50752045,PP
854,Fons,Wedmore.,fwedmorenp@ow.ly,Male,$825188.78,636781513,CC
855,Edna,Timny,etimnynq@virginia.edu,Female,$865336.37,990841879,PP
856,Penelopa,Nuzzi,pnuzzinr@latimes.com,Female,$591278.69,541534643,IT
857,Parke,Arnison,parnisonns@answers.com,Male,$442535.89,256699624,IT
858,Lenci,Rand,lrandnt@macromedia.com,Male,$439427.40,9767048,PP
859,Hillery,Suggett,hsuggettnu@foxnews.com,Male,$240336.41,817692550,CC
860,George,Rawls,grawlsnv@twitter.com,Female,$606148.79,764671987,IT
861,Shirline,Rajchert,srajchertnw@nationalgeographic.com,Female,$500435.96,677990293,PP
862,Alfie,Nicholas,anicholasnx@multiply.com,Male,$741837.03,884364944,PP
863,Boyce,Aymer,baymerny@cornell.edu,Male,$550950.00,540241531,IT
864,Briggs,Leathley,bleathleynz@tiny.cc,Male,$250420.99,648353088,PP
865,Shellie,Semarke,ssemarkeo0@over-blog.com,Female,$772496.26,129894557,IT
866,Brade,Verdey,bverdeyo1@senate.gov,Male,$395069.82,658367944,IT
867,Dominique,Tommasi,dtommasio2@themeforest.net,Female,$570814.89,182989587,PP
868,Thatcher,Peter,tpetero3@webs.com,Male,$500128.81,178921382,IT
869,Adaline,Sparling,asparlingo4@hc360.com,Female,$222544.78,567133712,PP
870,Phillip,Broggio,pbroggioo5@slideshare.net,Male,$935014.53,860589187,IT
871,Daisy,Canfield,dcanfieldo6@pagesperso-orange.fr,Female,$128737.63,212049758,PP
872,Bebe,Baptista,bbaptistao7@icq.com,Female,$367899.24,1033564057,CC
873,Thoma,Teresi,tteresio8@ow.ly,Male,$990355.69,232003180,IT
874,Andria,Chilcotte,achilcotteo9@ca.gov,Female,$537597.45,146233776,PP
875,Amara,Lorenz,alorenzoa@wordpress.com,Female,$274532.40,1007417129,PP
876,Dredi,Gale,dgaleob@furl.net,Female,$521566.78,843508585,IT
877,Conni,Odda,coddaoc@bbb.org,Female,$574520.25,543853306,CC
878,Buiron,McCarter,bmccarterod@ucsd.edu,Male,$223909.57,1037499939,PP
879,Jewelle,Cambell,jcambelloe@howstuffworks.com,Female,$494116.91,224546513,CC
880,Harp,Veel,hveelof@free.fr,Male,$531813.69,573364678,CC
881,Sandro,Bremner,sbremnerog@unicef.org,Male,$762782.97,458527475,PP
882,Nat,Kleanthous,nkleanthousoh@princeton.edu,Male,$533419.83,164664360,IT
883,Sax,Goodfellowe,sgoodfelloweoi@ustream.tv,Male,$378543.43,948493872,CC
884,Rana,Palmar,rpalmaroj@slashdot.org,Female,$546891.26,269961352,IT
885,Ella,Greenslade,egreensladeok@digg.com,Female,$117169.83,364594906,IT
886,Ricard,Bermingham,rberminghamol@google.nl,Male,$442136.37,98073200,PP
887,Sarge,McPartling,smcpartlingom@google.com.au,Male,$948873.34,146421706,CC
888,Maryellen,Alders,malderson@pbs.org,Female,$398469.03,775104082,IT
889,Marc,Simnor,msimnoroo@phoca.cz,Male,$373663.49,849396593,PP
890,Janine,Rosenau,jrosenauop@tripadvisor.com,Female,$898512.38,189090273,PP
891,Cris,Reddle,creddleoq@mit.edu,Female,$261029.78,77959248,CC
892,Rowan,Petris,rpetrisor@csmonitor.com,Male,$204110.96,758205870,CC
893,Oates,Milkins,omilkinsos@goodreads.com,Male,$707030.62,829822325,CC
894,Ricky,Yankeev,ryankeevot@behance.net,Male,$343021.50,69924432,PP
895,Leontyne,Dominy,ldominyou@php.net,Female,$642982.63,640244483,PP
896,Rickie,Dunks,rdunksov@soundcloud.com,Female,$146465.21,57409575,IT
897,Vivien,Rudall,vrudallow@tamu.edu,Female,$846741.79,306768727,PP
898,Remy,Yewdall,ryewdallox@narod.ru,Female,$467560.27,845320479,CC
899,Constantino,Pudner,cpudneroy@t-online.de,Male,$402329.37,18563958,CC
900,Hilton,Lehrahan,hlehrahanoz@nifty.com,Male,$396970.99,231334168,CC
901,Sherwin,Maunders,smaundersp0@moonfruit.com,Male,$443769.33,701462473,CC
902,Merill,Loughren,mloughrenp1@xrea.com,Male,$421473.32,456790689,IT
903,Moira,Weeden,mweedenp2@networkadvertising.org,Female,$462069.09,307644382,CC
904,Clemente,Weatherhead,cweatherheadp3@vk.com,Male,$380295.88,816455347,IT
905,Ollie,McCullum,omccullump4@meetup.com,Male,$986816.99,185980223,IT
906,Trudie,Shinfield,tshinfieldp5@yolasite.com,Female,$698685.02,537432304,IT
907,Nelie,McLeod,nmcleodp6@aboutads.info,Female,$653606.61,201927007,PP
908,Jdavie,Bessant,jbessantp7@arizona.edu,Male,$663955.92,290406614,IT
909,Doyle,Pringley,dpringleyp8@amazon.de,Male,$155101.97,677677886,CC
910,Conrade,Cortes,ccortesp9@1688.com,Male,$952245.05,901326196,IT
911,Joni,Esom,jesompa@tuttocitta.it,Female,$620705.15,571454636,IT
912,Lurline,Witherup,lwitheruppb@salon.com,Female,$176475.81,13786968,IT
913,Jillana,Athelstan,jathelstanpc@google.pl,Female,$447328.61,163255929,PP
914,Jacquelin,Mewhirter,jmewhirterpd@businesswire.com,Female,$558714.35,949218172,PP
915,Johnath,Muggach,jmuggachpe@cbslocal.com,Female,$499687.92,926966694,PP
916,Marc,Featherstonehaugh,mfeatherstonehaughpf@barnesandnoble.com,Male,$124976.17,410527597,PP
917,Broddie,Aarons,baaronspg@about.me,Male,$233516.96,199776084,CC
918,Pearle,Allsebrook,pallsebrookph@alibaba.com,Female,$569291.74,684557284,PP
919,Uriah,Goldin,ugoldinpi@mozilla.com,Male,$149486.38,642799656,PP
920,Sully,Arthy,sarthypj@harvard.edu,Male,$530824.23,384064789,PP
921,Emeline,Iacobassi,eiacobassipk@time.com,Female,$579619.26,764509861,IT
922,Ephrayim,Hudd,ehuddpl@ft.com,Male,$400578.69,454920105,CC
923,Rory,Laxston,rlaxstonpm@infoseek.co.jp,Male,$916053.37,670506296,IT
924,Gwenore,Scupham,gscuphampn@quantcast.com,Female,$459883.95,597511230,PP
925,Marinna,Lube,mlubepo@yellowbook.com,Female,$553081.65,447854147,CC
926,Symon,Meadows,smeadowspp@multiply.com,Male,$611856.40,1037038789,CC
927,Ilyssa,Jiru,ijirupq@chicagotribune.com,Female,$760202.37,952670499,IT
928,Wainwright,Desporte,wdesportepr@360.cn,Male,$334117.25,757238566,PP
929,Brittan,Tire,btireps@miibeian.gov.cn,Female,$630054.63,985300882,PP
930,Gweneth,O'Gorman,gogormanpt@google.de,Female,$145847.02,987311478,IT
931,Ingeberg,Excell,iexcellpu@elegantthemes.com,Female,$410915.18,661466415,IT
932,Rozalie,Priddis,rpriddispv@taobao.com,Female,$469198.09,868162693,PP
933,Justus,Prestney,jprestneypw@reference.com,Male,$538919.99,448359204,IT
934,Doroteya,Huggill,dhuggillpx@netlog.com,Female,$711171.36,699814531,CC
935,Eulalie,Lashmar,elashmarpy@hubpages.com,Female,$447944.07,782988656,IT
936,Fleurette,Petche,fpetchepz@vistaprint.com,Female,$876797.40,407346719,PP
937,Kiersten,Ewen,kewenq0@spiegel.de,Female,$549577.79,451151378,PP
938,Ozzie,Shuttell,oshuttellq1@elegantthemes.com,Male,$719033.76,142301366,IT
939,Stacy,Costall,scostallq2@symantec.com,Male,$846569.14,891904014,PP
940,Anabal,Milesap,amilesapq3@abc.net.au,Female,$173020.69,383393170,IT
941,Ethan,Burchall,eburchallq4@amazon.de,Male,$981772.20,978378803,PP
942,Xenos,Phython,xphythonq5@nps.gov,Male,$697787.91,968557372,IT
943,Fran,Downe,fdowneq6@weather.com,Female,$412563.91,700582569,CC
944,Antonino,Muzzullo,amuzzulloq7@constantcontact.com,Male,$105130.10,383091779,IT
945,Kessiah,Crosswaite,kcrosswaiteq8@smugmug.com,Female,$904632.00,364622559,CC
946,Alice,Pamplin,apamplinq9@arstechnica.com,Female,$529265.62,585314346,PP
947,Basilio,Klebes,bklebesqa@mayoclinic.com,Male,$982148.65,45386594,IT
948,Hendrik,Heskin,hheskinqb@facebook.com,Male,$770756.61,874424051,CC
949,Kristian,Fiddyment,kfiddymentqc@samsung.com,Male,$678200.25,377084534,CC
950,Daveen,Jeacop,djeacopqd@wisc.edu,Female,$689423.66,390669855,IT
951,Dita,Tomala,dtomalaqe@senate.gov,Female,$924899.83,724932004,IT
952,Bren,Varah,bvarahqf@barnesandnoble.com,Male,$966128.98,299866235,PP
953,Fonsie,Bowles,fbowlesqg@bravesites.com,Male,$199309.13,847594693,CC
954,Wrennie,Halvosen,whalvosenqh@sourceforge.net,Female,$830681.61,530421638,CC
955,Claresta,Daysh,cdayshqi@dailymotion.com,Female,$985162.12,357965778,PP
956,Mano,McCrackan,mmccrackanqj@livejournal.com,Male,$457320.43,316394530,IT
957,Connor,Cleevely,ccleevelyqk@squidoo.com,Male,$768395.15,729944549,PP
958,Dorisa,MacLeese,dmacleeseql@cocolog-nifty.com,Female,$997740.95,956876846,CC
959,Kiel,McGerr,kmcgerrqm@prlog.org,Male,$730203.35,804686468,PP
960,Berna,Pringley,bpringleyqn@linkedin.com,Female,$114772.17,610694556,IT
961,Laney,Blindt,lblindtqo@cdbaby.com,Female,$502628.51,776858912,IT
962,Prissie,Karpinski,pkarpinskiqp@cornell.edu,Female,$387320.95,512607692,CC
963,Lauretta,Dossetter,ldossetterqq@sciencedirect.com,Female,$291469.22,411088407,PP
964,Gerard,Janaszewski,gjanaszewskiqr@google.de,Male,$805528.98,732095479,PP
965,Haskel,Giraudou,hgiraudouqs@dion.ne.jp,Male,$699583.25,206845225,PP
966,Celeste,Billing,cbillingqt@nih.gov,Female,$703229.75,320323339,PP
967,Aaren,Grigsby,agrigsbyqu@census.gov,Female,$972079.42,993490181,PP
968,Keary,Seccombe,kseccombeqv@microsoft.com,Male,$961877.32,333102457,CC
969,Fanya,Gowland,fgowlandqw@hubpages.com,Female,$182595.13,917056430,CC
970,Des,Otterwell,dotterwellqx@webnode.com,Male,$333645.89,586345496,PP
971,Berny,Wrighton,bwrightonqy@theatlantic.com,Female,$393879.65,975933617,CC
972,Florri,Cornell,fcornellqz@comsenz.com,Female,$530939.01,100606865,PP
973,Gussi,Wass,gwassr0@trellian.com,Female,$832574.78,298209600,CC
974,Xerxes,Conaghy,xconaghyr1@mozilla.org,Male,$250431.19,979460666,CC
975,Madelle,Ridsdole,mridsdoler2@sphinn.com,Female,$275081.59,132852948,PP
976,Jeannie,Childers,jchildersr3@google.pl,Female,$164784.62,584268100,CC
977,Marlyn,Dimsdale,mdimsdaler4@smugmug.com,Female,$246041.44,265826064,PP
978,Elvyn,Blaydes,eblaydesr5@canalblog.com,Male,$149362.81,342882184,IT
979,Bar,Dillet,bdilletr6@photobucket.com,Male,$535295.10,909418310,PP
980,Israel,O'Meara,iomearar7@irs.gov,Male,$149347.33,402334154,CC
981,Daron,Schirak,dschirakr8@sogou.com,Male,$888168.16,76331869,PP
982,Corabelle,Siuda,csiudar9@fastcompany.com,Female,$192550.49,878434241,PP
983,Caitrin,Paxeford,cpaxefordra@boston.com,Female,$633615.66,99560764,PP
984,Currey,Waryk,cwarykrb@phoca.cz,Male,$115498.30,584494614,IT
985,Danny,Norris,dnorrisrc@a8.net,Male,$583140.75,45982207,IT
986,Britt,Simm,bsimmrd@altervista.org,Female,$879550.49,22214970,IT
987,Marissa,Urvoy,murvoyre@soundcloud.com,Female,$390079.44,382699557,IT
988,Sanford,Helsby,shelsbyrf@pagesperso-orange.fr,Male,$473410.79,198595326,CC
989,Shannah,Claesens,sclaesensrg@businessinsider.com,Female,$869093.23,193039570,CC
990,Luca,Sarten,lsartenrh@cbsnews.com,Male,$843381.27,986755116,IT
991,Mathian,Junkin,mjunkinri@huffingtonpost.com,Male,$292296.28,234587234,IT
992,Allyn,Westrip,awestriprj@cargocollective.com,Male,$734508.00,813086919,IT
993,Sloan,Gostall,sgostallrk@uiuc.edu,Male,$168931.75,838796030,PP
994,Teodoor,Whoston,twhostonrl@walmart.com,Male,$307474.39,426948623,CC
995,Bendick,Edds,beddsrm@weibo.com,Male,$217776.95,272862544,PP
996,Marcile,Cameron,mcameronrn@live.com,Female,$743197.79,302357291,PP
997,Lalo,Annandale,lannandalero@wordpress.org,Male,$568156.25,963489786,IT
998,Fair,Saintpierre,fsaintpierrerp@bloglines.com,Male,$959336.61,576055007,CC
999,Karin,Backman,kbackmanrq@vimeo.com,Female,$278490.92,773851569,PP
1000,Dara,O'Curneen,docurneenrr@sohu.com,Female,$464998.68,397696108,CC
