id,nombre,apellido,email,genero,valor_tx,numero_identificacion,tipo_identificacion
1,Manfred,Ramsey,mramsey0@cdc.gov,Male,$573181.45,461966323,CC
2,Fifine,Scrinage,fscrinage1@liveinternet.ru,Female,$395008.35,82331269,PP
3,Julianna,Burnett,jburnett2@reverbnation.com,Female,$478757.23,658914413,CC
4,Shannon,Beining,sbeining3@bloglines.com,Male,$514962.39,465521415,PP
5,Lucho,Annandale,lannandale4@homestead.com,Male,$153135.36,99212199,CC
6,Gavan,Lonie,glonie5@sohu.com,Male,$946340.86,965759639,CC
7,Martino,O'Bradane,mobradane6@zdnet.com,Male,$877686.95,398043727,PP
8,Abelard,Seadon,aseadon7@simplemachines.org,Male,$381680.40,94102350,CC
9,Grier,Denisyev,gdenisyev8@buzzfeed.com,Female,$514760.48,932219560,CC
10,Toinette,Donhardt,tdonhardt9@163.com,Female,$728159.00,173228855,IT
11,Adriano,O'Dunneen,aodunneena@mediafire.com,Male,$430370.51,830406534,PP
12,Kari,Soldan,ksoldanb@java.com,Female,$584228.60,75047564,CC
13,Gerrie,Fathers,gfathersc@cargocollective.com,Female,$131258.59,327581386,PP
14,Hermia,Drinan,hdrinand@bloglines.com,Female,$496975.84,440245124,IT
15,Valentine,Rubinshtein,vrubinshteine@cloudflare.com,Female,$854410.84,44755392,CC
16,Johanna,Friedman,jfriedmanf@cornell.edu,Female,$178857.54,241369963,CC
17,Eal,Twist,etwistg@jalbum.net,Male,$549509.89,58116628,PP
18,Courtenay,Willimot,cwillimoth@telegraph.co.uk,Female,$883863.37,646246365,PP
19,Daniel,Blanchard,dblanchardi@ycombinator.com,Male,$604464.52,496077253,PP
20,Langston,Ciobutaru,lciobutaruj@dropbox.com,Male,$241262.06,140560316,CC
21,Patric,Bloxsom,pbloxsomk@guardian.co.uk,Male,$449076.49,791028242,CC
22,Yvonne,Cliff,ycliffl@nps.gov,Female,$358167.61,488891095,PP
23,Antoine,MacDiarmid,amacdiarmidm@bloglines.com,Male,$360022.06,265167466,PP
24,Merrile,Emms,memmsn@google.co.jp,Female,$412675.82,95829641,CC
25,Rasla,Duham,rduhamo@eventbrite.com,Female,$526002.09,655565913,PP
26,Kalvin,McQuade,kmcquadep@indiegogo.com,Male,$638057.18,413498328,IT
27,Alic,Fowlestone,afowlestoneq@google.de,Male,$511444.58,783400633,PP
28,Toby,Mort,tmortr@wsj.com,Female,$731760.39,993733164,IT
29,Simmonds,Breeder,sbreeders@mapy.cz,Male,$498980.57,320945874,PP
30,Bent,Thomazet,bthomazett@is.gd,Male,$425929.89,68781146,IT
31,Dani,Gerleit,dgerleitu@cisco.com,Female,$836570.63,294733856,IT
32,Claretta,Abbatt,cabbattv@prweb.com,Female,$493004.56,928571172,CC
33,Monica,Cicculi,mcicculiw@a8.net,Female,$920866.13,484757749,CC
34,Job,D'Elia,jdeliax@unblog.fr,Male,$850078.98,923521940,IT
35,Shannan,Mertgen,smertgeny@usatoday.com,Male,$290469.05,88404471,CC
36,Shepperd,McFall,smcfallz@utexas.edu,Male,$620447.17,812631767,IT
37,Gregoor,Yellowlee,gyellowlee10@huffingtonpost.com,Male,$821813.09,220511555,IT
38,Lilllie,Izkovitch,lizkovitch11@issuu.com,Female,$155364.38,180857070,CC
39,Caressa,Schimonek,cschimonek12@freewebs.com,Female,$349109.29,62770110,CC
40,Meris,Henrichsen,mhenrichsen13@wordpress.com,Female,$715849.08,473414646,CC
41,Reid,Ausher,rausher14@cbc.ca,Male,$200784.95,588952199,IT
42,Donnie,Hourahan,dhourahan15@walmart.com,Male,$554669.90,749361081,PP
43,Amos,Korting,akorting16@studiopress.com,Male,$470255.90,434470061,IT
44,Fax,Keeble,fkeeble17@woothemes.com,Male,$916617.02,290927545,CC
45,Kirbee,Beharrell,kbeharrell18@cafepress.com,Female,$124037.92,163515273,IT
46,Brose,Yate,byate19@patch.com,Male,$418976.23,574526914,PP
47,Chico,Seniour,cseniour1a@huffingtonpost.com,Male,$893246.39,64771943,IT
48,Monte,Blaxlande,mblaxlande1b@goo.gl,Male,$315416.67,319261371,IT
49,Mikaela,Fuente,mfuente1c@edublogs.org,Female,$187794.71,234855665,IT
50,Edgar,Mattaser,emattaser1d@twitter.com,Male,$385649.60,5588529,PP
51,Willard,Roblin,wroblin1e@howstuffworks.com,Male,$835006.02,822890155,CC
52,Luisa,Jostan,ljostan1f@deviantart.com,Female,$126441.96,989713498,CC
53,Alphonso,Schirach,aschirach1g@rakuten.co.jp,Male,$541294.87,456761340,PP
54,Abagael,Carnow,acarnow1h@drupal.org,Female,$504488.19,488236872,CC
55,Andrey,Gudge,agudge1i@google.com,Male,$422947.58,304098138,CC
56,Jude,Duer,jduer1j@ameblo.jp,Male,$173995.65,779893136,CC
57,Elenore,Tripean,etripean1k@bandcamp.com,Female,$508153.27,888219864,CC
58,Matthus,Unstead,munstead1l@elpais.com,Male,$951144.92,654502642,PP
59,Lane,Greathead,lgreathead1m@ning.com,Female,$291192.45,44180987,PP
60,Hillel,Massimi,hmassimi1n@netvibes.com,Male,$858875.40,198528444,CC
61,Kelwin,McElwee,kmcelwee1o@ehow.com,Male,$899671.34,945397668,PP
62,Tedmund,Hamby,thamby1p@ftc.gov,Male,$523204.01,948838342,IT
63,Danell,Adney,dadney1q@creativecommons.org,Female,$631947.80,773826947,IT
64,Estel,Ruddiman,eruddiman1r@usnews.com,Female,$832949.37,728058180,IT
65,Louie,Levin,llevin1s@clickbank.net,Male,$985157.37,813238044,PP
66,Ario,Leverage,aleverage1t@intel.com,Male,$939098.33,505945885,CC
67,Hyacinth,Saenz,hsaenz1u@xinhuanet.com,Female,$228692.49,773367860,IT
68,Elmer,Yokelman,eyokelman1v@whitehouse.gov,Male,$629416.43,936089213,PP
69,Maxwell,Hamor,mhamor1w@wikispaces.com,Male,$592317.35,968330898,CC
70,Wynnie,Fillan,wfillan1x@shinystat.com,Female,$866252.24,947378649,PP
71,Esmeralda,Whear,ewhear1y@geocities.jp,Female,$500474.11,784929721,PP
72,Charlie,Rodd,crodd1z@csmonitor.com,Male,$288186.92,685564122,IT
73,Leigh,Gallardo,lgallardo20@whitehouse.gov,Male,$772534.79,428957234,CC
74,Hardy,Jory,hjory21@1und1.de,Male,$572244.04,800767604,IT
75,Spense,Coveley,scoveley22@furl.net,Male,$800287.04,172337683,IT
76,Marina,Klishin,mklishin23@canalblog.com,Female,$312554.02,802698473,CC
77,Sydelle,Urpeth,surpeth24@patch.com,Female,$397962.68,983266375,IT
78,Ade,Durdan,adurdan25@biblegateway.com,Male,$495013.08,154893911,PP
79,Herman,Edwardes,hedwardes26@com.com,Male,$780330.11,763681506,PP
80,Vincenz,Udy,vudy27@cornell.edu,Male,$763963.65,382097782,PP
81,Sutton,Simonel,ssimonel28@biglobe.ne.jp,Male,$484856.46,276381845,CC
82,Martainn,Kaiser,mkaiser29@hud.gov,Male,$175751.49,471975895,IT
83,Isadore,Shankland,ishankland2a@dagondesign.com,Male,$416124.91,367295566,PP
84,Estella,Shelsher,eshelsher2b@uiuc.edu,Female,$861685.47,774205034,IT
85,Candace,Pollicote,cpollicote2c@biglobe.ne.jp,Female,$730806.63,69170639,PP
86,Wake,Spellesy,wspellesy2d@google.de,Male,$405962.79,482453451,CC
87,Vinnie,Cruttenden,vcruttenden2e@mashable.com,Male,$867382.80,116640496,IT
88,Kary,Conws,kconws2f@mashable.com,Female,$696897.21,658787835,IT
89,Vern,Geely,vgeely2g@nps.gov,Male,$283608.97,967908110,PP
90,Julius,Blaker,jblaker2h@economist.com,Male,$531966.92,193863881,IT
91,Zackariah,Falconer-Taylor,zfalconertaylor2i@fema.gov,Male,$672100.96,856970477,PP
92,Candra,MacDaid,cmacdaid2j@cdc.gov,Female,$878179.85,313402338,CC
93,Jillayne,Pursglove,jpursglove2k@hugedomains.com,Female,$225621.62,622512250,CC
94,Averill,Gaskin,agaskin2l@yelp.com,Male,$791383.72,527488798,IT
95,Quincy,Gealy,qgealy2m@last.fm,Male,$961794.46,277685903,PP
96,Boigie,Delahunty,bdelahunty2n@shutterfly.com,Male,$162113.17,769253622,CC
97,Kenyon,Dysart,kdysart2o@yolasite.com,Male,$602232.26,455081033,IT
98,Sheppard,Pauletti,spauletti2p@pen.io,Male,$235192.22,246374552,CC
99,Rozella,McElory,rmcelory2q@arstechnica.com,Female,$484753.27,138610821,PP
100,Thatch,Abramsky,tabramsky2r@omniture.com,Male,$193014.84,1031934211,PP
101,Wilbur,Mc Gee,wmcgee2s@people.com.cn,Male,$588050.72,1031125361,PP
102,Rorie,Gillyett,rgillyett2t@bandcamp.com,Female,$772160.26,470518966,IT
103,Kerr,Pardie,kpardie2u@google.de,Male,$267050.34,668519266,PP
104,Gordie,Ney,gney2v@earthlink.net,Male,$754306.94,383858820,IT
105,Tremain,Arnell,tarnell2w@tamu.edu,Male,$499673.97,434075855,CC
106,Illa,Krysiak,ikrysiak2x@baidu.com,Female,$179173.45,772610359,IT
107,Hailee,Whisson,hwhisson2y@mayoclinic.com,Female,$644775.12,45827377,PP
108,Fredia,Seakin,fseakin2z@nhs.uk,Female,$558956.74,421124879,CC
109,Rahel,Switland,rswitland30@posterous.com,Female,$558532.67,113455804,IT
110,Sigmund,Ayton,sayton31@apple.com,Male,$764453.28,102676210,CC
111,Melamie,Kerby,mkerby32@addthis.com,Female,$923605.63,352751296,CC
112,Corny,Gilloran,cgilloran33@indiatimes.com,Female,$332598.49,515606746,IT
113,Modesta,Giovanazzi,mgiovanazzi34@blogtalkradio.com,Female,$659489.21,934930490,PP
114,Rebbecca,Gatheral,rgatheral35@cloudflare.com,Female,$369786.00,1016707735,PP
115,Helaina,Danaher,hdanaher36@edublogs.org,Female,$824837.37,602915070,CC
116,Harrietta,Castiblanco,hcastiblanco37@geocities.com,Female,$407780.28,838535679,PP
117,Lon,Test,ltest38@blogspot.com,Male,$872329.66,260742225,IT
118,Augustin,Dumbrill,adumbrill39@who.int,Male,$817947.09,202034270,IT
119,Patrizia,Gallafant,pgallafant3a@tinyurl.com,Female,$788383.62,933960895,CC
120,Boigie,Deetlefs,bdeetlefs3b@shop-pro.jp,Male,$584583.04,6849660,PP
121,Abby,Connechy,aconnechy3c@engadget.com,Male,$509804.66,199533986,PP
122,Ange,Duinkerk,aduinkerk3d@bizjournals.com,Male,$110900.13,815178621,IT
123,Sara-ann,Wadsworth,swadsworth3e@dell.com,Female,$546348.38,963753371,CC
124,Aubrette,Paulou,apaulou3f@icio.us,Female,$906802.63,929856100,IT
125,Trueman,Menendes,tmenendes3g@theguardian.com,Male,$651103.80,852293778,CC
126,Jeralee,Blakeway,jblakeway3h@elpais.com,Female,$500317.85,396921307,IT
127,Frederico,Carolan,fcarolan3i@noaa.gov,Male,$551676.81,60100967,CC
128,Gusti,Patis,gpatis3j@edublogs.org,Female,$216379.97,130210298,IT
129,Dore,Ditchett,dditchett3k@tinyurl.com,Male,$108278.53,928524399,IT
130,Dona,Larter,dlarter3l@imageshack.us,Female,$857863.89,701050163,IT
131,Norton,Vossgen,nvossgen3m@mediafire.com,Male,$143198.75,778771525,IT
132,Norene,Volke,nvolke3n@paypal.com,Female,$251369.76,368129872,IT
133,Maura,Dunkinson,mdunkinson3o@sbwire.com,Female,$103332.44,186797273,CC
134,Jarrid,Irons,jirons3p@tmall.com,Male,$748109.37,893911061,CC
135,Taber,Ducker,tducker3q@europa.eu,Male,$363883.09,888350621,IT
136,Basilius,Godball,bgodball3r@themeforest.net,Male,$713432.68,966136140,IT
137,Jasen,Boost,jboost3s@engadget.com,Male,$781710.25,489631417,IT
138,Marrilee,Camolli,mcamolli3t@hatena.ne.jp,Female,$855668.99,140880147,IT
139,Thekla,Skyme,tskyme3u@tuttocitta.it,Female,$658382.94,61018438,PP
140,Marty,Chavez,mchavez3v@elpais.com,Female,$912204.82,297763639,IT
141,Corilla,Quiddington,cquiddington3w@trellian.com,Female,$367750.72,823104815,PP
142,Grazia,Hinze,ghinze3x@e-recht24.de,Female,$534004.44,66258411,IT
143,Nils,Barrington,nbarrington3y@pen.io,Male,$742544.71,1041595703,CC
144,Leonora,Knee,lknee3z@loc.gov,Female,$720435.33,934184659,PP
145,Maureen,Von Helmholtz,mvonhelmholtz40@accuweather.com,Female,$464796.26,146236256,CC
146,Jocko,Spandley,jspandley41@usatoday.com,Male,$489653.68,338304453,CC
147,Symon,Sprague,ssprague42@biblegateway.com,Male,$960099.02,803056234,IT
148,Valencia,Brettle,vbrettle43@google.de,Female,$404835.74,469634764,CC
149,Ephraim,Pickavance,epickavance44@boston.com,Male,$595061.72,388911373,CC
150,Florentia,Gepp,fgepp45@ow.ly,Female,$605333.91,528916310,PP
151,Brandtr,Bullar,bbullar46@google.it,Male,$300956.57,858711542,IT
152,Maggie,Neesam,mneesam47@alibaba.com,Female,$683854.95,337353072,IT
153,Simonne,Eatock,seatock48@360.cn,Female,$678942.63,252318287,CC
154,Zorana,Ford,zford49@meetup.com,Female,$143519.00,672001309,PP
155,Adore,Ballam,aballam4a@techcrunch.com,Female,$764939.53,687168885,PP
156,Lemmie,Mattisssen,lmattisssen4b@comcast.net,Male,$737238.17,344646685,IT
157,Billy,Byars,bbyars4c@oaic.gov.au,Male,$617217.06,752803200,IT
158,Kurtis,Mapp,kmapp4d@statcounter.com,Male,$534538.42,465866887,CC
159,Carmella,Burmingham,cburmingham4e@google.com.br,Female,$321763.82,82026386,PP
160,Hewie,Fernando,hfernando4f@home.pl,Male,$139653.74,852271182,IT
161,Joanna,Culmer,jculmer4g@google.pl,Female,$185079.18,920440019,PP
162,Jennette,Willeson,jwilleson4h@nydailynews.com,Female,$198366.24,160463277,PP
163,Boris,Wolver,bwolver4i@google.ca,Male,$843352.13,939099900,CC
164,Rosabel,Alwood,ralwood4j@livejournal.com,Female,$597789.05,313132935,CC
165,Cedric,Swaffer,cswaffer4k@sciencedaily.com,Male,$558933.58,336064482,CC
166,Charissa,Goadbie,cgoadbie4l@symantec.com,Female,$735843.02,758700633,IT
167,Billie,Neubigging,bneubigging4m@latimes.com,Male,$100521.06,212188513,CC
168,Suzette,Driffield,sdriffield4n@wikia.com,Female,$235626.66,870488848,CC
169,Tandi,Helm,thelm4o@yelp.com,Female,$202718.84,607126853,PP
170,Barbie,Dewberry,bdewberry4p@dropbox.com,Female,$472824.78,874606065,PP
171,Dolley,Fenich,dfenich4q@google.ru,Female,$521810.53,730423661,IT
172,Gibb,Btham,gbtham4r@geocities.jp,Male,$774866.44,796764237,CC
173,Evan,Brookz,ebrookz4s@symantec.com,Male,$753582.46,89383426,IT
174,Johann,Roswarne,jroswarne4t@csmonitor.com,Male,$326925.93,52639112,CC
175,Eddy,Davis,edavis4u@dailymail.co.uk,Female,$882833.22,332437347,IT
176,Boone,De Atta,bdeatta4v@dot.gov,Male,$252626.69,27844961,CC
177,Sim,Denning,sdenning4w@statcounter.com,Male,$916439.73,888932096,IT
178,Maiga,Lyst,mlyst4x@state.tx.us,Female,$214772.26,115586651,IT
179,Baldwin,Coppenhall,bcoppenhall4y@uol.com.br,Male,$425060.40,810685189,PP
180,Carole,Stemson,cstemson4z@theguardian.com,Female,$438103.33,670299367,CC
181,Katheryn,Ewens,kewens50@weather.com,Female,$294896.16,389992008,IT
182,Mannie,Cowp,mcowp51@cbc.ca,Male,$485407.04,180110261,IT
183,Robbert,Housam,rhousam52@nasa.gov,Male,$800220.66,58198708,CC
184,Wilburt,Dallison,wdallison53@live.com,Male,$732776.47,761395027,IT
185,Steve,Le Fevre,slefevre54@desdev.cn,Male,$144561.75,914706726,CC
186,Keane,Fannon,kfannon55@google.pl,Male,$655609.11,548198031,PP
187,Francoise,Ferentz,fferentz56@jimdo.com,Female,$791378.56,380497081,CC
188,Jaquenetta,Grattan,jgrattan57@cbsnews.com,Female,$111189.36,1006462810,IT
189,Erik,McGirr,emcgirr58@spiegel.de,Male,$475549.68,987137186,IT
190,Barde,Linder,blinder59@forbes.com,Male,$491546.74,311111764,CC
191,Jordanna,Fatkin,jfatkin5a@posterous.com,Female,$477368.39,597922911,IT
192,Roseanna,Castles,rcastles5b@cmu.edu,Female,$861654.51,316708759,CC
193,Grady,Haire,ghaire5c@berkeley.edu,Male,$553728.56,271168550,PP
194,Orella,Trevain,otrevain5d@bravesites.com,Female,$782973.70,158093579,IT
195,Aveline,Ratie,aratie5e@phpbb.com,Female,$107539.39,566574541,CC
196,Maury,Savary,msavary5f@goodreads.com,Male,$773433.95,774678933,CC
197,Erinna,Lygoe,elygoe5g@a8.net,Female,$776916.40,935824032,IT
198,Cristy,Lowrey,clowrey5h@shareasale.com,Female,$369536.49,749257722,CC
199,Case,Kensett,ckensett5i@hc360.com,Male,$597052.82,274045296,IT
200,Cornell,Maro,cmaro5j@bigcartel.com,Male,$544813.60,15471190,IT
201,Ammamaria,Beekman,abeekman5k@hibu.com,Female,$876314.72,905563190,PP
202,Valentin,Cavozzi,vcavozzi5l@cbslocal.com,Male,$301324.49,507573612,PP
203,Hatti,Camock,hcamock5m@google.co.uk,Female,$172268.48,639426544,PP
204,Chanda,Millard,cmillard5n@bizjournals.com,Female,$643167.21,998594093,CC
205,Melitta,Polsin,mpolsin5o@mapy.cz,Female,$721254.25,996565051,CC
206,Giuseppe,Smeed,gsmeed5p@quantcast.com,Male,$688341.26,76678766,CC
207,Guido,Langforth,glangforth5q@creativecommons.org,Male,$324042.63,681321224,PP
208,Meredith,McVey,mmcvey5r@tuttocitta.it,Female,$301389.55,763124607,CC
209,Jere,D'Alwis,jdalwis5s@edublogs.org,Male,$499226.86,1032766270,IT
210,Tybi,Lamden,tlamden5t@loc.gov,Female,$360881.11,996912113,IT
211,Turner,Axcell,taxcell5u@engadget.com,Male,$751159.79,1027740888,PP
212,Bessy,Ducker,bducker5v@home.pl,Female,$703143.57,541515591,PP
213,Mitch,Molohan,mmolohan5w@amazon.de,Male,$644578.10,684020769,IT
214,Genny,Foxon,gfoxon5x@loc.gov,Female,$880882.74,860594039,IT
215,Nicolle,Howley,nhowley5y@blogs.com,Female,$473381.10,1010760557,CC
216,Nari,Santora,nsantora5z@java.com,Female,$206180.69,208942624,PP
217,Ashlen,Tichner,atichner60@squarespace.com,Female,$415222.41,942842039,PP
218,Pascal,Gettone,pgettone61@amazon.co.uk,Male,$440840.33,412085810,PP
219,Gerick,MacDearmaid,gmacdearmaid62@noaa.gov,Male,$395481.49,470154987,PP
220,Carlene,Miebes,cmiebes63@yolasite.com,Female,$630173.97,981783251,IT
221,Francesco,Harlick,fharlick64@cdc.gov,Male,$635632.76,773138728,PP
222,Barry,Zuan,bzuan65@cbc.ca,Male,$374612.61,127792276,CC
223,Cross,Fulbrook,cfulbrook66@list-manage.com,Male,$871494.78,274470441,IT
224,Rossy,Rodder,rrodder67@fda.gov,Male,$850008.83,257852063,PP
225,Jonas,Volet,jvolet68@jugem.jp,Male,$268958.17,214303148,IT
226,Natalya,Ronci,nronci69@bing.com,Female,$384551.46,654128174,CC
227,Marilee,Lloyd-Williams,mlloydwilliams6a@mozilla.com,Female,$879593.39,415699743,PP
228,Bailie,Littler,blittler6b@walmart.com,Male,$139486.26,264865470,CC
229,Russell,Dudley,rdudley6c@mapquest.com,Male,$161953.17,611314277,IT
230,Kakalina,Govini,kgovini6d@geocities.com,Female,$858090.17,698472579,IT
231,Chrissy,Ambrosini,cambrosini6e@google.cn,Female,$392637.81,818993987,CC
232,Galen,Snoden,gsnoden6f@wordpress.org,Male,$286744.09,1039891879,PP
233,Brucie,Forman,bforman6g@goodreads.com,Male,$709408.04,1023620599,PP
234,Mireielle,Trowsdall,mtrowsdall6h@eepurl.com,Female,$163959.38,55774872,PP
235,Cherilynn,Lerner,clerner6i@imgur.com,Female,$157519.38,54943156,CC
236,Richart,Rawlinson,rrawlinson6j@digg.com,Male,$877533.49,1011280846,PP
237,Maisey,Dursley,mdursley6k@e-recht24.de,Female,$957851.78,382426209,CC
238,Alejandrina,Cashin,acashin6l@wix.com,Female,$729371.99,573059977,CC
239,Templeton,Baiss,tbaiss6m@nasa.gov,Male,$903138.68,76028424,CC
240,Staford,Gorse,sgorse6n@cafepress.com,Male,$867883.38,330987692,PP
241,Sayres,Hallahan,shallahan6o@google.cn,Male,$378222.35,8777572,PP
242,Rafael,Rowlson,rrowlson6p@blinklist.com,Male,$178257.00,328898980,CC
243,Ingelbert,Mc-Kerley,imckerley6q@friendfeed.com,Male,$545307.12,342701428,CC
244,Benjamin,Jannasch,bjannasch6r@ycombinator.com,Male,$347161.37,178946805,CC
245,Addi,Elwill,aelwill6s@globo.com,Female,$178672.57,1015725508,CC
246,Lowrance,Jest,ljest6t@msn.com,Male,$461027.67,959569743,PP
247,Rosalia,Lorenzin,rlorenzin6u@cnn.com,Female,$810920.93,86049560,CC
248,Rainer,Stockau,rstockau6v@simplemachines.org,Male,$545898.67,1010109453,IT
249,Avictor,Powley,apowley6w@cyberchimps.com,Male,$804101.07,764438269,CC
250,Ralf,Weins,rweins6x@thetimes.co.uk,Male,$775772.70,917669308,IT
251,Miguela,Biggerstaff,mbiggerstaff6y@wp.com,Female,$990333.74,474547630,CC
252,Royal,Duckwith,rduckwith6z@webmd.com,Male,$552158.76,274516207,PP
253,Ardene,Kleimt,akleimt70@pbs.org,Female,$100620.88,877407935,IT
254,Dicky,Lemerle,dlemerle71@hubpages.com,Male,$173175.78,351262763,CC
255,Sansone,Jorg,sjorg72@over-blog.com,Male,$164450.44,23663477,CC
256,Martguerita,Everall,meverall73@wsj.com,Female,$636378.58,938080485,IT
257,Cornela,Jope,cjope74@mozilla.com,Female,$336921.19,806203831,IT
258,Joey,Opie,jopie75@virginia.edu,Female,$883400.22,47947709,PP
259,Ikey,Amner,iamner76@cam.ac.uk,Male,$397805.96,706614961,CC
260,Gerome,McElvine,gmcelvine77@samsung.com,Male,$228324.60,27675943,IT
261,Padraig,Dysart,pdysart78@mapquest.com,Male,$495317.73,695192805,CC
262,Tootsie,Caseley,tcaseley79@npr.org,Female,$226003.19,913569124,CC
263,Lurline,Todari,ltodari7a@wikimedia.org,Female,$656248.16,905140133,IT
264,Brunhilde,Geffen,bgeffen7b@abc.net.au,Female,$982215.16,859088301,PP
265,Gwendolin,Paolino,gpaolino7c@google.com,Female,$325793.31,344572039,PP
266,Pavlov,Glusby,pglusby7d@weather.com,Male,$744436.63,273952844,CC
267,Ashla,Zucker,azucker7e@washington.edu,Female,$689634.27,321035663,CC
268,Joellyn,Dayment,jdayment7f@vimeo.com,Female,$230689.49,126705991,CC
269,Ginger,Hindge,ghindge7g@fema.gov,Male,$828266.17,372465492,IT
270,Nathaniel,McLaughlan,nmclaughlan7h@tripadvisor.com,Male,$145845.34,708674482,CC
271,Saunderson,Rannald,srannald7i@ebay.co.uk,Male,$835199.19,135054604,CC
272,Bendite,Alphonso,balphonso7j@google.co.jp,Female,$665718.44,288483869,IT
273,Montague,Bohan,mbohan7k@technorati.com,Male,$697751.87,543510666,CC
274,Mord,Puddle,mpuddle7l@pcworld.com,Male,$668906.77,447509065,PP
275,Minetta,Levett,mlevett7m@vk.com,Female,$482078.33,311187444,CC
276,Vinnie,Gabler,vgabler7n@google.com,Male,$266232.88,885656460,IT
277,Lolita,Ellerby,lellerby7o@moonfruit.com,Female,$912289.61,25027916,PP
278,Skipper,Duham,sduham7p@xinhuanet.com,Male,$592441.07,305266607,IT
279,Caspar,Morsley,cmorsley7q@dedecms.com,Male,$594863.68,397558599,CC
280,Xenia,Garci,xgarci7r@sun.com,Female,$855851.71,412592746,CC
281,Gay,Gilmore,ggilmore7s@about.com,Male,$505727.74,259107674,IT
282,Andie,Palay,apalay7t@epa.gov,Female,$894398.48,543492317,IT
283,Quentin,Pandya,qpandya7u@microsoft.com,Female,$552128.70,379659846,CC
284,Carl,Frawley,cfrawley7v@soundcloud.com,Male,$502694.91,172370377,IT
285,Bryanty,Le feaver,blefeaver7w@utexas.edu,Male,$969114.44,386314189,CC
286,Laurie,Kirrens,lkirrens7x@msu.edu,Male,$243949.87,576539129,IT
287,Normie,Ecclestone,necclestone7y@nba.com,Male,$403454.64,368772531,PP
288,Teri,Frisdick,tfrisdick7z@chron.com,Female,$294805.04,692428046,PP
289,Alfred,Ciementini,aciementini80@desdev.cn,Male,$989459.80,347725659,PP
290,Henderson,Trimby,htrimby81@go.com,Male,$941941.64,518814512,PP
291,Lovell,Gilbride,lgilbride82@tinypic.com,Male,$752305.20,830037273,IT
292,Benita,Boot,bboot83@tinyurl.com,Female,$185801.42,389781826,CC
293,Viviana,Charlo,vcharlo84@youku.com,Female,$571162.70,885068507,PP
294,Trudi,Vasiltsov,tvasiltsov85@sun.com,Female,$147538.30,278582808,IT
295,Rora,Segrott,rsegrott86@stanford.edu,Female,$544960.30,54797933,CC
296,Frederic,Tamburi,ftamburi87@lulu.com,Male,$225554.58,987166557,CC
297,Barde,Churchlow,bchurchlow88@canalblog.com,Male,$178893.86,268413561,CC
298,Bale,Softley,bsoftley89@alexa.com,Male,$750416.91,924947056,CC
299,Haleigh,Yurinov,hyurinov8a@list-manage.com,Male,$823456.59,12215542,PP
300,Claudius,Arnall,carnall8b@clickbank.net,Male,$961357.96,436260374,IT
301,Daisy,Pexton,dpexton8c@youtube.com,Female,$278824.97,506622015,CC
302,Aleta,Niblo,aniblo8d@sogou.com,Female,$826702.43,149294751,IT
303,Gelya,Dacey,gdacey8e@csmonitor.com,Female,$526848.11,955643329,IT
304,Archambault,Karoly,akaroly8f@state.tx.us,Male,$189635.34,552111604,IT
305,Norby,Tavinor,ntavinor8g@imageshack.us,Male,$908711.93,795378354,PP
306,Dasie,Bernardes,dbernardes8h@cocolog-nifty.com,Female,$365526.72,287235171,IT
307,Alfredo,Partridge,apartridge8i@tiny.cc,Male,$175568.70,201963109,IT
308,Onfroi,Caldwell,ocaldwell8j@goo.gl,Male,$918349.67,39982742,PP
309,Sella,Grimbleby,sgrimbleby8k@dagondesign.com,Female,$671140.75,469396823,CC
310,Lida,Clutterbuck,lclutterbuck8l@phoca.cz,Female,$145610.17,841286250,PP
311,Shalna,Phipard-Shears,sphipardshears8m@cnet.com,Female,$879244.44,688570362,IT
312,Maxwell,Brickett,mbrickett8n@taobao.com,Male,$177502.47,480281343,IT
313,Trisha,Acomb,tacomb8o@newsvine.com,Female,$211967.26,1019767660,CC
314,Binky,Roberds,broberds8p@deviantart.com,Male,$342567.33,592597435,CC
315,Claudine,Bernardot,cbernardot8q@instagram.com,Female,$753500.27,495527456,CC
316,Victor,Durnian,vdurnian8r@fda.gov,Male,$622684.22,197123598,PP
317,Prentice,Liverock,pliverock8s@sbwire.com,Male,$547316.17,851931788,PP
318,Patience,Lacroix,placroix8t@privacy.gov.au,Female,$667281.07,418999960,PP
319,Nathanil,Rodrigo,nrodrigo8u@tinypic.com,Male,$786756.08,666481108,IT
320,Stanton,Alders,salders8v@reference.com,Male,$390142.15,84937722,CC
321,Katusha,Neles,kneles8w@bbb.org,Female,$532620.86,797632813,CC
322,Caryl,Hallad,challad8x@jalbum.net,Female,$339556.90,710348316,PP
323,Sadella,MacKibbon,smackibbon8y@bandcamp.com,Female,$244122.52,732818160,IT
324,Sawyere,Serjeantson,sserjeantson8z@netvibes.com,Male,$778717.61,954005017,CC
325,Culver,Espinet,cespinet90@independent.co.uk,Male,$882831.90,785758459,CC
326,Lyn,Keddle,lkeddle91@netscape.com,Male,$964306.22,333015179,IT
327,Jeanette,Haxby,jhaxby92@flavors.me,Female,$852201.63,83022087,CC
328,Inger,Fransman,ifransman93@arizona.edu,Female,$211482.04,557027599,CC
329,Cassandry,Wrout,cwrout94@mlb.com,Female,$393988.26,382017898,IT
330,Ellery,Loweth,eloweth95@domainmarket.com,Male,$535661.17,738169240,PP
331,Donny,Varnam,dvarnam96@biglobe.ne.jp,Male,$178630.70,526236658,CC
332,Evvie,Adamoli,eadamoli97@theglobeandmail.com,Female,$307872.28,976722487,IT
333,Ashia,Caldero,acaldero98@wsj.com,Female,$723295.95,88861558,CC
334,Gusella,Finnes,gfinnes99@cam.ac.uk,Female,$493422.08,771179271,CC
335,Vinny,Lulham,vlulham9a@sciencedirect.com,Female,$456415.03,873916545,CC
336,Cheslie,Naris,cnaris9b@pen.io,Female,$520863.28,496439608,IT
337,Currey,Kendred,ckendred9c@ted.com,Male,$281051.32,864124024,CC
338,Jaclyn,Waters,jwaters9d@nifty.com,Female,$898118.95,1045913422,CC
339,Cassie,Twelvetrees,ctwelvetrees9e@dmoz.org,Male,$634292.59,842083855,IT
340,Keeley,Morrott,kmorrott9f@ow.ly,Female,$550783.34,215008997,IT
341,Sarina,Prandoni,sprandoni9g@dmoz.org,Female,$777379.91,129408241,IT
342,Isabelle,Lafrentz,ilafrentz9h@oracle.com,Female,$972352.20,169518214,CC
343,Eustacia,Keller,ekeller9i@unc.edu,Female,$986233.04,233924228,PP
344,Hamlin,Okenden,hokenden9j@is.gd,Male,$809740.83,31550243,IT
345,Jephthah,Waliszewski,jwaliszewski9k@technorati.com,Male,$656892.13,722763601,CC
346,Grant,Barbisch,gbarbisch9l@google.ca,Male,$396785.48,648636901,PP
347,Cornelia,Caslett,ccaslett9m@fastcompany.com,Female,$477970.33,690795920,CC
348,Brittney,Loins,bloins9n@last.fm,Female,$377830.70,422702423,CC
349,Letisha,Hedan,lhedan9o@devhub.com,Female,$317899.22,154123568,PP
350,Marlo,Samuel,msamuel9p@example.com,Male,$662905.48,453197556,IT
351,Dunc,Kynton,dkynton9q@oakley.com,Male,$873076.09,155214537,PP
352,Nada,Sloat,nsloat9r@unesco.org,Female,$992665.79,268148343,PP
353,Rodolphe,Ubsdale,rubsdale9s@liveinternet.ru,Male,$530236.84,542186240,IT
354,Mollie,Dunsmore,mdunsmore9t@oracle.com,Female,$189029.30,813204571,PP
355,Cosme,Dashwood,cdashwood9u@cbc.ca,Male,$248505.98,457797578,IT
356,Jerry,Ruegg,jruegg9v@un.org,Male,$505524.10,846970389,PP
357,Jannel,Spafford,jspafford9w@miibeian.gov.cn,Female,$951126.29,106804759,PP
358,Blondelle,Trundle,btrundle9x@unblog.fr,Female,$270791.04,294688319,IT
359,Steffen,Lamport,slamport9y@ox.ac.uk,Male,$498983.36,529920004,IT
360,Raffarty,Hopfer,rhopfer9z@blog.com,Male,$758893.07,940038028,PP
361,Farand,Sissland,fsisslanda0@pinterest.com,Female,$119335.80,659007071,IT
362,Etan,Earingey,eearingeya1@google.com.br,Male,$737505.28,792479495,IT
363,Olivier,Domingues,odominguesa2@wiley.com,Male,$448171.21,474668042,IT
364,Vinni,Alves,valvesa3@scribd.com,Female,$575329.33,397895334,CC
365,Hartwell,Mardling,hmardlinga4@hc360.com,Male,$923460.10,156541397,PP
366,Elie,Terese,eteresea5@over-blog.com,Female,$325758.89,812359131,IT
367,Constantino,Bignold,cbignolda6@51.la,Male,$859774.29,901883897,CC
368,Nevile,Junes,njunesa7@newsvine.com,Male,$590380.10,972740427,CC
369,Jaymie,Haggerston,jhaggerstona8@china.com.cn,Male,$829598.95,547484207,IT
370,Kellby,Furnival,kfurnivala9@mit.edu,Male,$604996.43,78596888,PP
371,Camey,Bourthouloume,cbourthouloumeaa@flickr.com,Male,$955903.58,282854982,PP
372,Jordana,Merring,jmerringab@usatoday.com,Female,$550536.46,669322085,IT
373,Terrye,Labbet,tlabbetac@fema.gov,Female,$288145.18,279583921,CC
374,Elnora,Bortoloni,ebortoloniad@domainmarket.com,Female,$216453.99,495642175,IT
375,Berte,Maylour,bmaylourae@newyorker.com,Female,$864372.48,580218842,IT
376,Christoph,McIlherran,cmcilherranaf@spotify.com,Male,$749948.32,767052308,CC
377,Perl,Kuller,pkullerag@123-reg.co.uk,Female,$248489.77,929941780,IT
378,Dev,Corsar,dcorsarah@engadget.com,Male,$191820.10,986615608,CC
379,Devland,Cuppitt,dcuppittai@instagram.com,Male,$454814.06,316845917,CC
380,Hermina,Beincken,hbeinckenaj@amazon.co.jp,Female,$544624.49,355288246,PP
381,Scarlett,Dukes,sdukesak@blog.com,Female,$173139.65,522156786,PP
382,Ignacio,Muncer,imunceral@columbia.edu,Male,$236435.77,942692594,CC
383,Craggy,Dodwell,cdodwellam@miitbeian.gov.cn,Male,$773016.62,549119170,IT
384,Ezekiel,Wreiford,ewreifordan@vimeo.com,Male,$988375.00,527209518,PP
385,Geraldine,Ledington,gledingtonao@hud.gov,Female,$388023.20,1022381391,IT
386,Sam,Marxsen,smarxsenap@pcworld.com,Male,$465360.44,587413031,IT
387,Sigfrid,Penddreth,spenddrethaq@360.cn,Male,$871275.61,627833841,PP
388,Darcy,Noller,dnollerar@ow.ly,Male,$811945.53,964013254,IT
389,Cathee,Ziehm,cziehmas@webs.com,Female,$311670.72,596494396,CC
390,Ezra,Wemyss,ewemyssat@skyrock.com,Male,$772827.04,740000354,IT
391,Cathrine,Gilbane,cgilbaneau@senate.gov,Female,$300637.55,400775553,PP
392,Franz,Rottery,frotteryav@bbc.co.uk,Male,$245080.85,359744194,CC
393,Stephen,Spaice,sspaiceaw@drupal.org,Male,$714043.70,299441226,CC
394,Fleur,Slorach,fslorachax@amazon.de,Female,$627466.21,775849862,CC
395,Lucas,Danby,ldanbyay@washington.edu,Male,$426960.17,357902356,PP
396,Barr,Bartzen,bbartzenaz@zdnet.com,Male,$506176.50,613351716,CC
397,Oran,Obern,oobernb0@reverbnation.com,Male,$220464.22,457745532,IT
398,Washington,McGarrahan,wmcgarrahanb1@theglobeandmail.com,Male,$176353.74,660019579,CC
399,Nikaniki,Josovitz,njosovitzb2@blogger.com,Female,$634473.33,119931999,PP
400,Faunie,Davidovici,fdavidovicib3@ox.ac.uk,Female,$214430.49,877741225,IT
401,Ingamar,Kindley,ikindleyb4@1688.com,Male,$206064.04,840170491,IT
402,Rodina,Elston,relstonb5@wordpress.org,Female,$686971.65,780173414,PP
403,Maxwell,Bernardoni,mbernardonib6@geocities.jp,Male,$404543.28,12215431,PP
404,Christoffer,Ollerhead,collerheadb7@soundcloud.com,Male,$982966.47,616375071,IT
405,Ash,Bolland,abollandb8@japanpost.jp,Male,$187879.15,443606017,CC
406,Thekla,Kimble,tkimbleb9@domainmarket.com,Female,$987476.10,76212014,PP
407,Dollie,Higgan,dhigganba@ycombinator.com,Female,$331671.97,757903957,CC
408,Dimitri,Seargeant,dseargeantbb@mediafire.com,Male,$281976.49,210227017,PP
409,Frants,Dabes,fdabesbc@biblegateway.com,Male,$388756.15,285065589,CC
410,Joshua,Flacke,jflackebd@cdbaby.com,Male,$570303.17,1033497204,CC
411,Anson,Fillan,afillanbe@statcounter.com,Male,$562178.20,411860135,CC
412,Reinaldo,Willden,rwilldenbf@com.com,Male,$332321.97,569942877,IT
413,Chalmers,Armin,carminbg@globo.com,Male,$172309.83,678047129,PP
414,Reuben,Norgan,rnorganbh@live.com,Male,$216755.26,139424961,CC
415,Wally,Hartwell,whartwellbi@si.edu,Male,$851175.70,353776449,IT
416,Gabriellia,Dilley,gdilleybj@intel.com,Female,$894449.40,201604001,CC
417,Gabbie,Kempshall,gkempshallbk@seesaa.net,Male,$260097.42,107437956,CC
418,Minny,Moens,mmoensbl@istockphoto.com,Female,$813571.11,883030813,IT
419,Ede,Roskruge,eroskrugebm@blogger.com,Female,$117629.67,965136089,CC
420,Robinson,Thebeaud,rthebeaudbn@senate.gov,Male,$671997.27,200764154,PP
421,Peria,Saturley,psaturleybo@etsy.com,Female,$580306.26,857775625,PP
422,Brittney,Fish,bfishbp@tripod.com,Female,$675803.27,928352577,IT
423,Mellisent,Cleve,mclevebq@abc.net.au,Female,$831147.66,226929616,IT
424,Tobe,Rampling,tramplingbr@buzzfeed.com,Male,$484980.66,387871632,PP
425,Averell,Loude,aloudebs@ovh.net,Male,$676475.94,517590961,PP
426,Leola,Grigolashvill,lgrigolashvillbt@blinklist.com,Female,$844430.71,809332659,IT
427,Adolphus,Zorro,azorrobu@goo.gl,Male,$463346.07,111313046,IT
428,Delmar,Flatt,dflattbv@a8.net,Male,$496087.87,532607695,PP
429,Jillane,Rivalant,jrivalantbw@columbia.edu,Female,$663389.45,480726920,CC
430,Corette,Willson,cwillsonbx@moonfruit.com,Female,$684575.09,770379378,IT
431,Yetta,Phillips,yphillipsby@addthis.com,Female,$418719.66,715013400,IT
432,Brietta,Brunn,bbrunnbz@woothemes.com,Female,$260499.51,1039299433,CC
433,Jan,Jolly,jjollyc0@google.co.jp,Male,$651082.22,217215697,CC
434,Allsun,Garlick,agarlickc1@huffingtonpost.com,Female,$902978.21,891280766,CC
435,Tamar,Burthom,tburthomc2@theguardian.com,Female,$992574.97,533592181,IT
436,Lynsey,Stockdale,lstockdalec3@nifty.com,Female,$994250.61,39068323,PP
437,Gaylord,Bullen,gbullenc4@pagesperso-orange.fr,Male,$222353.79,808547594,CC
438,Wyatan,Keaveney,wkeaveneyc5@guardian.co.uk,Male,$783014.30,1009620376,CC
439,Faber,Nairn,fnairnc6@yellowbook.com,Male,$330940.64,129316031,PP
440,Kin,Abbot,kabbotc7@smugmug.com,Male,$422270.96,103355299,CC
441,Ethe,Basler,ebaslerc8@so-net.ne.jp,Male,$861163.97,737513574,PP
442,Edgard,Gaukrodge,egaukrodgec9@craigslist.org,Male,$946646.43,885611064,PP
443,Marthena,Storch,mstorchca@foxnews.com,Female,$154188.68,120964124,PP
444,Towny,Argyle,targylecb@pen.io,Male,$463445.82,636470689,IT
445,Debbi,Milsom,dmilsomcc@miibeian.gov.cn,Female,$904761.76,12727674,CC
446,Marie-jeanne,Lambdin,mlambdincd@dagondesign.com,Female,$883606.20,631253012,PP
447,Maynard,Hockell,mhockellce@amazon.de,Male,$575633.44,338196292,CC
448,Danyette,Santos,dsantoscf@blogspot.com,Female,$628049.87,910630979,PP
449,Elsi,Pendleton,ependletoncg@reddit.com,Female,$110842.99,538072014,IT
450,Merrily,Flasby,mflasbych@youku.com,Female,$403247.93,25994040,CC
451,Lynde,Magarrell,lmagarrellci@vkontakte.ru,Female,$476846.87,346385427,IT
452,Fraser,Corde,fcordecj@smh.com.au,Male,$753687.17,855483328,CC
453,Lorie,Meineken,lmeinekenck@photobucket.com,Female,$962402.86,937916287,CC
454,Malia,Hallahan,mhallahancl@ehow.com,Female,$101849.56,967418653,IT
455,Erica,Benedick,ebenedickcm@jimdo.com,Female,$402861.68,829836964,CC
456,Yorgos,Ciubutaro,yciubutarocn@google.co.uk,Male,$307902.33,81231309,CC
457,Wilton,Casaletto,wcasalettoco@a8.net,Male,$921595.38,737266502,PP
458,Maddy,Witten,mwittencp@github.io,Female,$879422.30,817478172,CC
459,Rog,Merman,rmermancq@livejournal.com,Male,$598826.22,774257679,PP
460,Shaylyn,Barkly,sbarklycr@tuttocitta.it,Female,$539025.11,878776556,PP
461,Lara,Rickeard,lrickeardcs@sina.com.cn,Female,$327342.03,825710854,PP
462,Saxon,Verrico,sverricoct@google.es,Male,$714244.66,436207277,PP
463,Diandra,Baggot,dbaggotcu@bloomberg.com,Female,$645518.17,862894927,CC
464,Amble,Lisett,alisettcv@umich.edu,Male,$415901.80,150758428,PP
465,Banky,McColley,bmccolleycw@eepurl.com,Male,$203604.32,585683737,CC
466,Tye,Foffano,tfoffanocx@ucla.edu,Male,$999655.02,83438452,IT
467,Carissa,Bice,cbicecy@harvard.edu,Female,$470346.12,366854393,PP
468,Ginni,Demko,gdemkocz@geocities.com,Female,$789475.13,897665430,IT
469,Demetre,Luff,dluffd0@europa.eu,Male,$426125.11,328473454,CC
470,Rosy,Beldan,rbeldand1@biblegateway.com,Female,$301785.43,915190034,CC
471,Marcela,Leggott,mleggottd2@dmoz.org,Female,$524752.52,793802233,CC
472,Annalee,Restieaux,arestieauxd3@over-blog.com,Female,$450669.71,1040187062,IT
473,Doy,Whenham,dwhenhamd4@shareasale.com,Male,$365459.74,747244004,CC
474,Caterina,McNay,cmcnayd5@last.fm,Female,$321330.85,698107566,PP
475,Fleur,Hursey,fhurseyd6@forbes.com,Female,$840872.39,778935962,IT
476,Arny,Rayman,araymand7@tripadvisor.com,Male,$311957.23,859841760,PP
477,Clareta,Fortun,cfortund8@soundcloud.com,Female,$183914.30,673554225,IT
478,Shem,Wickwar,swickward9@chronoengine.com,Male,$360586.49,229429448,PP
479,Francisco,Scates,fscatesda@google.com.hk,Male,$292951.85,55524505,IT
480,Ilene,Deehan,ideehandb@jigsy.com,Female,$378637.77,691078493,IT
481,Alanah,Carmel,acarmeldc@sphinn.com,Female,$176911.11,1037374924,IT
482,Rog,Poleye,rpoleyedd@desdev.cn,Male,$184217.67,361443324,CC
483,Byram,Sunock,bsunockde@nps.gov,Male,$767987.46,90061938,CC
484,Ginevra,McQuode,gmcquodedf@nifty.com,Female,$159600.48,1040586423,CC
485,Pasquale,Eglise,peglisedg@loc.gov,Male,$937416.54,114197050,CC
486,Lorna,Dahlgren,ldahlgrendh@abc.net.au,Female,$140538.24,559437141,IT
487,Clarine,Passby,cpassbydi@umn.edu,Female,$394790.96,646130872,CC
488,Vladamir,Leaman,vleamandj@hud.gov,Male,$563130.33,323023008,IT
489,Far,Watford,fwatforddk@studiopress.com,Male,$249667.96,269235554,PP
490,Bevin,Bloxham,bbloxhamdl@google.it,Male,$463840.01,905751425,PP
491,Minne,Carragher,mcarragherdm@weather.com,Female,$869211.84,667869119,IT
492,Silvan,Janacek,sjanacekdn@irs.gov,Male,$767597.22,182847027,CC
493,Reg,Riha,rrihado@oaic.gov.au,Male,$106090.86,556694249,CC
494,Riobard,L'argent,rlargentdp@ed.gov,Male,$382204.52,120500680,IT
495,Keelia,Kann,kkanndq@sourceforge.net,Female,$415019.84,646759374,CC
496,Scott,Mariner,smarinerdr@ehow.com,Male,$267330.95,279977714,IT
497,Melloney,Yanyushkin,myanyushkinds@admin.ch,Female,$108960.44,521509424,PP
498,Luciano,Priditt,lpridittdt@nsw.gov.au,Male,$760624.08,283593660,CC
499,Hanson,Ballam,hballamdu@pinterest.com,Male,$700730.35,795803916,PP
500,Tracie,Dach,tdachdv@wp.com,Male,$492291.61,677858016,IT
501,Betty,Stickins,bstickinsdw@mapy.cz,Female,$909887.50,869095157,CC
502,Gayle,Vankov,gvankovdx@ocn.ne.jp,Male,$951711.03,648732414,PP
503,Donnajean,Pattrick,dpattrickdy@edublogs.org,Female,$807472.93,974943785,CC
504,Melva,Vanyushin,mvanyushindz@usgs.gov,Female,$390491.38,527208241,CC
505,Antonin,Leake,aleakee0@marriott.com,Male,$439319.21,59746572,CC
506,Kalila,Evensden,kevensdene1@springer.com,Female,$732543.48,542777525,CC
507,Xerxes,Darco,xdarcoe2@irs.gov,Male,$111110.79,776035361,PP
508,Jonie,Beaby,jbeabye3@wp.com,Female,$875452.07,886788061,PP
509,Moll,Wither,mwithere4@diigo.com,Female,$985246.82,623025188,IT
510,Ferrel,Warstall,fwarstalle5@oracle.com,Male,$828373.80,18859791,IT
511,Bernardo,Sickert,bsickerte6@w3.org,Male,$328854.94,641500374,PP
512,Fancy,Ensor,fensore7@bigcartel.com,Female,$886760.68,195488839,PP
513,Addie,Jenicke,ajenickee8@jigsy.com,Female,$944879.61,310439304,PP
514,Yoshi,Tulleth,ytullethe9@army.mil,Female,$666002.97,793169255,CC
515,Riley,Martinello,rmartinelloea@howstuffworks.com,Male,$860385.39,843482711,CC
516,Margit,Iannitti,miannittieb@goo.gl,Female,$481438.85,952983731,IT
517,Bethina,Trownson,btrownsonec@marriott.com,Female,$786255.95,1020785621,CC
518,Rebekkah,Crampsy,rcrampsyed@sciencedaily.com,Female,$342844.36,664668573,IT
519,Aryn,Cunah,acunahee@xrea.com,Female,$823444.19,952298184,PP
520,Lisa,Nanelli,lnanellief@google.it,Female,$413660.12,783627580,CC
521,Stefanie,Hauxby,shauxbyeg@goodreads.com,Female,$295197.15,73959016,IT
522,Stafford,Deaves,sdeaveseh@nbcnews.com,Male,$963683.80,972701499,PP
523,Samuel,Slade,ssladeei@noaa.gov,Male,$472081.53,195754157,PP
524,Kerwin,Keeney,kkeeneyej@admin.ch,Male,$878591.39,537211713,CC
525,Rorke,Hake,rhakeek@amazon.co.uk,Male,$256257.55,480798165,PP
526,Isak,Keable,ikeableel@answers.com,Male,$255916.17,83181927,PP
527,Gerrilee,Arkill,garkillem@apple.com,Female,$557445.54,1040279870,CC
528,Jemimah,Orable,jorableen@yolasite.com,Female,$195475.78,698022649,CC
529,Caleb,Baldin,cbaldineo@blogspot.com,Male,$699764.57,641531358,IT
530,Netta,Hugonin,nhugoninep@opensource.org,Female,$958349.30,164215401,IT
531,Randolph,Vidloc,rvidloceq@aboutads.info,Male,$511258.45,313255213,PP
532,Denney,Olsson,dolssoner@nymag.com,Male,$846510.31,405887191,IT
533,Caye,Pods,cpodses@amazon.co.jp,Female,$594323.06,702516833,CC
534,Kym,Pessold,kpessoldet@jalbum.net,Female,$869123.71,505387724,CC
535,Janeczka,Vance,jvanceeu@noaa.gov,Female,$124096.54,462128321,PP
536,Ramonda,Janko,rjankoev@craigslist.org,Female,$527827.20,156878539,CC
537,Evelyn,Wynes,ewynesew@tripadvisor.com,Female,$480199.03,768442616,IT
538,Clarie,Linfitt,clinfittex@reverbnation.com,Female,$455124.36,618552576,IT
539,Patrick,Erington,peringtoney@nationalgeographic.com,Male,$159555.43,933903504,CC
540,Kimberlee,Mulberry,kmulberryez@cafepress.com,Female,$641481.73,370537120,IT
541,Udell,Bohey,uboheyf0@ycombinator.com,Male,$660020.26,284851265,PP
542,Coral,Grieger,cgriegerf1@studiopress.com,Female,$837436.72,226474125,CC
543,Greg,Gosnold,ggosnoldf2@google.nl,Male,$998134.97,106850215,IT
544,Jaye,Reddan,jreddanf3@alexa.com,Male,$704965.32,771278983,PP
545,Rock,Naris,rnarisf4@japanpost.jp,Male,$862322.10,376433136,PP
546,Kamillah,Burris,kburrisf5@etsy.com,Female,$706839.73,612202226,IT
547,Nicholle,Bussy,nbussyf6@weather.com,Female,$338158.91,95198283,PP
548,Sybila,Hawson,shawsonf7@com.com,Female,$805174.94,321600386,IT
549,Casey,Seekings,cseekingsf8@fda.gov,Male,$454068.55,892962279,CC
550,Hasheem,Bifield,hbifieldf9@cnet.com,Male,$171835.02,177768387,PP
551,Aristotle,Ghirardi,aghirardifa@wunderground.com,Male,$792889.41,613364078,CC
552,Car,Pedden,cpeddenfb@wiley.com,Male,$995759.55,473546314,PP
553,Alexio,Brimblecomb,abrimblecombfc@symantec.com,Male,$644360.37,531065402,CC
554,Hatti,Hullah,hhullahfd@dot.gov,Female,$402375.28,280254169,PP
555,Marjorie,Mowles,mmowlesfe@ameblo.jp,Female,$573004.97,304892505,CC
556,Wyndham,Dawtre,wdawtreff@goo.gl,Male,$196344.91,624448534,PP
557,Donni,Klass,dklassfg@cmu.edu,Female,$134976.94,131877624,CC
558,Karel,Duligall,kduligallfh@google.ca,Male,$873830.51,452711516,CC
559,Zonnya,Cotes,zcotesfi@cbsnews.com,Female,$780036.36,825756209,CC
560,Paolo,Renwick,prenwickfj@cnbc.com,Male,$645054.30,526749803,PP
561,Elmira,Brunton,ebruntonfk@weather.com,Female,$399301.01,666200699,PP
562,Nathanial,Schonfelder,nschonfelderfl@twitter.com,Male,$214630.23,367043988,IT
563,Sharline,Blissett,sblissettfm@un.org,Female,$747085.48,963583048,PP
564,Ted,Hoffner,thoffnerfn@sitemeter.com,Female,$183200.39,74033842,PP
565,Padraig,Westrey,pwestreyfo@github.com,Male,$970631.72,1026284296,CC
566,Edyth,Blaxeland,eblaxelandfp@ow.ly,Female,$178842.38,609999790,IT
567,Bertine,Stubbington,bstubbingtonfq@arizona.edu,Female,$498583.26,188816843,CC
568,Dionne,Sewart,dsewartfr@woothemes.com,Female,$479056.05,191538032,IT
569,Sibby,Harries,sharriesfs@desdev.cn,Female,$295310.98,223394706,IT
570,Bren,Harnetty,bharnettyft@biglobe.ne.jp,Female,$917165.22,1038627568,IT
571,Corty,Orcott,corcottfu@joomla.org,Male,$807429.67,277147913,PP
572,Sissy,Durant,sdurantfv@state.gov,Female,$806539.08,14204450,IT
573,Dorri,Woolfoot,dwoolfootfw@linkedin.com,Female,$828293.25,96841181,PP
574,Sindee,Kornilov,skornilovfx@spiegel.de,Female,$122354.95,498004864,PP
575,Hayyim,Calafato,hcalafatofy@amazonaws.com,Male,$641957.42,667061797,IT
576,Angeli,Lambal,alambalfz@reddit.com,Male,$422607.34,381100388,CC
577,Merrill,Salazar,msalazarg0@mtv.com,Male,$212362.32,322525070,PP
578,Karisa,Tett,ktettg1@statcounter.com,Female,$900330.79,24205327,IT
579,Kendrick,Spellar,kspellarg2@mtv.com,Male,$714170.80,276849322,PP
580,Eugene,Slamaker,eslamakerg3@elegantthemes.com,Male,$610419.38,1041980011,IT
581,Jens,Duffil,jduffilg4@barnesandnoble.com,Male,$383048.42,616113167,IT
582,Noam,Besnard,nbesnardg5@independent.co.uk,Male,$682871.54,164461205,PP
583,Timmi,Teml,ttemlg6@utexas.edu,Female,$965784.45,923241714,IT
584,Gardner,Ainley,gainleyg7@reference.com,Male,$910474.14,945325864,CC
585,Christa,Capron,ccaprong8@chron.com,Female,$887617.88,423227219,CC
586,Car,Didsbury,cdidsburyg9@issuu.com,Male,$415557.03,667966128,IT
587,Lida,Presnail,lpresnailga@angelfire.com,Female,$230675.95,436975359,PP
588,Ivor,Goldman,igoldmangb@icio.us,Male,$451014.84,260394795,IT
589,Elbertine,Yewdell,eyewdellgc@w3.org,Female,$623437.62,581455104,PP
590,Morris,Batrim,mbatrimgd@weebly.com,Male,$273958.51,955103359,PP
591,Clywd,Besque,cbesquege@ameblo.jp,Male,$917104.54,457582753,PP
592,Selinda,Perrat,sperratgf@goodreads.com,Female,$578478.34,319722382,CC
593,Mordy,Paynton,mpayntongg@microsoft.com,Male,$522209.10,72319023,PP
594,Royce,Folds,rfoldsgh@marketwatch.com,Male,$569231.21,483472081,CC
595,Jasmina,Hurling,jhurlinggi@de.vu,Female,$493418.84,1019733687,IT
596,Dal,Wellings,dwellingsgj@php.net,Male,$696434.70,21333113,CC
597,Claudelle,Wibrow,cwibrowgk@typepad.com,Female,$792379.81,338038414,PP
598,Nikolaos,Stearns,nstearnsgl@cnbc.com,Male,$933028.73,857501263,PP
599,Gale,Yaknov,gyaknovgm@hp.com,Male,$806255.23,355041630,IT
600,Jamal,McDonough,jmcdonoughgn@lulu.com,Male,$630676.14,160000359,IT
601,Klarika,Aldren,kaldrengo@timesonline.co.uk,Female,$286652.46,732269710,PP
602,Olenolin,Novik,onovikgp@cpanel.net,Male,$325592.58,856721492,IT
603,Chevalier,Lister,clistergq@arizona.edu,Male,$889807.32,911401850,IT
604,Micki,Gwilym,mgwilymgr@usgs.gov,Female,$410235.81,798323607,IT
605,Bertram,Cattle,bcattlegs@cnet.com,Male,$803013.48,666555549,CC
606,Shepperd,Males,smalesgt@usda.gov,Male,$429116.07,438277588,PP
607,Lyon,Everal,leveralgu@vistaprint.com,Male,$851333.98,935355127,IT
608,Oran,Stirland,ostirlandgv@usatoday.com,Male,$141056.33,110061982,IT
609,Dex,Olennikov,dolennikovgw@europa.eu,Male,$937557.54,86883618,CC
610,Ethyl,Duckering,educkeringgx@google.ru,Female,$388807.05,342980975,PP
611,Neel,Godlip,ngodlipgy@a8.net,Male,$588755.57,830209647,CC
612,Brianne,Eberdt,beberdtgz@arizona.edu,Female,$688713.05,578517611,PP
613,Alfons,Baylie,abaylieh0@newsvine.com,Male,$969595.38,626621594,IT
614,Gabrielle,Kittman,gkittmanh1@marketwatch.com,Female,$412868.00,79247464,PP
615,Adriane,McMylor,amcmylorh2@reverbnation.com,Female,$964650.13,144837943,CC
616,Remington,Addams,raddamsh3@bandcamp.com,Male,$683626.13,181565427,IT
617,Herold,Bonde,hbondeh4@pbs.org,Male,$256358.83,428196855,PP
618,Nealy,Covey,ncoveyh5@pbs.org,Male,$401007.02,854067320,IT
619,Sada,Keaton,skeatonh6@home.pl,Female,$393946.97,110332117,IT
620,Aubert,McCarrell,amccarrellh7@rambler.ru,Male,$388119.59,166133453,PP
621,Ralph,Pilch,rpilchh8@mayoclinic.com,Male,$534208.94,51450565,IT
622,Rafferty,Niccols,rniccolsh9@posterous.com,Male,$507818.88,904145319,IT
623,Yettie,Hillhouse,yhillhouseha@sciencedirect.com,Female,$768192.59,789257899,IT
624,Jayme,Bracci,jbraccihb@wordpress.org,Female,$844302.45,373725373,PP
625,Nonie,Lynes,nlyneshc@hud.gov,Female,$592260.81,992972224,PP
626,Agna,Arnell,aarnellhd@vinaora.com,Female,$957274.02,219796875,IT
627,Turner,Dybald,tdybaldhe@wikia.com,Male,$164704.46,1038791198,PP
628,Gwenni,Walshaw,gwalshawhf@stanford.edu,Female,$235536.81,733972819,PP
629,Jenda,Risdale,jrisdalehg@xinhuanet.com,Female,$227938.73,177101463,IT
630,Kelbee,Weddeburn - Scrimgeour,kweddeburnscrimgeourhh@hexun.com,Male,$794732.32,71679776,IT
631,Dar,Rumbelow,drumbelowhi@yolasite.com,Male,$999883.83,463924772,IT
632,Guillemette,Brisard,gbrisardhj@sina.com.cn,Female,$588985.57,71137276,CC
633,Smith,O'Grogane,sogroganehk@home.pl,Male,$775647.55,231374842,CC
634,Jeremiah,Plummer,jplummerhl@behance.net,Male,$931146.37,550734939,IT
635,Joyan,Hitcham,jhitchamhm@house.gov,Female,$448593.07,718632086,CC
636,Alfy,Brenstuhl,abrenstuhlhn@dmoz.org,Female,$834879.85,591545393,CC
637,Deanna,McMillian,dmcmillianho@telegraph.co.uk,Female,$613319.19,314364355,PP
638,Hamel,Mannie,hmanniehp@blogspot.com,Male,$746307.49,1048836470,IT
639,Catina,Coverly,ccoverlyhq@washingtonpost.com,Female,$463251.30,200867369,IT
640,Dorita,Garrould,dgarrouldhr@npr.org,Female,$396449.14,640701901,IT
641,Richart,Bernetti,rbernettihs@drupal.org,Male,$531221.24,445946524,CC
642,Tobie,Sudddard,tsudddardht@aboutads.info,Male,$658644.23,165669826,PP
643,Maxy,Bucknell,mbucknellhu@newyorker.com,Female,$963655.05,790961940,PP
644,Malynda,Elcock,melcockhv@facebook.com,Female,$628247.84,165583559,PP
645,Sandor,O' Neligan,soneliganhw@goo.ne.jp,Male,$441048.88,950061207,PP
646,Fletcher,Lievesley,flievesleyhx@cisco.com,Male,$142109.08,485065876,PP
647,Jake,Storrah,jstorrahhy@cbslocal.com,Male,$471177.80,347485993,IT
648,Vachel,Mc Carrick,vmccarrickhz@geocities.com,Male,$739825.19,419975534,PP
649,Veriee,O'Sharry,vosharryi0@pagesperso-orange.fr,Female,$488440.47,967192069,IT
650,Temple,Blaske,tblaskei1@slashdot.org,Male,$177972.91,94037431,CC
651,Magdalen,Hovington,mhovingtoni2@stumbleupon.com,Female,$468348.47,433387587,IT
652,Kendrick,O'Heffernan,koheffernani3@nifty.com,Male,$931594.56,303992675,IT
653,Jerrylee,Mc Caghan,jmccaghani4@mit.edu,Female,$613160.36,670698754,IT
654,Lauraine,Marchington,lmarchingtoni5@wordpress.org,Female,$236882.09,38446081,CC
655,Mallissa,Kerrich,mkerrichi6@blogspot.com,Female,$623740.71,137238817,IT
656,Ciro,Drysdell,cdrysdelli7@blinklist.com,Male,$372635.74,283366822,CC
657,Jaymie,Kittle,jkittlei8@spiegel.de,Male,$899814.25,226635653,PP
658,Adelice,Harbard,aharbardi9@ed.gov,Female,$569090.92,861725050,IT
659,Anita,Heephy,aheephyia@wiley.com,Female,$505869.95,46296081,CC
660,Tome,Hamman,thammanib@photobucket.com,Male,$834658.98,615490725,CC
661,Margit,Conen,mconenic@skyrock.com,Female,$350346.80,964300746,IT
662,Colas,Huggill,chuggillid@washingtonpost.com,Male,$493558.84,550312179,PP
663,Cathie,Armour,carmourie@auda.org.au,Female,$725107.23,824219582,CC
664,Graham,Whife,gwhifeif@msn.com,Male,$911307.11,231122285,IT
665,Paul,O'Scanlan,poscanlanig@themeforest.net,Male,$681973.44,350453667,PP
666,Sula,Cudmore,scudmoreih@soup.io,Female,$213034.71,172397245,CC
667,Pippy,Vear,pvearii@bigcartel.com,Female,$585622.23,352809743,IT
668,Beryl,McFade,bmcfadeij@merriam-webster.com,Female,$285588.18,584777286,IT
669,Danette,Capeling,dcapelingik@columbia.edu,Female,$101252.40,684953807,IT
670,Clim,Hebron,chebronil@fastcompany.com,Male,$175956.76,403091254,IT
671,Grove,MacIlraith,gmacilraithim@shutterfly.com,Male,$654023.09,771398590,PP
672,Yorgos,Kuna,ykunain@homestead.com,Male,$791644.44,544174175,PP
673,Storm,Bringloe,sbringloeio@wikipedia.org,Female,$746462.68,738635262,CC
674,Solly,Cradduck,scradduckip@hostgator.com,Male,$462048.02,431153940,PP
675,Xena,Milsted,xmilstediq@usnews.com,Female,$965910.18,283015179,IT
676,Brander,Belitz,bbelitzir@jigsy.com,Male,$580723.01,686237291,IT
677,Sebastian,Spencock,sspencockis@bloomberg.com,Male,$521967.41,464063053,CC
678,Liva,Gluyas,lgluyasit@senate.gov,Female,$360367.41,796506187,IT
679,Abran,Handasyde,ahandasydeiu@huffingtonpost.com,Male,$866515.35,1042270400,CC
680,Helge,Droogan,hdrooganiv@de.vu,Female,$817199.66,73528253,IT
681,Marty,Filshin,mfilshiniw@ted.com,Male,$942489.60,451732383,IT
682,Willie,Bohman,wbohmanix@bing.com,Female,$293781.78,847266859,CC
683,Benoit,Sloey,bsloeyiy@eventbrite.com,Male,$558728.15,172169579,CC
684,Gilli,Crayden,gcraydeniz@miitbeian.gov.cn,Female,$948582.54,543199373,PP
685,Ty,Balchin,tbalchinj0@wisc.edu,Male,$168767.14,928108698,PP
686,Cornelius,Cleeton,ccleetonj1@multiply.com,Male,$969103.54,355417013,IT
687,Gris,Gallon,ggallonj2@myspace.com,Male,$700490.28,359131666,CC
688,Yanaton,Tee,yteej3@auda.org.au,Male,$759922.30,427109303,PP
689,Mendie,Tillard,mtillardj4@netlog.com,Male,$880852.74,266989292,CC
690,Carmine,Silver,csilverj5@tuttocitta.it,Male,$620587.86,472980875,CC
691,Cointon,Nightingale,cnightingalej6@slideshare.net,Male,$563027.64,460498437,PP
692,Tatiania,Doudny,tdoudnyj7@dedecms.com,Female,$689487.45,815490270,IT
693,Trent,Wilmut,twilmutj8@ox.ac.uk,Male,$443694.16,673231990,CC
694,Edee,Buesnel,ebuesnelj9@meetup.com,Female,$169178.01,451809238,IT
695,Barnie,Cosstick,bcosstickja@dot.gov,Male,$799145.66,519967119,PP
696,Elsy,Buttriss,ebuttrissjb@linkedin.com,Female,$990965.86,911896985,CC
697,Bevon,McGenn,bmcgennjc@independent.co.uk,Male,$780758.70,696618208,IT
698,Ulick,Tomasian,utomasianjd@cafepress.com,Male,$143659.79,907199557,PP
699,Kristin,Tate,ktateje@hao123.com,Female,$134070.20,890731018,CC
700,Ricardo,Davy,rdavyjf@phoca.cz,Male,$220470.68,379817613,PP
701,Robenia,Madle,rmadlejg@fotki.com,Female,$773686.99,183898685,PP
702,Jaymie,Sydes,jsydesjh@seattletimes.com,Male,$585667.40,165850193,PP
703,Weston,Monahan,wmonahanji@acquirethisname.com,Male,$461786.61,98828282,PP
704,Cosmo,Labitt,clabittjj@sourceforge.net,Male,$437525.39,123411614,PP
705,Brittany,Kipling,bkiplingjk@businesswire.com,Female,$250969.80,729895381,CC
706,Eada,Godding,egoddingjl@wikimedia.org,Female,$804618.82,804966244,CC
707,Alika,O'Scandall,aoscandalljm@sitemeter.com,Female,$874424.47,445863738,PP
708,Bastian,Andriolli,bandriollijn@sphinn.com,Male,$959046.90,463533907,IT
709,Horten,Beagrie,hbeagriejo@furl.net,Male,$456241.26,737615108,PP
710,Kenton,Graalman,kgraalmanjp@thetimes.co.uk,Male,$994489.51,504180539,PP
711,Zorana,Gilhouley,zgilhouleyjq@arizona.edu,Female,$966817.46,892109212,CC
712,Wildon,Folland,wfollandjr@cnbc.com,Male,$432631.21,190207191,IT
713,Arnie,Aery,aaeryjs@mediafire.com,Male,$636629.63,759666936,PP
714,Zarah,Guidera,zguiderajt@smh.com.au,Female,$577858.66,687534491,IT
715,Sissy,McSorley,smcsorleyju@soundcloud.com,Female,$928173.81,944077303,PP
716,Rey,Viall,rvialljv@senate.gov,Female,$191475.42,494624859,PP
717,Britte,Ibotson,bibotsonjw@independent.co.uk,Female,$157773.32,547322857,CC
718,Sawyer,Briddock,sbriddockjx@stumbleupon.com,Male,$832883.56,67239930,CC
719,Arleyne,Raffon,araffonjy@xing.com,Female,$290146.67,557486973,CC
720,Hardy,Tartt,htarttjz@arizona.edu,Male,$580501.79,177418678,PP
721,Christina,Buxy,cbuxyk0@ifeng.com,Female,$414916.75,170375985,PP
722,Carey,Whisker,cwhiskerk1@princeton.edu,Male,$106222.31,1049032165,CC
723,Brittney,Lucock,blucockk2@netvibes.com,Female,$390732.12,434784160,PP
724,Sammie,Girsch,sgirschk3@mapy.cz,Male,$612697.14,183369066,IT
725,Eimile,Hyde,ehydek4@xing.com,Female,$438022.35,769701170,IT
726,Raquela,Allso,rallsok5@tinypic.com,Female,$542649.29,832220453,IT
727,Bearnard,Borkett,bborkettk6@smh.com.au,Male,$542051.67,255865570,CC
728,Laurice,Cleare,lclearek7@nsw.gov.au,Female,$583449.56,492635685,PP
729,Alley,Marchbank,amarchbankk8@upenn.edu,Male,$862484.28,341566387,IT
730,Karlis,Best,kbestk9@who.int,Male,$297300.47,322741555,CC
731,Blondelle,Crucetti,bcrucettika@feedburner.com,Female,$115752.05,222412544,CC
732,Ortensia,Fishbourn,ofishbournkb@examiner.com,Female,$163806.53,221177109,IT
733,Gene,Cluse,gclusekc@addtoany.com,Female,$203659.68,312008889,PP
734,Donal,Livesey,dliveseykd@people.com.cn,Male,$166367.53,218264236,IT
735,Elmore,Stolze,estolzeke@cbsnews.com,Male,$251581.17,564499664,CC
736,Aurlie,Jellard,ajellardkf@slate.com,Female,$187773.93,411898988,CC
737,Ophelie,Usmar,ousmarkg@geocities.jp,Female,$378325.74,496237172,CC
738,Rosina,Hazeldene,rhazeldenekh@addthis.com,Female,$723315.64,410361140,CC
739,Thacher,Foggarty,tfoggartyki@blogs.com,Male,$346752.05,289060293,IT
740,Virge,Wallentin,vwallentinkj@indiegogo.com,Male,$171295.49,39047773,CC
741,Maritsa,Couronne,mcouronnekk@weibo.com,Female,$792844.32,242469392,IT
742,Dennis,Polkinghorne,dpolkinghornekl@washington.edu,Male,$825997.28,540446194,PP
743,Irita,McWhannel,imcwhannelkm@guardian.co.uk,Female,$923411.39,892140731,PP
744,Zebadiah,McGovern,zmcgovernkn@list-manage.com,Male,$246793.42,794524635,IT
745,Martainn,Stannis,mstannisko@phoca.cz,Male,$381627.11,452657773,IT
746,Bobbye,Fearnsides,bfearnsideskp@sina.com.cn,Female,$729036.84,608887291,PP
747,Candide,Miner,cminerkq@bbb.org,Female,$687218.52,347837840,CC
748,Gabbie,Common,gcommonkr@homestead.com,Male,$791533.79,411443500,IT
749,Raimund,Pear,rpearks@hubpages.com,Male,$639086.39,75510681,CC
750,Briny,Hothersall,bhothersallkt@cam.ac.uk,Female,$338293.17,697150192,PP
751,Rozanna,Crighton,rcrightonku@slate.com,Female,$562331.54,239172455,CC
752,Kennett,Megany,kmeganykv@prweb.com,Male,$623938.35,593829829,CC
753,Melanie,Jacquemot,mjacquemotkw@yellowpages.com,Female,$855632.95,828619887,IT
754,Egan,Patnelli,epatnellikx@pcworld.com,Male,$338621.65,87738450,CC
755,Conni,Lappin,clappinky@newyorker.com,Female,$206560.52,70559623,IT
756,Troy,Hullah,thullahkz@si.edu,Male,$432418.82,371902444,PP
757,Wandie,Nudds,wnuddsl0@bloglovin.com,Female,$733738.66,435211882,IT
758,Rodger,Alloway,rallowayl1@microsoft.com,Male,$448494.58,885644921,PP
759,Gram,Oldroyd,goldroydl2@indiegogo.com,Male,$481183.60,131493701,IT
760,Bing,Alban,balbanl3@jalbum.net,Male,$584698.53,1043967068,IT
761,Dehlia,Kennicott,dkennicottl4@nationalgeographic.com,Female,$472543.44,368469474,PP
762,Corry,Dukelow,cdukelowl5@miitbeian.gov.cn,Female,$821234.59,463226717,PP
763,Ephraim,Tolworthy,etolworthyl6@economist.com,Male,$813974.24,890395359,IT
764,Marcel,Ferney,mferneyl7@blinklist.com,Male,$539623.05,849386047,IT
765,Natalina,Simons,nsimonsl8@csmonitor.com,Female,$595498.60,509522491,PP
766,Ilise,Pridie,ipridiel9@ihg.com,Female,$682930.99,610143023,CC
767,Gertie,Ferrolli,gferrollila@gravatar.com,Female,$383620.46,93450305,IT
768,Levy,Cuttle,lcuttlelb@geocities.jp,Male,$965202.34,755038550,CC
769,Glad,Pedracci,gpedraccilc@hatena.ne.jp,Female,$200812.65,258847028,PP
770,Poul,Chomley,pchomleyld@paginegialle.it,Male,$723690.91,833687014,IT
771,Conan,Tomankowski,ctomankowskile@deviantart.com,Male,$641115.58,426158230,IT
772,Cyrill,Godsmark,cgodsmarklf@boston.com,Male,$835467.88,333905391,IT
773,Reynard,Macia,rmacialg@foxnews.com,Male,$789761.52,286706044,CC
774,Tobey,Bartoszek,tbartoszeklh@upenn.edu,Female,$767371.54,562136482,PP
775,Nathan,Greenman,ngreenmanli@domainmarket.com,Male,$263148.70,980238503,PP
776,Dalli,Brilon,dbrilonlj@a8.net,Male,$966059.73,182349115,IT
777,Kore,Pallant,kpallantlk@icq.com,Female,$786624.05,127541046,CC
778,Hamel,Diess,hdiessll@washingtonpost.com,Male,$646556.83,1001658854,IT
779,Lacie,Bloomer,lbloomerlm@yahoo.co.jp,Female,$845887.47,442030752,PP
780,Merle,Lawly,mlawlyln@nhs.uk,Male,$208157.18,466522309,IT
781,Claudian,Caston,ccastonlo@nsw.gov.au,Male,$153439.30,976593358,CC
782,Mindy,Kupper,mkupperlp@netlog.com,Female,$625565.29,1026586011,CC
783,Jodi,Belliveau,jbelliveaulq@hao123.com,Female,$971318.67,300042064,IT
784,Tiphani,Eady,teadylr@miitbeian.gov.cn,Female,$664927.27,388760713,CC
785,Flossy,Huxter,fhuxterls@eventbrite.com,Female,$648253.22,16515884,PP
786,Seymour,Dowle,sdowlelt@simplemachines.org,Male,$977269.37,548085400,IT
787,Geno,Tabary,gtabarylu@dagondesign.com,Male,$790531.45,329298669,CC
788,Yvor,Middell,ymiddelllv@hostgator.com,Male,$799017.79,670166870,IT
789,Kizzie,Catto,kcattolw@fc2.com,Female,$291561.79,458698077,IT
790,Reg,Mawson,rmawsonlx@mayoclinic.com,Male,$609464.00,482899484,CC
791,Chloris,Kembry,ckembryly@apache.org,Female,$340044.39,158521805,IT
792,Callida,Witterick,cwittericklz@usnews.com,Female,$514218.04,646605625,CC
793,Les,Makeswell,lmakeswellm0@freewebs.com,Male,$659441.57,896061070,CC
794,Belinda,Awde,bawdem1@theguardian.com,Female,$550024.56,570655976,IT
795,Tobye,Rhoades,trhoadesm2@virginia.edu,Female,$667198.29,773858488,PP
796,Brandtr,Ilyin,bilyinm3@hhs.gov,Male,$465563.83,65450369,PP
797,Lorry,Khosa,lkhosam4@google.es,Male,$649885.69,575288276,CC
798,Fan,Cairney,fcairneym5@mapy.cz,Female,$931821.11,61498183,PP
799,Jules,Parvin,jparvinm6@amazon.com,Male,$946894.77,413152776,CC
800,Moria,Kildahl,mkildahlm7@elegantthemes.com,Female,$436532.07,878695877,CC
801,Eirena,Gounet,egounetm8@topsy.com,Female,$458931.86,26817999,PP
802,Lancelot,Magnar,lmagnarm9@studiopress.com,Male,$493327.55,502300907,CC
803,Consalve,Zanolli,czanollima@aol.com,Male,$326100.49,149602927,PP
804,Arch,Sowman,asowmanmb@github.io,Male,$548840.02,723886014,IT
805,Miquela,Spiaggia,mspiaggiamc@yolasite.com,Female,$946111.56,85754357,IT
806,Moll,Sweeten,msweetenmd@aol.com,Female,$799512.94,972476861,IT
807,Dianemarie,Bapty,dbaptyme@shop-pro.jp,Female,$328822.54,759393701,PP
808,Yevette,Bartolomivis,ybartolomivismf@gravatar.com,Female,$514754.91,367847677,PP
809,Bradley,Pentycross,bpentycrossmg@mozilla.org,Male,$380835.61,837445687,PP
810,Sherye,Giacomelli,sgiacomellimh@geocities.jp,Female,$291755.22,113979816,IT
811,Beale,Roscow,broscowmi@trellian.com,Male,$785914.46,297216733,IT
812,Evey,O'Sheils,eosheilsmj@about.com,Female,$581847.33,547528362,IT
813,Ginnie,Tondeur,gtondeurmk@jimdo.com,Female,$256002.22,774547016,CC
814,Margi,Barukh,mbarukhml@who.int,Female,$212914.53,731319521,PP
815,Brock,Levick,blevickmm@psu.edu,Male,$150930.80,236665029,IT
816,Sharia,Cowmeadow,scowmeadowmn@yolasite.com,Female,$761774.21,333260720,PP
817,Herold,Coldbreath,hcoldbreathmo@msn.com,Male,$711363.28,767241164,PP
818,Keary,Carnegy,kcarnegymp@yellowpages.com,Male,$469699.24,442402621,IT
819,Temp,Portingale,tportingalemq@mlb.com,Male,$858608.71,901403002,IT
820,Bartlett,Gascard,bgascardmr@shop-pro.jp,Male,$987807.93,840158689,PP
821,Crissy,Ferby,cferbyms@bloomberg.com,Female,$712121.89,57197748,PP
822,Hailee,Bielfeldt,hbielfeldtmt@privacy.gov.au,Female,$915869.65,477102159,CC
823,Maddie,Athey,matheymu@samsung.com,Female,$825162.01,205918319,CC
824,Caron,Samwyse,csamwysemv@flavors.me,Female,$539472.53,657302378,IT
825,Mac,Veryard,mveryardmw@xrea.com,Male,$441545.93,792561504,IT
826,Zebulon,Clipston,zclipstonmx@biglobe.ne.jp,Male,$721596.61,1019847162,IT
827,Rodolph,Kryska,rkryskamy@nymag.com,Male,$769951.47,319986515,CC
828,Evania,Herculeson,eherculesonmz@aboutads.info,Female,$819349.84,960623788,CC
829,Natalya,Borlease,nborleasen0@cocolog-nifty.com,Female,$202241.14,115866027,CC
830,Queenie,Nano,qnanon1@mapquest.com,Female,$997955.70,853744000,IT
831,Mellisa,Tejero,mtejeron2@cbslocal.com,Female,$744279.36,756610085,PP
832,Karalee,Hurton,khurtonn3@mail.ru,Female,$432509.80,730633163,IT
833,Sashenka,Couve,scouven4@timesonline.co.uk,Female,$222135.30,359863349,IT
834,Vanya,Phillcock,vphillcockn5@house.gov,Male,$661176.49,40446449,PP
835,Chet,Westbrook,cwestbrookn6@163.com,Male,$814458.42,470193219,IT
836,Ellery,Gaythor,egaythorn7@ning.com,Male,$216033.27,193075937,PP
837,Sallyanne,Youel,syoueln8@elpais.com,Female,$791919.78,725642782,IT
838,Gene,Cudd,gcuddn9@prweb.com,Female,$405626.79,128586373,PP
839,Rosette,Empleton,rempletonna@bbc.co.uk,Female,$814206.50,962795075,CC
840,Krisha,Elwell,kelwellnb@google.pl,Male,$495589.55,609618898,CC
841,Camilla,Weddell,cweddellnc@fda.gov,Female,$273734.75,486379168,CC
842,Mitchell,Gerling,mgerlingnd@timesonline.co.uk,Male,$133731.63,480429368,CC
843,Chrisse,Etheredge,cetheredgene@ezinearticles.com,Male,$190122.43,286049974,IT
844,Hodge,Bernholt,hbernholtnf@slideshare.net,Male,$560765.69,802536793,CC
845,Cassandre,Douglass,cdouglassng@desdev.cn,Female,$350841.33,111089355,PP
846,Esmaria,Gibb,egibbnh@oaic.gov.au,Female,$522303.82,616614272,IT
847,Galven,Rouff,grouffni@dailymotion.com,Male,$610780.90,811782296,IT
848,Hildy,Oldham,holdhamnj@cbsnews.com,Female,$996287.06,230667041,PP
849,Alexei,Taw,atawnk@princeton.edu,Male,$764137.34,810776703,PP
850,Kennedy,Etter,ketternl@examiner.com,Male,$501877.33,900596851,CC
851,Eadith,Flury,eflurynm@fema.gov,Female,$362418.86,643618806,PP
852,Chrisse,Feirn,cfeirnnn@google.es,Male,$413552.13,1030180991,CC
853,Gabriel,Suddaby,gsuddabyno@deliciousdays.com,Male,$458836.33,398077481,CC
854,Falkner,Kunes,fkunesnp@netscape.com,Male,$513438.96,387045949,IT
855,Mackenzie,Southcomb,msouthcombnq@oaic.gov.au,Male,$378302.13,484083660,IT
856,Sven,Mercey,smerceynr@smugmug.com,Male,$762394.11,179672122,PP
857,Hagan,Dickon,hdickonns@wikispaces.com,Male,$346085.74,1015945472,CC
858,Clayton,Scay,cscaynt@engadget.com,Male,$647992.60,149465617,IT
859,Laraine,Westmerland,lwestmerlandnu@arstechnica.com,Female,$733954.88,876366623,IT
860,Wilfrid,Sanders,wsandersnv@chicagotribune.com,Male,$719278.22,324865499,PP
861,Denise,Blewmen,dblewmennw@google.it,Female,$264946.41,405654628,CC
862,Brittaney,Shelborne,bshelbornenx@zdnet.com,Female,$110531.57,724674729,IT
863,Basia,Middup,bmiddupny@oracle.com,Female,$329660.20,975542783,CC
864,Jeno,Robker,jrobkernz@psu.edu,Male,$764706.22,900246880,CC
865,Madelin,Mussolini,mmussolinio0@alibaba.com,Female,$548361.92,347032186,CC
866,Glenine,Olkowicz,golkowiczo1@statcounter.com,Female,$964976.40,977337804,CC
867,Robb,Kleinschmidt,rkleinschmidto2@webmd.com,Male,$149592.00,525448840,CC
868,Ivan,Spiring,ispiringo3@technorati.com,Male,$702714.90,548627309,IT
869,Thomas,Ellum,tellumo4@mapy.cz,Male,$889495.20,309618982,CC
870,Gauthier,Fassman,gfassmano5@artisteer.com,Male,$948009.22,26827242,PP
871,Merell,Marfe,mmarfeo6@friendfeed.com,Male,$400953.72,963184130,IT
872,Bryce,Hambric,bhambrico7@marriott.com,Male,$499219.38,683804258,PP
873,Antonino,Breit,abreito8@usatoday.com,Male,$321504.26,935068624,PP
874,Franciska,Gaffney,fgaffneyo9@github.io,Female,$379343.60,421739377,IT
875,Olly,Merryman,omerrymanoa@independent.co.uk,Male,$556615.20,451921714,IT
876,Sig,Cohane,scohaneob@engadget.com,Male,$885563.49,581758772,PP
877,Agata,Lang,alangoc@bloglines.com,Female,$337186.40,557474276,IT
878,Judas,Edy,jedyod@google.ru,Male,$737009.84,446958558,CC
879,Brad,Illsley,billsleyoe@gnu.org,Male,$852249.48,549916145,CC
880,Astrid,Volke,avolkeof@hc360.com,Female,$695205.42,388192018,IT
881,Genny,Skyppe,gskyppeog@indiatimes.com,Female,$133107.79,357432395,PP
882,Alexandros,Dobble,adobbleoh@ox.ac.uk,Male,$774839.24,193297163,CC
883,Elfie,Butten,ebuttenoi@vk.com,Female,$762049.45,115519594,PP
884,Bruce,Ronisch,bronischoj@google.com.au,Male,$235775.63,475598139,CC
885,Karel,Brettor,kbrettorok@independent.co.uk,Male,$610172.40,195263829,IT
886,Yasmin,Boud,yboudol@jimdo.com,Female,$863162.18,188575690,CC
887,Jany,Drinkhall,jdrinkhallom@t-online.de,Female,$667037.57,477958105,IT
888,Audrye,Devlin,adevlinon@google.com,Female,$514220.18,462066198,CC
889,Stillman,Giggie,sgiggieoo@comcast.net,Male,$475950.18,399256819,PP
890,Lew,Gives,lgivesop@ovh.net,Male,$464514.53,142761127,PP
891,Theo,Karlolak,tkarlolakoq@nba.com,Female,$303784.46,846607174,PP
892,Daile,Grigoroni,dgrigoronior@surveymonkey.com,Female,$124780.16,713020805,IT
893,Hamlen,Porter,hporteros@umich.edu,Male,$754318.56,449843662,CC
894,Noreen,Gorvette,ngorvetteot@drupal.org,Female,$648696.41,696972701,IT
895,Stillman,MacArd,smacardou@nydailynews.com,Male,$130822.89,765936585,CC
896,Hakeem,Fraschetti,hfraschettiov@omniture.com,Male,$802467.38,756279309,PP
897,Dimitry,Dignan,ddignanow@arizona.edu,Male,$446161.69,676655568,IT
898,Ramona,Brobak,rbrobakox@feedburner.com,Female,$251144.31,523950181,IT
899,Verge,Allcock,vallcockoy@webmd.com,Male,$504574.99,567420134,IT
900,Siward,Miettinen,smiettinenoz@zdnet.com,Male,$358142.65,944646526,CC
901,Quintin,Riccio,qricciop0@tamu.edu,Male,$657100.22,503734069,CC
902,Keely,MacCostigan,kmaccostiganp1@cisco.com,Female,$906244.29,192146987,PP
903,Paddie,Stanway,pstanwayp2@discuz.net,Male,$445655.66,56758496,IT
904,Edwina,Borzone,eborzonep3@fda.gov,Female,$221457.31,408852014,IT
905,Noak,Stoad,nstoadp4@examiner.com,Male,$785803.45,62874326,PP
906,Jessie,Sitlington,jsitlingtonp5@odnoklassniki.ru,Male,$779620.81,994751820,PP
907,Mano,MacGorrie,mmacgorriep6@sourceforge.net,Male,$825368.08,867761916,PP
908,Catie,Dymoke,cdymokep7@cnet.com,Female,$759885.62,52201496,IT
909,Evelyn,Eastman,eeastmanp8@studiopress.com,Male,$550351.35,834108436,PP
910,Cleopatra,Stoppe,cstoppep9@economist.com,Female,$198074.44,1032692680,IT
911,Yance,Waldera,ywalderapa@imgur.com,Male,$961058.42,534288248,PP
912,Zola,Holligan,zholliganpb@upenn.edu,Female,$953611.42,37717923,PP
913,Brandice,Winspur,bwinspurpc@jugem.jp,Female,$564863.48,731899352,IT
914,Kimberly,MacPeice,kmacpeicepd@comsenz.com,Female,$542583.04,913589269,PP
915,Liam,Dalliwatr,ldalliwatrpe@wufoo.com,Male,$779399.55,668361361,IT
916,Cheslie,Anwell,canwellpf@marketwatch.com,Female,$655406.22,381903175,IT
917,Pascale,Welland,pwellandpg@state.tx.us,Male,$576761.45,25081260,PP
918,Ally,Dacre,adacreph@xinhuanet.com,Female,$989801.09,149826169,IT
919,Sabrina,MacMychem,smacmychempi@ifeng.com,Female,$556392.97,578563069,CC
920,Hussein,Joinson,hjoinsonpj@hibu.com,Male,$741111.71,548421726,IT
921,Elizabet,Korneichuk,ekorneichukpk@springer.com,Female,$410223.08,691917448,IT
922,Richmound,Filliskirk,rfilliskirkpl@hostgator.com,Male,$198360.17,28638081,PP
923,Pate,Linnard,plinnardpm@buzzfeed.com,Male,$338685.93,324111851,CC
924,Junina,Yurov,jyurovpn@posterous.com,Female,$142800.07,1007755348,CC
925,Lian,Baldi,lbaldipo@irs.gov,Female,$171214.96,77717932,CC
926,Lorenzo,Menghi,lmenghipp@irs.gov,Male,$127759.29,927491023,IT
927,Oby,Brightling,obrightlingpq@nasa.gov,Male,$383488.81,588014077,IT
928,Arlette,Fraulo,afraulopr@com.com,Female,$734722.94,217736955,IT
929,Robinet,Ducarel,rducarelps@intel.com,Male,$706634.49,209986570,PP
930,Daren,Belcher,dbelcherpt@ebay.com,Male,$229290.69,83593865,PP
931,Lacee,Keasy,lkeasypu@booking.com,Female,$192311.62,539433519,IT
932,Demetrius,Ekins,dekinspv@amazon.com,Male,$209110.28,683190335,IT
933,Arley,Armatys,aarmatyspw@google.pl,Male,$600389.63,482556062,CC
934,Agnola,Haggie,ahaggiepx@soup.io,Female,$490922.57,679658852,CC
935,Reynold,Bayne,rbaynepy@whitehouse.gov,Male,$979253.12,585998277,PP
936,Earl,Rockingham,erockinghampz@livejournal.com,Male,$472891.02,907383469,CC
937,Garey,Bosman,gbosmanq0@example.com,Male,$824639.23,369622571,IT
938,Aubrey,Morbey,amorbeyq1@naver.com,Female,$693587.80,492728234,IT
939,Rowland,Potkins,rpotkinsq2@dagondesign.com,Male,$614155.07,30395109,IT
940,Della,Danilchik,ddanilchikq3@yellowpages.com,Female,$937534.15,720877219,PP
941,Geoffry,Coda,gcodaq4@woothemes.com,Male,$431988.29,1039093632,CC
942,Kendell,Pflieger,kpfliegerq5@earthlink.net,Male,$259057.86,720593875,PP
943,Ker,Blown,kblownq6@state.gov,Male,$870905.09,133845054,IT
944,Rockey,Watt,rwattq7@networkadvertising.org,Male,$520628.74,90615194,IT
945,Nichole,Querree,nquerreeq8@ask.com,Female,$455457.46,448268223,PP
946,Tiebout,Weatherhead,tweatherheadq9@bizjournals.com,Male,$316117.58,1025519489,CC
947,Courtenay,McWhirter,cmcwhirterqa@omniture.com,Female,$846082.51,770704268,CC
948,Chicky,Angrock,cangrockqb@hibu.com,Male,$815483.95,320700705,IT
949,Dalton,Collens,dcollensqc@amazon.com,Male,$582676.14,792379935,IT
950,Shanon,Gebuhr,sgebuhrqd@gravatar.com,Female,$588025.81,495934857,IT
951,Gery,Bedham,gbedhamqe@pagesperso-orange.fr,Male,$515024.62,752801336,CC
952,Gussi,Renachowski,grenachowskiqf@independent.co.uk,Female,$697255.29,448731376,CC
953,Natalya,Petrov,npetrovqg@omniture.com,Female,$755074.69,679221197,IT
954,Adolphus,Baldazzi,abaldazziqh@altervista.org,Male,$236917.43,789353219,IT
955,Caritta,Bassam,cbassamqi@live.com,Female,$782507.66,369298502,CC
956,Margi,Vardy,mvardyqj@desdev.cn,Female,$854186.63,619324641,PP
957,Welbie,Wellings,wwellingsqk@archive.org,Male,$790374.13,641965297,CC
958,Kennett,Oakenfield,koakenfieldql@washingtonpost.com,Male,$774435.15,259176437,IT
959,Taber,O'Farrell,tofarrellqm@prweb.com,Male,$888465.92,977246719,CC
960,Cyrillus,Kimmitt,ckimmittqn@webnode.com,Male,$675490.17,902651709,CC
961,Leanna,Linggard,llinggardqo@slashdot.org,Female,$895085.99,990051509,PP
962,Helyn,Oiseau,hoiseauqp@weebly.com,Female,$274062.51,675858651,PP
963,Aube,Swinford,aswinfordqq@statcounter.com,Male,$628916.62,239922917,CC
964,Eirena,Jaze,ejazeqr@pinterest.com,Female,$988499.04,937473048,IT
965,Laughton,Aslott,laslottqs@usatoday.com,Male,$954376.47,810484767,IT
966,Jeramey,Harrill,jharrillqt@t-online.de,Male,$880685.12,532417505,PP
967,Ian,Sparwell,isparwellqu@who.int,Male,$667849.94,758971913,CC
968,Royall,Ralestone,rralestoneqv@mtv.com,Male,$397797.05,803601950,CC
969,Demetria,Tuftin,dtuftinqw@zdnet.com,Female,$346421.58,408339855,IT
970,Christy,Maffezzoli,cmaffezzoliqx@mozilla.org,Female,$133453.01,795211708,CC
971,Cullen,Riall,criallqy@360.cn,Male,$986145.07,849978457,CC
972,Dianne,Jandourek,djandourekqz@ning.com,Female,$369943.60,562636931,IT
973,Renell,Meagher,rmeagherr0@nyu.edu,Female,$458330.27,254736173,CC
974,Marjie,Kilban,mkilbanr1@bizjournals.com,Female,$934891.42,31385963,PP
975,Charlean,Boutellier,cboutellierr2@t.co,Female,$787318.84,390301328,PP
976,Stinky,Forster,sforsterr3@homestead.com,Male,$174214.41,588818300,IT
977,Emmott,Girk,egirkr4@creativecommons.org,Male,$396556.06,270220217,IT
978,Sadie,Guilleton,sguilletonr5@guardian.co.uk,Female,$997643.53,536166591,PP
979,Patsy,Pavlishchev,ppavlishchevr6@ucla.edu,Female,$360541.10,787912118,PP
980,Izak,Mithan,imithanr7@noaa.gov,Male,$283567.27,450426229,CC
981,Lavina,O'Quin,loquinr8@ibm.com,Female,$661667.29,1024934994,IT
982,Andy,Cavet,acavetr9@altervista.org,Female,$310144.75,633253711,IT
983,Arni,Chesswas,achesswasra@huffingtonpost.com,Male,$526688.47,163761018,PP
984,Leicester,Rameau,lrameaurb@acquirethisname.com,Male,$564386.87,309796500,IT
985,Monah,Ockleshaw,mockleshawrc@xing.com,Female,$247122.09,336409814,PP
986,Archy,Mauger,amaugerrd@mayoclinic.com,Male,$820121.03,684474954,PP
987,Zorah,Inglesfield,zinglesfieldre@theglobeandmail.com,Female,$626510.41,853419194,PP
988,Anetta,Leydon,aleydonrf@creativecommons.org,Female,$610712.02,923892435,PP
989,Christoffer,Diggens,cdiggensrg@google.com.br,Male,$947421.93,894742618,CC
990,Edithe,Slyford,eslyfordrh@shinystat.com,Female,$194500.84,28328453,IT
991,Kordula,Renshall,krenshallri@symantec.com,Female,$282765.51,784919522,PP
992,Ebeneser,Lambrecht,elambrechtrj@dell.com,Male,$537951.74,847296603,CC
993,Effie,Duthie,eduthierk@icio.us,Female,$778400.37,319535400,PP
994,Briny,Camacho,bcamachorl@phpbb.com,Female,$865472.30,672881962,CC
995,Marty,Tower,mtowerrm@nbcnews.com,Female,$467304.69,745724496,IT
996,Timofei,Zmitrichenko,tzmitrichenkorn@bizjournals.com,Male,$460653.31,1025469959,PP
997,Nanette,Rassmann,nrassmannro@miibeian.gov.cn,Female,$944087.64,732093826,IT
998,Lexi,O'Spillane,lospillanerp@google.co.uk,Female,$348421.29,893696939,PP
999,Vasilis,Sollars,vsollarsrq@hexun.com,Male,$949608.70,318978026,CC
1000,Andree,Eby,aebyrr@edublogs.org,Female,$207351.29,676837043,PP
