id,nombre,apellido,email,genero,valor_tx,numero_identificacion,tipo_identificacion
1,Sheena,Gregine,sgregine0@bandcamp.com,Female,$834254.11,833317890,IT
2,Shawn,Hallam,shallam1@symantec.com,Male,$993202.15,198120495,PP
3,Jefferson,Skitral,jskitral2@paypal.com,Male,$431762.85,751986260,IT
4,Caitrin,Wiggington,cwiggington3@cpanel.net,Female,$154907.30,168900280,CC
5,Davey,Barnsley,dbarnsley4@hibu.com,Male,$807924.97,833562110,IT
6,Mickey,Washington,mwashington5@mashable.com,Male,$772427.78,734698354,CC
7,Alia,Flood,aflood6@booking.com,Female,$513444.57,27376565,PP
8,Bambi,Vogt,bvogt7@51.la,Female,$248071.47,105895408,PP
9,Loralyn,Plose,lplose8@aol.com,Female,$959844.08,124521168,IT
10,Leonerd,Commings,lcommings9@free.fr,Male,$753356.06,495896739,CC
11,Clemente,Ledingham,cledinghama@dailymotion.com,Male,$504088.80,233589706,IT
12,Way,McEnteggart,wmcenteggartb@pinterest.com,Male,$354757.67,130730050,PP
13,Hermia,MacAscaidh,hmacascaidhc@rediff.com,Female,$748989.47,998465133,CC
14,Brigitte,Ryall,bryalld@infoseek.co.jp,Female,$918443.95,878113371,PP
15,Crysta,Derwin,cderwine@state.gov,Female,$241042.05,568447267,IT
16,Jocelyn,Curmi,jcurmif@abc.net.au,Female,$835803.30,832143161,CC
17,Currie,Leffek,cleffekg@cargocollective.com,Male,$701854.42,922990640,CC
18,Eberhard,Evered,eeveredh@g.co,Male,$402343.68,737723051,CC
19,Annecorinne,Menchenton,amenchentoni@yahoo.com,Female,$237433.49,919177567,IT
20,Grazia,Candelin,gcandelinj@sciencedaily.com,Female,$114204.45,432203262,PP
21,Boris,Yukhtin,byukhtink@xing.com,Male,$224585.84,155719136,PP
22,Patti,Peirpoint,ppeirpointl@adobe.com,Female,$436891.91,869259048,PP
23,Othelia,Fleckness,oflecknessm@ycombinator.com,Female,$152760.75,1014526147,IT
24,Laurence,Bour,lbourn@cyberchimps.com,Male,$940716.62,1014503453,IT
25,Petr,Calam,pcalamo@canalblog.com,Male,$995388.71,976534893,CC
26,Vivian,Manoch,vmanochp@blogtalkradio.com,Female,$177766.78,933393184,CC
27,Wittie,Morando,wmorandoq@blogspot.com,Male,$604446.79,708012012,PP
28,Emlen,Charon,echaronr@thetimes.co.uk,Male,$337102.22,206318707,PP
29,Odo,O' Shea,oosheas@businessinsider.com,Male,$759745.87,588374225,IT
30,Iormina,Curragh,icurraght@yellowpages.com,Female,$300208.49,1025064570,CC
31,Marti,Canceller,mcancelleru@netvibes.com,Female,$144765.05,136877405,IT
32,Abigale,Doumerque,adoumerquev@mapquest.com,Female,$595700.28,800578377,CC
33,Darbie,Geeritz,dgeeritzw@irs.gov,Female,$345186.28,730520253,IT
34,Kerrill,Spinozzi,kspinozzix@livejournal.com,Female,$525636.30,211901314,CC
35,Brooke,Denys,bdenysy@unesco.org,Male,$775974.14,803593610,IT
36,Gaultiero,Chancelier,gchancelierz@gov.uk,Male,$358574.36,1040815624,IT
37,Kacy,MacPeice,kmacpeice10@youtube.com,Female,$422961.00,508223376,CC
38,Darill,Babber,dbabber11@ebay.co.uk,Male,$465981.80,504177783,CC
39,Malissa,Mowle,mmowle12@hud.gov,Female,$133055.90,998290714,CC
40,Alexi,Martinelli,amartinelli13@etsy.com,Female,$651535.98,798777941,IT
41,Robinia,Forward,rforward14@intel.com,Female,$352890.77,790671337,IT
42,Tiebout,Coatman,tcoatman15@youku.com,Male,$207239.62,478820032,IT
43,Angela,Grundell,agrundell16@fotki.com,Female,$389868.94,604891986,PP
44,Welbie,Rappaport,wrappaport17@dell.com,Male,$371513.62,391042357,PP
45,Christos,Shwalbe,cshwalbe18@boston.com,Male,$508002.38,125174754,PP
46,Megen,Cropp,mcropp19@theglobeandmail.com,Female,$210872.67,567510290,CC
47,Winthrop,Flohard,wflohard1a@trellian.com,Male,$839972.11,509786312,IT
48,Xylia,Jone,xjone1b@bizjournals.com,Female,$124793.22,599053960,CC
49,Jarad,Attyeo,jattyeo1c@huffingtonpost.com,Male,$445393.35,1021128428,CC
50,Elyn,Graver,egraver1d@toplist.cz,Female,$125054.26,625729004,IT
51,Reagan,Cooper,rcooper1e@lycos.com,Male,$895471.71,689597227,IT
52,Steward,Lyte,slyte1f@hud.gov,Male,$381547.07,192275623,IT
53,Sascha,Hoy,shoy1g@g.co,Male,$949342.96,1021414837,IT
54,Lazarus,Clampe,lclampe1h@cocolog-nifty.com,Male,$291287.68,857577295,PP
55,Bertrando,Surgen,bsurgen1i@springer.com,Male,$247525.65,829686060,IT
56,Othilie,McTerrelly,omcterrelly1j@java.com,Female,$112095.18,954086210,CC
57,Ronalda,Eyrl,reyrl1k@pinterest.com,Female,$889650.44,450214738,PP
58,Iver,Clemoes,iclemoes1l@tmall.com,Male,$512570.40,681564257,CC
59,Brigit,Corish,bcorish1m@skype.com,Female,$384763.45,732167552,PP
60,Mohandas,Bryers,mbryers1n@ezinearticles.com,Male,$806318.33,1009056895,CC
61,Madeline,Delahunty,mdelahunty1o@chronoengine.com,Female,$618053.36,931525437,PP
62,Brennan,Estick,bestick1p@thetimes.co.uk,Male,$844507.62,436217069,IT
63,Kimbra,Gricewood,kgricewood1q@gov.uk,Female,$476382.70,823179009,PP
64,Ewen,Phillcock,ephillcock1r@flickr.com,Male,$508196.55,580597905,IT
65,Donall,Trembley,dtrembley1s@wiley.com,Male,$837836.56,988673607,PP
66,Ciro,Parnaby,cparnaby1t@google.pl,Male,$312835.24,597206744,PP
67,Fleurette,Goodbarr,fgoodbarr1u@wikimedia.org,Female,$181712.89,714965555,PP
68,Denise,Haresnaip,dharesnaip1v@salon.com,Female,$155647.73,103712959,CC
69,Aaren,MacDowall,amacdowall1w@icq.com,Female,$912103.57,304041013,CC
70,Alvina,Brierly,abrierly1x@parallels.com,Female,$721804.57,422357278,CC
71,Tadio,Vogele,tvogele1y@sciencedirect.com,Male,$306545.17,497428046,CC
72,Kirbie,Jodlkowski,kjodlkowski1z@live.com,Female,$785397.60,10585799,CC
73,Carol,Evins,cevins20@springer.com,Female,$730888.97,501141957,IT
74,Augustine,McNae,amcnae21@nba.com,Male,$158051.75,63257004,IT
75,Mollee,Lightwing,mlightwing22@smugmug.com,Female,$911605.30,1040886322,CC
76,Danella,Jansky,djansky23@nyu.edu,Female,$560831.39,701148083,CC
77,Wyatan,Navarro,wnavarro24@dailymotion.com,Male,$147932.55,770715174,IT
78,Griselda,Rops,grops25@merriam-webster.com,Female,$879306.85,870647483,IT
79,Goldie,Feldmus,gfeldmus26@bigcartel.com,Female,$326321.87,250302639,CC
80,Oneida,Vanyukhin,ovanyukhin27@squidoo.com,Female,$591637.52,416073650,IT
81,Ardelia,Mac Geaney,amacgeaney28@opensource.org,Female,$479795.24,650460397,IT
82,Dasi,Bliben,dbliben29@pbs.org,Female,$838982.77,102258467,PP
83,Karim,Mordue,kmordue2a@cnbc.com,Male,$329787.92,452799387,PP
84,Junette,Diben,jdiben2b@census.gov,Female,$977146.61,870136172,PP
85,Saunder,Spencock,sspencock2c@posterous.com,Male,$682167.07,889987918,IT
86,Dianemarie,Oakenfull,doakenfull2d@hibu.com,Female,$471749.60,803968064,PP
87,Jeramie,Eckersley,jeckersley2e@abc.net.au,Male,$854240.13,1001375196,CC
88,Ravi,Fleming,rfleming2f@last.fm,Male,$881341.76,1044099769,PP
89,Ricca,Hens,rhens2g@dmoz.org,Female,$518616.33,880429294,PP
90,Opaline,Digby,odigby2h@4shared.com,Female,$777108.15,737401777,IT
91,Raynell,Tran,rtran2i@indiegogo.com,Female,$131909.59,690415477,PP
92,Alysia,Cornuau,acornuau2j@chron.com,Female,$909956.39,1047908988,PP
93,Benn,Larderot,blarderot2k@census.gov,Male,$211276.96,178287219,PP
94,Greer,Biddlestone,gbiddlestone2l@hao123.com,Female,$468253.72,1039024634,IT
95,Hobard,Crompton,hcrompton2m@tmall.com,Male,$488034.41,173771626,PP
96,Stevy,Bryning,sbryning2n@gov.uk,Male,$241531.61,408103481,IT
97,Lanny,Havenhand,lhavenhand2o@hhs.gov,Male,$217797.92,592972303,IT
98,Brady,Tytterton,btytterton2p@hostgator.com,Male,$781875.12,626708047,PP
99,Arlie,Codlin,acodlin2q@w3.org,Female,$755203.57,778379132,IT
100,Vanda,McIlharga,vmcilharga2r@apache.org,Female,$731633.34,199869560,CC
101,Ricca,Eivers,reivers2s@miibeian.gov.cn,Female,$825684.72,54824113,IT
102,Micheline,Hartop,mhartop2t@reference.com,Female,$239384.70,503261541,CC
103,Deva,Kee,dkee2u@paginegialle.it,Female,$922585.68,595303240,PP
104,Orlando,Byne,obyne2v@narod.ru,Male,$921977.84,800277001,IT
105,Jerrylee,Kezar,jkezar2w@ed.gov,Female,$918066.93,549740753,PP
106,Ewen,Bake,ebake2x@ed.gov,Male,$577070.98,75721183,IT
107,Frazer,Adair,fadair2y@rakuten.co.jp,Male,$394639.96,818228253,PP
108,Cristie,Cervantes,ccervantes2z@lycos.com,Female,$906119.66,183002231,CC
109,Wittie,Ricca,wricca30@ebay.co.uk,Male,$284873.74,789447741,PP
110,Ebonee,Glander,eglander31@addthis.com,Female,$226294.11,734397477,IT
111,Gwenette,Michelotti,gmichelotti32@yandex.ru,Female,$604389.80,265498453,PP
112,Baillie,Raggles,braggles33@goodreads.com,Male,$832494.23,443838608,PP
113,Hinda,Everex,heverex34@prweb.com,Female,$390668.18,181641965,CC
114,Creight,Courcey,ccourcey35@earthlink.net,Male,$611368.53,1027801061,PP
115,Timi,Sheran,tsheran36@ebay.co.uk,Female,$298957.47,439530223,IT
116,Lucia,Colebeck,lcolebeck37@ehow.com,Female,$824298.69,98691578,IT
117,Tuesday,Streeter,tstreeter38@apple.com,Female,$544963.62,360140552,PP
118,Dorthy,Shirland,dshirland39@cocolog-nifty.com,Female,$804943.06,204593481,IT
119,Avis,Rylstone,arylstone3a@forbes.com,Female,$275347.19,371144281,PP
120,Pall,Aitken,paitken3b@infoseek.co.jp,Male,$502011.27,203979858,PP
121,Jasun,Frichley,jfrichley3c@google.com.hk,Male,$276641.79,600198975,PP
122,Adelaide,Tarrant,atarrant3d@senate.gov,Female,$726129.89,778256150,CC
123,Abrahan,Bramwell,abramwell3e@clickbank.net,Male,$972872.86,5975455,CC
124,Siana,Braban,sbraban3f@tumblr.com,Female,$756734.12,1046086667,CC
125,Carlynne,Cluet,ccluet3g@cafepress.com,Female,$620949.06,199877279,IT
126,Barbette,Oloshin,boloshin3h@apache.org,Female,$293829.22,24126738,PP
127,Herrick,Mowsdell,hmowsdell3i@diigo.com,Male,$589387.97,334802882,CC
128,Tani,Backsal,tbacksal3j@engadget.com,Female,$202941.47,495295524,PP
129,Eugenio,Pariss,epariss3k@msn.com,Male,$827388.78,341235672,PP
130,Brant,Simm,bsimm3l@wikispaces.com,Male,$544309.77,67157462,CC
131,Amberly,Killingback,akillingback3m@amazon.co.jp,Female,$938575.94,75071247,IT
132,Stephanus,Cullivan,scullivan3n@fema.gov,Male,$763744.66,959401692,PP
133,Dud,Gowman,dgowman3o@blogger.com,Male,$617182.21,242591547,IT
134,Pia,Connaughton,pconnaughton3p@w3.org,Female,$250912.74,863009513,IT
135,Roderick,MacAlinden,rmacalinden3q@opensource.org,Male,$748531.39,921982795,IT
136,Farrell,Laible,flaible3r@cocolog-nifty.com,Male,$557439.83,857255382,CC
137,Vannie,Greene,vgreene3s@nih.gov,Female,$247665.45,873481764,PP
138,Friedrich,Coltart,fcoltart3t@ifeng.com,Male,$406228.00,570812085,CC
139,Reagen,Krikorian,rkrikorian3u@un.org,Male,$827264.32,546174377,IT
140,Enos,Redmell,eredmell3v@wp.com,Male,$218855.05,370299125,PP
141,Devondra,La Croce,dlacroce3w@webnode.com,Female,$507300.67,208597130,CC
142,Johnathan,Akehurst,jakehurst3x@ocn.ne.jp,Male,$172189.83,809504624,CC
143,Vina,Lindeman,vlindeman3y@addthis.com,Female,$694003.03,85415144,PP
144,Denny,Ceney,dceney3z@domainmarket.com,Male,$867863.23,377304445,CC
145,Lea,Buten,lbuten40@tinyurl.com,Female,$958327.76,1048566401,IT
146,Gonzales,Boydle,gboydle41@economist.com,Male,$686259.75,38575509,IT
147,Caron,Iannetti,ciannetti42@lulu.com,Female,$336121.97,81383220,CC
148,Gwendolin,Bampton,gbampton43@japanpost.jp,Female,$677637.71,93580534,IT
149,Lucias,Joly,ljoly44@furl.net,Male,$621855.36,95678890,PP
150,Vanni,Norcop,vnorcop45@dropbox.com,Female,$588011.88,774767941,CC
151,Crysta,Orry,corry46@bing.com,Female,$531746.53,985621459,IT
152,Philippe,Benedicto,pbenedicto47@google.com,Female,$528579.26,275959200,PP
153,Ebonee,Duell,eduell48@bloglines.com,Female,$373059.87,654995779,IT
154,Othilie,Brazener,obrazener49@illinois.edu,Female,$116340.44,798911488,IT
155,Christyna,Clewes,cclewes4a@goo.gl,Female,$589492.99,83057535,CC
156,Petronia,Bastistini,pbastistini4b@ow.ly,Female,$245089.02,1032858815,PP
157,Charlotte,McNeillie,cmcneillie4c@dedecms.com,Female,$193211.93,177746319,IT
158,Nehemiah,Stothert,nstothert4d@mit.edu,Male,$864105.83,886135070,CC
159,Palm,Eberts,peberts4e@yellowbook.com,Male,$255899.57,25653531,PP
160,Alard,Leader,aleader4f@yolasite.com,Male,$452571.33,379034187,IT
161,Caleb,Dicken,cdicken4g@comsenz.com,Male,$364817.16,951594868,PP
162,Cori,Mazdon,cmazdon4h@omniture.com,Female,$830273.80,27494107,IT
163,Annaliese,Colwill,acolwill4i@printfriendly.com,Female,$230941.70,990473616,PP
164,Karlyn,Boram,kboram4j@intel.com,Female,$197662.88,181091914,IT
165,Brent,O'Siaghail,bosiaghail4k@seattletimes.com,Male,$253734.02,782834003,IT
166,Isador,Busson,ibusson4l@linkedin.com,Male,$785038.26,521883478,PP
167,Sile,Baldick,sbaldick4m@theguardian.com,Female,$293742.56,315384798,IT
168,Moishe,Van Der Weedenburg,mvanderweedenburg4n@globo.com,Male,$569986.99,973680581,PP
169,Sheba,Moisey,smoisey4o@hc360.com,Female,$313645.31,285858811,PP
170,Hillyer,Doody,hdoody4p@xinhuanet.com,Male,$648621.08,445070712,CC
171,Joly,Cominetti,jcominetti4q@wikispaces.com,Female,$689711.75,1049061754,IT
172,Maribel,Whaites,mwhaites4r@mapy.cz,Female,$228922.81,440476706,IT
173,Annalise,Eglise,aeglise4s@shinystat.com,Female,$274010.59,538602169,IT
174,Buckie,Minocchi,bminocchi4t@com.com,Male,$901680.47,801749885,IT
175,Tabbitha,Beevis,tbeevis4u@wufoo.com,Female,$839406.83,134843082,CC
176,Trudey,Blethin,tblethin4v@php.net,Female,$824765.76,511748866,CC
177,Hobard,Argue,hargue4w@youtube.com,Male,$590175.98,428438792,IT
178,Erica,Ivel,eivel4x@newsvine.com,Female,$450971.95,75484211,IT
179,Deb,Schurig,dschurig4y@oracle.com,Female,$376017.32,745300513,CC
180,Marge,Morse,mmorse4z@earthlink.net,Female,$758140.97,171511861,CC
181,Yuma,Matysiak,ymatysiak50@last.fm,Male,$107681.02,45171914,CC
182,Ingelbert,Goodenough,igoodenough51@ucoz.com,Male,$293818.09,910534686,CC
183,Dewain,Isgar,disgar52@apache.org,Male,$879829.85,416580343,IT
184,Reagan,Allcoat,rallcoat53@privacy.gov.au,Male,$601511.29,999158227,CC
185,Melessa,Oleszkiewicz,moleszkiewicz54@ucoz.ru,Female,$582305.49,43400310,PP
186,Dee dee,Vanichkin,dvanichkin55@comsenz.com,Female,$842261.46,1030643165,CC
187,Kerianne,Trussman,ktrussman56@naver.com,Female,$437023.87,600224583,CC
188,Norma,Shambrook,nshambrook57@exblog.jp,Female,$511171.78,562031136,IT
189,Carolyne,Sweetmore,csweetmore58@jiathis.com,Female,$179285.17,357950652,IT
190,Mikkel,Manoelli,mmanoelli59@nymag.com,Male,$677460.89,669177127,PP
191,Kirby,Ancliffe,kancliffe5a@angelfire.com,Male,$451562.22,518970901,CC
192,Casper,Bellino,cbellino5b@mtv.com,Male,$709605.41,52277787,PP
193,Christie,Behninck,cbehninck5c@bravesites.com,Female,$439834.19,386840654,IT
194,Wiley,Papen,wpapen5d@lycos.com,Male,$709402.42,435509034,CC
195,Creight,Wastie,cwastie5e@google.com.hk,Male,$776027.27,1030195960,PP
196,Dania,Frangione,dfrangione5f@shop-pro.jp,Female,$670105.68,1049276860,CC
197,Delia,Astie,dastie5g@wikia.com,Female,$152657.22,358275974,PP
198,Syd,Runsey,srunsey5h@dailymail.co.uk,Male,$243397.20,500194332,CC
199,Theodoric,Coyne,tcoyne5i@marketwatch.com,Male,$610665.93,801567366,PP
200,Brent,Izzat,bizzat5j@uol.com.br,Male,$297626.07,853421622,IT
201,Brier,Janauschek,bjanauschek5k@e-recht24.de,Female,$511313.95,479068653,PP
202,Roldan,Moggle,rmoggle5l@sohu.com,Male,$330113.00,847122793,IT
203,Consuelo,Benion,cbenion5m@csmonitor.com,Female,$307203.99,1049274073,PP
204,Carena,Crock,ccrock5n@mozilla.org,Female,$709286.59,490755311,CC
205,Ralph,Phil,rphil5o@altervista.org,Male,$982580.37,112134059,IT
206,Lay,Ossipenko,lossipenko5p@reverbnation.com,Male,$111166.73,860427747,CC
207,Gallard,Helin,ghelin5q@google.ru,Male,$139474.02,400229047,PP
208,Daune,Dionsetti,ddionsetti5r@ocn.ne.jp,Female,$617997.76,55444113,IT
209,Fielding,Dreier,fdreier5s@imgur.com,Male,$866119.40,32652129,CC
210,Inez,Trudgeon,itrudgeon5t@google.fr,Female,$544077.62,452325746,CC
211,Sammy,Chidler,schidler5u@mtv.com,Female,$704034.60,199746788,CC
212,Chet,Grahlman,cgrahlman5v@cornell.edu,Male,$662953.50,244280343,CC
213,Garrick,Dorman,gdorman5w@europa.eu,Male,$384383.68,1030732813,IT
214,Berky,Cavet,bcavet5x@php.net,Male,$606422.32,165577669,PP
215,Sheppard,Angus,sangus5y@blogger.com,Male,$140953.04,525368562,CC
216,Dolph,Traher,dtraher5z@blogspot.com,Male,$659152.26,11977348,IT
217,Almire,Kemm,akemm60@behance.net,Female,$674120.27,641115044,CC
218,Lannie,Burgan,lburgan61@tripadvisor.com,Male,$496448.24,657526289,CC
219,Libbey,Budnik,lbudnik62@wired.com,Female,$560886.18,703447968,PP
220,Nicola,Skitral,nskitral63@techcrunch.com,Female,$568188.58,1001444871,IT
221,Arlan,Brashaw,abrashaw64@hc360.com,Male,$314053.46,915484439,CC
222,Koressa,Ingerson,kingerson65@nbcnews.com,Female,$983185.02,297685538,PP
223,Dilan,Garnsworth,dgarnsworth66@webmd.com,Male,$910098.62,403095677,CC
224,Laure,Farley,lfarley67@cbc.ca,Female,$321440.93,18866020,IT
225,Westley,Siccombe,wsiccombe68@skyrock.com,Male,$804349.32,463528155,IT
226,Simmonds,Thacker,sthacker69@rediff.com,Male,$136158.08,709514887,IT
227,Phillipp,Sayer,psayer6a@bizjournals.com,Male,$945088.26,1037176045,CC
228,Arlana,Sinderson,asinderson6b@ucoz.com,Female,$131328.24,450540623,IT
229,Melissa,Custed,mcusted6c@princeton.edu,Female,$378413.96,238126147,IT
230,Emile,Michel,emichel6d@xrea.com,Male,$989331.75,541154427,IT
231,Tanhya,Giggie,tgiggie6e@a8.net,Female,$485030.99,849236431,CC
232,Kyle,Ireland,kireland6f@census.gov,Male,$569908.14,939231848,PP
233,Thane,Walesby,twalesby6g@soundcloud.com,Male,$818616.85,899824709,PP
234,Addy,Sprowle,asprowle6h@army.mil,Female,$947674.16,147403980,PP
235,Jack,Battams,jbattams6i@hubpages.com,Male,$115064.36,589554145,PP
236,Dotty,Wordington,dwordington6j@sun.com,Female,$589907.13,983649056,CC
237,Halie,Corah,hcorah6k@nationalgeographic.com,Female,$169206.98,498055967,CC
238,Ilyse,Paradine,iparadine6l@imageshack.us,Female,$857295.21,781480742,IT
239,Herrick,Varnam,hvarnam6m@xinhuanet.com,Male,$368177.16,760354603,IT
240,Wes,O'Hare,wohare6n@google.com,Male,$353575.63,787465328,IT
241,Ailbert,Scheffler,ascheffler6o@ca.gov,Male,$826532.56,301251715,CC
242,Raf,Busch,rbusch6p@ft.com,Female,$931470.73,426144162,CC
243,Jennine,Witherow,jwitherow6q@cmu.edu,Female,$408542.04,773120457,CC
244,Michele,Holdin,mholdin6r@smh.com.au,Female,$633734.06,245630213,IT
245,Findlay,Shalloo,fshalloo6s@nps.gov,Male,$249968.57,548122025,PP
246,Eadith,Tuite,etuite6t@nytimes.com,Female,$404737.12,640331087,CC
247,Pavel,Blacklock,pblacklock6u@economist.com,Male,$221428.40,653415460,IT
248,Kippar,Cram,kcram6v@baidu.com,Male,$517856.65,158869023,IT
249,Xaviera,Crummie,xcrummie6w@opensource.org,Female,$833650.16,159341420,CC
250,Terry,Quantick,tquantick6x@ocn.ne.jp,Male,$817742.71,911065148,CC
251,Nell,Birchenhead,nbirchenhead6y@shop-pro.jp,Female,$700789.84,524541973,PP
252,Willey,Wakeham,wwakeham6z@spotify.com,Male,$327578.10,566167714,CC
253,Idette,Ellcock,iellcock70@google.com.au,Female,$657336.61,686986902,PP
254,Oswald,Iffe,oiffe71@jalbum.net,Male,$891634.80,525165517,IT
255,Charil,Speek,cspeek72@live.com,Female,$850287.51,1014034275,IT
256,Gilberte,Ferbrache,gferbrache73@mtv.com,Female,$487968.33,38415281,CC
257,Lizabeth,Duell,lduell74@jugem.jp,Female,$588082.26,13334951,PP
258,Verna,Matiashvili,vmatiashvili75@sciencedirect.com,Female,$577421.49,532095293,IT
259,Ame,Haselden,ahaselden76@google.com.br,Female,$894771.01,423577375,PP
260,Mathilde,Evenett,mevenett77@shutterfly.com,Female,$276780.34,1035408601,CC
261,Rafferty,Leap,rleap78@cpanel.net,Male,$673815.84,297827682,PP
262,Penrod,Alexandersen,palexandersen79@gnu.org,Male,$471447.31,615188306,CC
263,Seana,Korfmann,skorfmann7a@auda.org.au,Female,$168219.70,363423974,IT
264,Pennie,Snawdon,psnawdon7b@cnbc.com,Female,$676461.26,774502541,CC
265,Merlina,Jannex,mjannex7c@free.fr,Female,$669286.61,882001103,IT
266,Noellyn,Danihel,ndanihel7d@youku.com,Female,$210314.68,748513904,IT
267,Emmett,Berkeley,eberkeley7e@jugem.jp,Male,$401673.64,876536501,PP
268,Tarrance,Henrych,thenrych7f@bloglovin.com,Male,$117789.18,325608342,PP
269,Corty,Keyser,ckeyser7g@eepurl.com,Male,$955901.82,250001073,PP
270,Jaquenetta,Baress,jbaress7h@alibaba.com,Female,$198347.38,477858745,CC
271,Baldwin,Sproat,bsproat7i@fda.gov,Male,$889396.53,485818816,PP
272,Ursuline,Crocumbe,ucrocumbe7j@time.com,Female,$214725.26,467451372,CC
273,Mattias,Fleming,mfleming7k@paginegialle.it,Male,$464430.26,791069061,PP
274,Leona,Wharf,lwharf7l@xing.com,Female,$839275.29,446245445,CC
275,Arlen,Carrick,acarrick7m@miitbeian.gov.cn,Female,$802165.44,647395676,IT
276,Janeen,Wardrop,jwardrop7n@goo.ne.jp,Female,$104183.11,673775957,IT
277,Trefor,Engelmann,tengelmann7o@simplemachines.org,Male,$735568.52,270948910,IT
278,Joe,Harvey,jharvey7p@fda.gov,Male,$314028.59,307457513,PP
279,Florrie,Riccard,friccard7q@washington.edu,Female,$752722.93,728757785,IT
280,Barbaraanne,MacNulty,bmacnulty7r@odnoklassniki.ru,Female,$213832.59,567951880,IT
281,Madelaine,Renbold,mrenbold7s@fda.gov,Female,$237968.78,842705024,PP
282,Ely,Leggott,eleggott7t@blinklist.com,Male,$113666.20,873748197,CC
283,Boot,Heppenspall,bheppenspall7u@google.pl,Male,$487649.58,802017199,PP
284,Tab,Heliet,theliet7v@liveinternet.ru,Male,$986086.63,135842525,PP
285,Bryanty,Mignot,bmignot7w@tiny.cc,Male,$218907.25,517182548,PP
286,Gussi,Thorbon,gthorbon7x@google.nl,Female,$474711.97,785348370,CC
287,Nikolaus,Coke,ncoke7y@flavors.me,Male,$204341.83,26664056,PP
288,Matthiew,Rickaert,mrickaert7z@pagesperso-orange.fr,Male,$322726.93,281387317,IT
289,Winifield,MacNucator,wmacnucator80@parallels.com,Male,$613648.09,452739265,PP
290,Lark,Bellany,lbellany81@senate.gov,Female,$979776.23,332215707,PP
291,Dew,Bullard,dbullard82@bloglovin.com,Male,$627964.30,190543436,IT
292,Dore,Ethersey,dethersey83@list-manage.com,Female,$510789.33,407767761,CC
293,Kore,Lorence,klorence84@nsw.gov.au,Female,$921355.85,961033692,IT
294,Donovan,Ferrer,dferrer85@livejournal.com,Male,$481395.76,560367439,CC
295,Marius,Duffree,mduffree86@joomla.org,Male,$754060.82,975043688,CC
296,Vivyan,Giles,vgiles87@abc.net.au,Female,$659452.65,716766674,CC
297,Layne,Battlestone,lbattlestone88@msn.com,Female,$852272.70,170319575,CC
298,Ly,Blowes,lblowes89@paginegialle.it,Male,$463365.71,323548545,IT
299,Horatio,Royce,hroyce8a@aboutads.info,Male,$397267.74,326585497,IT
300,Oralia,Audry,oaudry8b@timesonline.co.uk,Female,$384106.63,812185203,PP
301,Harlene,Sinderson,hsinderson8c@com.com,Female,$562347.84,242846882,PP
302,El,Collum,ecollum8d@elpais.com,Male,$491145.75,380882486,IT
303,Charline,Donnachie,cdonnachie8e@engadget.com,Female,$388078.47,96313796,IT
304,York,Hatherley,yhatherley8f@hostgator.com,Male,$630171.33,594651644,PP
305,Basile,Lathwell,blathwell8g@boston.com,Male,$730589.58,106431871,PP
306,Huberto,Kelshaw,hkelshaw8h@yandex.ru,Male,$362487.72,460833824,IT
307,Reynolds,Server,rserver8i@marriott.com,Male,$775290.69,576499541,CC
308,Ann,Seadon,aseadon8j@webs.com,Female,$520806.58,426713882,PP
309,Talia,Wickwarth,twickwarth8k@digg.com,Female,$966324.06,285099674,CC
310,Anne,Arton,aarton8l@apache.org,Female,$695117.71,131378394,PP
311,Isidora,Chansonne,ichansonne8m@xing.com,Female,$566571.53,538346678,IT
312,Danita,Ingleson,dingleson8n@walmart.com,Female,$169970.75,403967526,PP
313,Hazel,Spinley,hspinley8o@desdev.cn,Male,$909496.80,173104195,CC
314,Bryn,Gowrie,bgowrie8p@cdbaby.com,Male,$160770.88,349859325,PP
315,Gran,Attridge,gattridge8q@netvibes.com,Male,$676106.47,300045995,CC
316,Normand,Assard,nassard8r@weebly.com,Male,$983242.70,952674329,IT
317,Aurelia,Remer,aremer8s@shutterfly.com,Female,$902688.42,897575636,PP
318,Massimo,Andreas,mandreas8t@chronoengine.com,Male,$391186.63,1012242703,PP
319,Eugine,Grzeszczyk,egrzeszczyk8u@mediafire.com,Female,$199572.37,803045581,CC
320,Rriocard,Winch,rwinch8v@e-recht24.de,Male,$749443.88,454502861,PP
321,Rahel,Rillett,rrillett8w@weather.com,Female,$766711.07,83480778,CC
322,Susanne,Sabey,ssabey8x@icq.com,Female,$712225.06,584583083,PP
323,Cad,Sloyan,csloyan8y@qq.com,Male,$134785.31,879889487,CC
324,Alis,Beldam,abeldam8z@mail.ru,Female,$251523.44,665396882,CC
325,Rozele,Droghan,rdroghan90@hostgator.com,Female,$306804.36,77033647,CC
326,Ilysa,Rossant,irossant91@mysql.com,Female,$676986.11,560473140,IT
327,Desiree,Bordone,dbordone92@free.fr,Female,$498274.30,450477820,IT
328,Katine,Speeks,kspeeks93@cbsnews.com,Female,$586160.98,564188011,IT
329,Cristal,Skeels,cskeels94@rambler.ru,Female,$609044.88,919765434,PP
330,Elfie,Andrzejak,eandrzejak95@google.nl,Female,$685112.70,693338297,IT
331,Janette,Yarnold,jyarnold96@rakuten.co.jp,Female,$878387.20,17235290,PP
332,Alic,Stain,astain97@blogtalkradio.com,Male,$218669.93,1001572119,PP
333,Fletcher,Shout,fshout98@hp.com,Male,$358125.41,292346328,CC
334,Andrew,Avrasin,aavrasin99@xing.com,Male,$305950.77,491879299,IT
335,Trefor,Scherme,tscherme9a@bloglines.com,Male,$334440.90,457740852,CC
336,Halsy,Ennals,hennals9b@nih.gov,Male,$149268.01,46747538,PP
337,Cinderella,Juzek,cjuzek9c@google.fr,Female,$166734.65,637684928,PP
338,Nickolai,Loblie,nloblie9d@sitemeter.com,Male,$281368.61,565004393,IT
339,Jerri,MacEveley,jmaceveley9e@studiopress.com,Male,$827453.03,532747809,PP
340,Carrie,Blewitt,cblewitt9f@odnoklassniki.ru,Female,$649608.82,138114638,PP
341,Nissie,Gunbie,ngunbie9g@gmpg.org,Female,$883490.27,158275553,PP
342,Hillard,Kibbel,hkibbel9h@ustream.tv,Male,$587425.48,949203296,IT
343,Jania,Campkin,jcampkin9i@fda.gov,Female,$545863.98,285162374,PP
344,Robb,Gremain,rgremain9j@cargocollective.com,Male,$266863.51,484733224,PP
345,Brittni,Nabbs,bnabbs9k@quantcast.com,Female,$394865.04,909574895,CC
346,Brigitte,Spry,bspry9l@walmart.com,Female,$494971.39,895212091,PP
347,Wye,Cutcliffe,wcutcliffe9m@xing.com,Male,$397781.30,132049944,CC
348,Cathie,Fairbrace,cfairbrace9n@bloglines.com,Female,$521286.06,459491535,CC
349,Christoffer,Andreuzzi,candreuzzi9o@de.vu,Male,$857869.47,886401356,PP
350,Barr,Moulster,bmoulster9p@loc.gov,Male,$339700.65,853066542,IT
351,Jayson,Essex,jessex9q@csmonitor.com,Male,$247868.24,439559595,CC
352,Nikola,Derington,nderington9r@instagram.com,Male,$236280.72,804546370,IT
353,Enrica,Boam,eboam9s@blogger.com,Female,$850318.68,669023945,PP
354,Jon,Semple,jsemple9t@time.com,Male,$674234.30,915111687,PP
355,Hubie,Castelli,hcastelli9u@simplemachines.org,Male,$600090.55,737904951,PP
356,Tessie,Wand,twand9v@cmu.edu,Female,$428638.38,281080722,CC
357,Emiline,Aisman,eaisman9w@dailymotion.com,Female,$142803.55,582085199,IT
358,Isidora,Capel,icapel9x@intel.com,Female,$655501.75,112842115,CC
359,Isaac,Darch,idarch9y@npr.org,Male,$767499.52,391998981,PP
360,Dagmar,Fairpool,dfairpool9z@163.com,Female,$740511.57,537850391,IT
361,Donica,Piscotti,dpiscottia0@hugedomains.com,Female,$682941.58,1027641856,IT
362,Elianora,Mertel,emertela1@archive.org,Female,$473830.85,734044601,PP
363,Kit,Bloodworth,kbloodwortha2@usda.gov,Male,$259099.98,1011780548,PP
364,Eulalie,Clitherow,eclitherowa3@irs.gov,Female,$451098.13,400620249,PP
365,Jeniffer,Rosenqvist,jrosenqvista4@un.org,Female,$512848.88,756896880,IT
366,Quent,Fullicks,qfullicksa5@multiply.com,Male,$553890.34,588569913,IT
367,Paulina,Grennan,pgrennana6@addthis.com,Female,$328979.33,989491773,IT
368,Milo,Bock,mbocka7@blinklist.com,Male,$401064.43,566065413,PP
369,Rudie,Brigham,rbrighama8@devhub.com,Male,$552595.20,522513959,PP
370,Nessa,Bront,nbronta9@who.int,Female,$689805.69,288645535,CC
371,Haley,Marc,hmarcaa@thetimes.co.uk,Female,$794279.03,323836976,IT
372,Stella,Duran,sduranab@360.cn,Female,$792042.80,745459234,IT
373,Geoffrey,Scougal,gscougalac@kickstarter.com,Male,$685537.48,896666761,PP
374,Maye,Troughton,mtroughtonad@slashdot.org,Female,$852631.06,1012503316,PP
375,Marybeth,Flood,mfloodae@multiply.com,Female,$941003.36,379682007,PP
376,Katine,Slimings,kslimingsaf@economist.com,Female,$399539.93,382007883,CC
377,Mortimer,Rait,mraitag@istockphoto.com,Male,$271582.99,84738840,PP
378,Sean,Muirden,smuirdenah@answers.com,Male,$182603.61,114711883,PP
379,Bradly,MacCrackan,bmaccrackanai@cocolog-nifty.com,Male,$147584.10,281393130,PP
380,Saul,Massard,smassardaj@buzzfeed.com,Male,$338096.46,534590168,PP
381,Niles,Froude,nfroudeak@hibu.com,Male,$364422.06,863795656,PP
382,Rayna,Bailey,rbaileyal@hatena.ne.jp,Female,$568144.01,1041313939,CC
383,Ulrica,Myall,umyallam@last.fm,Female,$609909.90,1041068259,IT
384,Leandra,Lillegard,llillegardan@msu.edu,Female,$499347.22,52357090,IT
385,Hermann,Fayers,hfayersao@yellowpages.com,Male,$853643.98,918751009,CC
386,Norris,Ducker,nduckerap@istockphoto.com,Male,$258311.25,350624195,PP
387,Susy,Clowsley,sclowsleyaq@opera.com,Female,$208931.54,806425172,IT
388,Lettie,Bembridge,lbembridgear@dion.ne.jp,Female,$216455.96,772065790,IT
389,Lotte,Ebbett,lebbettas@goo.ne.jp,Female,$753420.52,938964621,IT
390,Gunner,MacKeeg,gmackeegat@clickbank.net,Male,$964835.62,24566663,IT
391,Adamo,Walkden,awalkdenau@jalbum.net,Male,$521885.32,85254162,PP
392,Bil,Durn,bdurnav@google.ca,Male,$606810.96,226487262,PP
393,Cornell,Bettleson,cbettlesonaw@tmall.com,Male,$141722.54,542414055,IT
394,Dyan,Goodwyn,dgoodwynax@newsvine.com,Female,$668292.10,498849324,CC
395,Kellyann,Bartomieu,kbartomieuay@seattletimes.com,Female,$558912.64,132578758,CC
396,Donalt,Bensen,dbensenaz@51.la,Male,$924373.63,231099540,CC
397,Jase,Staunton,jstauntonb0@sitemeter.com,Male,$105962.83,347627184,PP
398,Terencio,Longfield,tlongfieldb1@is.gd,Male,$244480.52,619864284,PP
399,Roselle,Bayldon,rbayldonb2@ucoz.ru,Female,$635131.18,404622018,CC
400,Georgia,Siddele,gsiddeleb3@360.cn,Female,$484613.34,517065624,CC
401,Glynn,Sherrard,gsherrardb4@comsenz.com,Male,$646582.04,951226574,PP
402,Birdie,Tarney,btarneyb5@omniture.com,Female,$870871.18,558728638,CC
403,Gwenny,Jeans,gjeansb6@webmd.com,Female,$937319.87,946033583,CC
404,Stefan,Spurret,sspurretb7@nps.gov,Male,$164938.65,875001734,CC
405,Imelda,Ransome,iransomeb8@reference.com,Female,$504786.31,597911797,CC
406,Jaclin,Ubsdale,jubsdaleb9@delicious.com,Female,$235554.25,826605659,PP
407,Phelia,Fullwood,pfullwoodba@netvibes.com,Female,$188179.24,135837701,IT
408,Emlen,Iggo,eiggobb@discovery.com,Male,$712161.42,191027653,PP
409,Bess,Melmeth,bmelmethbc@dell.com,Female,$275706.92,778002088,PP
410,Jonas,Costigan,jcostiganbd@java.com,Male,$670908.97,808587146,CC
411,Ric,Dorrington,rdorringtonbe@godaddy.com,Male,$148872.11,593348113,PP
412,Debby,Adamek,dadamekbf@comcast.net,Female,$859348.83,304861831,PP
413,Paige,Grevatt,pgrevattbg@yahoo.co.jp,Female,$221731.10,740000700,CC
414,Thibaut,Heffy,theffybh@example.com,Male,$925881.03,670337534,PP
415,Blake,Arnley,barnleybi@google.nl,Male,$682200.92,59176284,IT
416,Simmonds,Conrad,sconradbj@psu.edu,Male,$940534.66,282302790,CC
417,Aubert,Lutwidge,alutwidgebk@so-net.ne.jp,Male,$478924.95,205637122,IT
418,Ring,Yeeles,ryeelesbl@list-manage.com,Male,$426182.29,576951976,PP
419,Christophe,Rouch,crouchbm@vistaprint.com,Male,$349391.94,73527527,IT
420,Emylee,Whittall,ewhittallbn@telegraph.co.uk,Female,$839427.33,885259995,PP
421,Huntlee,Maginot,hmaginotbo@typepad.com,Male,$347992.07,944642275,CC
422,Chad,Livezley,clivezleybp@gnu.org,Male,$691220.07,81990573,PP
423,Buddy,Newlands,bnewlandsbq@tiny.cc,Male,$813210.79,667368898,PP
424,Orrin,Sibyllina,osibyllinabr@unblog.fr,Male,$380855.80,474205434,CC
425,Mellisa,Rembrant,mrembrantbs@hatena.ne.jp,Female,$325509.55,302841885,IT
426,Mannie,Bouchier,mbouchierbt@mozilla.org,Male,$323211.98,447430861,PP
427,Bonny,Palke,bpalkebu@imdb.com,Female,$532034.75,913046069,CC
428,Anett,Croney,acroneybv@multiply.com,Female,$301281.76,259400697,CC
429,Sherwin,Harcase,sharcasebw@indiegogo.com,Male,$457071.91,560443950,CC
430,Jasper,O'Cahey,jocaheybx@about.me,Male,$792263.67,772658911,CC
431,Ashlie,Drennan,adrennanby@de.vu,Female,$704551.11,40036621,CC
432,Miquela,Pollok,mpollokbz@nps.gov,Female,$149468.91,206583641,CC
433,Bea,Feetham,bfeethamc0@wikia.com,Female,$307973.80,511038730,PP
434,Kristian,Woodsford,kwoodsfordc1@guardian.co.uk,Male,$221683.22,948622907,IT
435,Norrie,Whiffin,nwhiffinc2@pinterest.com,Male,$395508.27,750327934,CC
436,Penny,Teasdale,pteasdalec3@hud.gov,Female,$197661.85,857760077,IT
437,Thebault,Woodfine,twoodfinec4@sbwire.com,Male,$476857.88,977239727,IT
438,Kassey,D'Aubney,kdaubneyc5@google.com.hk,Female,$821489.28,575030505,IT
439,Hartley,McIlmorie,hmcilmoriec6@wp.com,Male,$122585.96,469932256,PP
440,Maurita,MacFadden,mmacfaddenc7@nydailynews.com,Female,$841712.51,479107488,PP
441,Anita,Tapton,ataptonc8@barnesandnoble.com,Female,$309596.80,122976801,CC
442,Koenraad,Baldry,kbaldryc9@w3.org,Male,$756629.98,319785894,IT
443,Dionysus,Depke,ddepkeca@ucsd.edu,Male,$992321.80,499699235,CC
444,Adorne,Risman,arismancb@nhs.uk,Female,$604943.40,342000998,CC
445,Phillida,Bamber,pbambercc@tripadvisor.com,Female,$711036.29,434039316,CC
446,Elsbeth,Wildish,ewildishcd@unesco.org,Female,$391295.81,497350174,PP
447,Shelli,Winyard,swinyardce@bbc.co.uk,Female,$376605.33,566999802,PP
448,Edyth,Gehring,egehringcf@ftc.gov,Female,$163291.46,182952930,IT
449,Nolana,Raymond,nraymondcg@vistaprint.com,Female,$780014.63,564221498,PP
450,Trstram,Meynell,tmeynellch@state.gov,Male,$869189.17,232658515,CC
451,Elinore,Andrei,eandreici@github.io,Female,$203875.72,490342264,IT
452,Leda,Lipscombe,llipscombecj@unesco.org,Female,$822480.33,635080130,PP
453,Alix,Plimmer,aplimmerck@illinois.edu,Male,$270812.63,819627430,PP
454,Ashbey,Helsdon,ahelsdoncl@sohu.com,Male,$544004.33,419530991,PP
455,Massimo,Drable,mdrablecm@wordpress.org,Male,$456642.35,966985498,IT
456,Lowe,Pinchback,lpinchbackcn@bravesites.com,Male,$912722.36,1017197232,IT
457,Morty,Lorroway,mlorrowayco@youku.com,Male,$416926.93,26210824,IT
458,Linn,Warrick,lwarrickcp@topsy.com,Female,$723008.16,804294734,CC
459,Cordie,Gounot,cgounotcq@hp.com,Female,$663699.24,1031519394,PP
460,Terri-jo,Oxer,toxercr@loc.gov,Female,$640396.24,60733204,PP
461,Aggy,Cornelleau,acornelleaucs@spotify.com,Female,$977559.96,81835395,PP
462,Mala,Dring,mdringct@mozilla.com,Female,$264350.56,969305097,IT
463,Chrystal,Seamer,cseamercu@paypal.com,Female,$687137.78,439636668,PP
464,Dorry,Seaward,dseawardcv@moonfruit.com,Female,$550743.88,790215145,PP
465,Cesya,Gloucester,cgloucestercw@state.tx.us,Female,$926585.61,290796032,IT
466,Orton,Ludwikiewicz,oludwikiewiczcx@amazonaws.com,Male,$410928.58,221338435,IT
467,Jacqui,Bustard,jbustardcy@nationalgeographic.com,Female,$809149.88,723710011,IT
468,Raleigh,Halewood,rhalewoodcz@tamu.edu,Male,$273117.27,163838390,IT
469,Alison,Mockes,amockesd0@illinois.edu,Female,$163377.31,234655721,IT
470,Ferrell,Minocchi,fminocchid1@biglobe.ne.jp,Male,$678814.28,398916470,IT
471,Birdie,Grumbridge,bgrumbridged2@dion.ne.jp,Female,$618901.31,265849109,IT
472,Burtie,McIlwain,bmcilwaind3@blogs.com,Male,$945976.44,234324956,CC
473,Jeffie,Grelka,jgrelkad4@jalbum.net,Male,$639426.01,739757033,PP
474,Giffer,Roomes,groomesd5@ezinearticles.com,Male,$757353.11,882490083,PP
475,Arri,Craigmyle,acraigmyled6@webnode.com,Male,$872108.00,770869569,PP
476,Janeva,Abendroth,jabendrothd7@msn.com,Female,$251479.37,869205885,PP
477,Cassy,Butterfield,cbutterfieldd8@over-blog.com,Female,$121583.31,645888201,IT
478,Merrili,Holehouse,mholehoused9@domainmarket.com,Female,$184031.35,907759805,IT
479,Shea,Biskup,sbiskupda@house.gov,Male,$823758.21,726545236,PP
480,Wynn,Bruyet,wbruyetdb@artisteer.com,Male,$131859.05,889539823,CC
481,Spense,Thomton,sthomtondc@fda.gov,Male,$329869.23,217445614,IT
482,Babbette,McKeevers,bmckeeversdd@walmart.com,Female,$990921.30,797988743,IT
483,Drew,Greystock,dgreystockde@constantcontact.com,Male,$855977.18,935517905,CC
484,Bryna,Naisby,bnaisbydf@craigslist.org,Female,$659396.37,716153495,IT
485,Evie,Verrills,everrillsdg@umn.edu,Female,$442204.61,921405645,CC
486,Giorgi,Inglesfield,ginglesfielddh@dmoz.org,Male,$176489.34,970181721,CC
487,Zack,Linner,zlinnerdi@census.gov,Male,$968621.10,728114611,PP
488,Guss,Shankle,gshankledj@creativecommons.org,Male,$361879.23,304514176,PP
489,Harland,Dmitr,hdmitrdk@usatoday.com,Male,$191250.31,387138381,IT
490,Karly,Wile,kwiledl@businesswire.com,Female,$408787.66,812442280,CC
491,Tiffani,Doyley,tdoyleydm@icq.com,Female,$405454.78,556643557,IT
492,Sal,McLarty,smclartydn@jugem.jp,Female,$629246.88,427277407,PP
493,Cammie,Wennam,cwennamdo@washingtonpost.com,Female,$256547.55,110837671,IT
494,Tobe,Vecard,tvecarddp@cnet.com,Female,$777695.06,170158363,PP
495,Garrard,Duck,gduckdq@so-net.ne.jp,Male,$275965.39,414906094,IT
496,Jefferey,Baise,jbaisedr@bandcamp.com,Male,$462121.02,599037101,PP
497,Tanhya,LaBastida,tlabastidads@china.com.cn,Female,$513977.08,399627539,PP
498,Raviv,Von Brook,rvonbrookdt@stanford.edu,Male,$191766.10,467606915,CC
499,Saloma,Smeall,ssmealldu@pen.io,Female,$560192.37,358265306,CC
500,Hatti,Knowling,hknowlingdv@japanpost.jp,Female,$301757.69,616249266,CC
501,Inge,Middlemist,imiddlemistdw@paypal.com,Female,$457714.40,832125298,IT
502,Alphonse,Tonn,atonndx@washington.edu,Male,$584750.24,828293817,CC
503,Florance,Rawlin,frawlindy@intel.com,Female,$688548.47,980337495,CC
504,Melisse,Cutting,mcuttingdz@opera.com,Female,$920327.17,288700600,IT
505,Hanson,Halwill,hhalwille0@myspace.com,Male,$323960.06,578295315,IT
506,Corrianne,Quoit,cquoite1@google.es,Female,$582380.88,808306044,CC
507,Velma,Luetchford,vluetchforde2@timesonline.co.uk,Female,$341098.75,112389100,IT
508,Roosevelt,Fomichyov,rfomichyove3@time.com,Male,$551058.77,793999993,IT
509,Leelah,Bauld,lbaulde4@seattletimes.com,Female,$267629.52,151099204,CC
510,Roddie,Synnot,rsynnote5@twitpic.com,Male,$190684.39,647395030,CC
511,Carmella,Drury,cdrurye6@photobucket.com,Female,$465097.73,390987285,CC
512,Powell,Urey,pureye7@e-recht24.de,Male,$261271.70,171595492,IT
513,Barbie,Crampin,bcrampine8@issuu.com,Female,$159089.49,518170406,CC
514,Tania,Scutts,tscuttse9@canalblog.com,Female,$893174.80,573763330,CC
515,Everard,Corballis,ecorballisea@clickbank.net,Male,$975063.57,153983190,IT
516,Stu,Van Halen,svanhaleneb@so-net.ne.jp,Male,$302306.31,434431369,CC
517,Franky,Perree,fperreeec@unesco.org,Male,$874071.49,1031614117,IT
518,Willie,McRobbie,wmcrobbieed@cornell.edu,Female,$427138.70,675787631,CC
519,Jeffy,Riddington,jriddingtonee@dell.com,Male,$754534.91,165143471,PP
520,Olive,Dytham,odythamef@columbia.edu,Female,$669962.97,81033440,IT
521,Beverly,Watford,bwatfordeg@guardian.co.uk,Female,$864287.84,511133482,CC
522,Dorris,Broseman,dbrosemaneh@irs.gov,Female,$410027.58,132703872,IT
523,Galvan,Rutigliano,grutiglianoei@nifty.com,Male,$347947.88,578019111,IT
524,Eddy,Clingan,eclinganej@omniture.com,Female,$811869.71,548743251,IT
525,Brandyn,Haddy,bhaddyek@telegraph.co.uk,Male,$380218.55,431988801,IT
526,Wittie,Eyam,weyamel@cdbaby.com,Male,$109084.64,601728349,IT
527,Dulce,Fowgies,dfowgiesem@istockphoto.com,Female,$698485.76,75503021,CC
528,Hulda,Gatherer,hgathereren@vimeo.com,Female,$514649.94,293902881,CC
529,Charisse,Biasioni,cbiasionieo@sogou.com,Female,$444215.68,23754637,PP
530,Berny,Aulds,bauldsep@wordpress.com,Male,$387949.49,285658346,IT
531,Oliy,Donnellan,odonnellaneq@example.com,Female,$572855.26,448284953,PP
532,Carlynn,Fludgate,cfludgateer@icio.us,Female,$155528.68,756868553,PP
533,Jess,Zouch,jzouches@baidu.com,Male,$908179.65,320738796,CC
534,Glynn,Axtell,gaxtellet@ucsd.edu,Male,$759709.82,875457666,IT
535,Fonsie,Luthwood,fluthwoodeu@fc2.com,Male,$494199.99,488243049,IT
536,Yankee,Cossom,ycossomev@bbc.co.uk,Male,$124212.20,292135772,CC
537,Nana,Meere,nmeereew@google.es,Female,$773738.80,270911330,CC
538,Estell,Keepin,ekeepinex@marriott.com,Female,$239980.16,901854809,CC
539,Joni,Thorndale,jthorndaleey@indiatimes.com,Female,$745300.91,344793512,PP
540,Brock,Offiler,boffilerez@soundcloud.com,Male,$930477.99,904143925,PP
541,Ebenezer,Doumic,edoumicf0@mlb.com,Male,$251167.21,870906165,PP
542,Alfonse,Kinleyside,akinleysidef1@tinypic.com,Male,$273581.79,610128453,PP
543,Sol,Honnicott,shonnicottf2@freewebs.com,Male,$252860.68,79269216,PP
544,Dur,Soot,dsootf3@google.de,Male,$840075.27,376024459,CC
545,Dionisio,Kynforth,dkynforthf4@nationalgeographic.com,Male,$755529.44,1039807260,IT
546,Sarita,Kausche,skauschef5@chron.com,Female,$214115.84,754810390,PP
547,Ddene,Majury,dmajuryf6@devhub.com,Female,$207987.26,474757618,CC
548,Travus,Flindall,tflindallf7@amazon.co.uk,Male,$559538.96,1028619171,CC
549,Trent,Lyle,tlylef8@mac.com,Male,$616567.89,950047980,PP
550,Kalie,Livezey,klivezeyf9@ucoz.ru,Female,$525117.75,383399217,IT
551,Wash,Eastam,weastamfa@state.gov,Male,$932258.09,820930323,PP
552,Sol,Aldren,saldrenfb@harvard.edu,Male,$555524.17,169953621,CC
553,Tyrone,Bispham,tbisphamfc@is.gd,Male,$856927.16,823424497,CC
554,Umeko,Morey,umoreyfd@php.net,Female,$831010.79,974086788,CC
555,Urbain,Anfosso,uanfossofe@cbc.ca,Male,$901827.57,874493305,PP
556,Bill,Giottoi,bgiottoiff@blogger.com,Male,$644624.09,429195176,IT
557,Leonidas,Jzhakov,ljzhakovfg@altervista.org,Male,$453445.76,772826664,CC
558,Hailey,Pochon,hpochonfh@a8.net,Male,$703033.28,451522414,IT
559,Dylan,De Moreno,ddemorenofi@independent.co.uk,Male,$911654.75,581127669,IT
560,Sande,Arger,sargerfj@symantec.com,Female,$463814.30,995384414,PP
561,Harold,Leek,hleekfk@newsvine.com,Male,$471542.06,962959503,PP
562,Howie,Vasler,hvaslerfl@nationalgeographic.com,Male,$248666.60,693079402,PP
563,Stanley,Brakewell,sbrakewellfm@jalbum.net,Male,$339938.67,734537363,PP
564,Morton,Manvelle,mmanvellefn@ebay.co.uk,Male,$568987.91,439452058,CC
565,Renault,Buttwell,rbuttwellfo@tripod.com,Male,$628462.91,239045631,IT
566,Sandi,Hercock,shercockfp@google.com.hk,Female,$842262.26,941955094,CC
567,Free,Hailston,fhailstonfq@canalblog.com,Male,$166724.08,898515658,IT
568,Biddie,Collymore,bcollymorefr@whitehouse.gov,Female,$994008.91,163289121,IT
569,Urban,Rickis,urickisfs@rakuten.co.jp,Male,$380837.99,145286759,PP
570,Willetta,Braden,wbradenft@wufoo.com,Female,$625169.49,172419819,CC
571,Olive,Coursor,ocoursorfu@wisc.edu,Female,$900267.67,370017084,CC
572,Dorella,Drover,ddroverfv@infoseek.co.jp,Female,$537834.28,652637351,IT
573,Allyn,Beven,abevenfw@wordpress.com,Male,$169354.16,85507337,IT
574,Charmane,Brizland,cbrizlandfx@forbes.com,Female,$903467.96,889238181,CC
575,Selena,Yesinov,syesinovfy@wix.com,Female,$349688.84,307740331,PP
576,Demetria,Bischoff,dbischofffz@businessinsider.com,Female,$375698.15,451629106,IT
577,Jesse,Graveney,jgraveneyg0@photobucket.com,Male,$679217.99,907441403,PP
578,Antone,Fulep,afulepg1@elpais.com,Male,$439084.08,616625543,IT
579,Minni,Cockren,mcockreng2@prlog.org,Female,$181838.37,68635975,IT
580,Balduin,Grishechkin,bgrishechking3@mtv.com,Male,$476155.69,903514029,PP
581,Dorey,Hoyte,dhoyteg4@about.me,Male,$744196.59,332269250,IT
582,Selene,Presswell,spresswellg5@symantec.com,Female,$315642.39,293217691,IT
583,Sascha,Kesby,skesbyg6@sciencedaily.com,Female,$652527.35,580954010,CC
584,Terence,McRamsey,tmcramseyg7@icio.us,Male,$823446.60,209046485,CC
585,Carry,Parsand,cparsandg8@java.com,Female,$699847.21,369115665,CC
586,Bobby,Colchett,bcolchettg9@ca.gov,Female,$924218.81,333024031,CC
587,Mufinella,Kernock,mkernockga@studiopress.com,Female,$269733.30,142089435,PP
588,Cletus,Tantum,ctantumgb@census.gov,Male,$938262.07,401687142,PP
589,Wendell,Setterfield,wsetterfieldgc@cafepress.com,Male,$187792.18,264629246,CC
590,Chester,Dundendale,cdundendalegd@angelfire.com,Male,$218945.58,235121817,IT
591,Colas,Alvar,calvarge@sfgate.com,Male,$810044.68,115317913,PP
592,Dareen,Madrell,dmadrellgf@yellowbook.com,Female,$117694.90,17119801,CC
593,Hadrian,Wetherell,hwetherellgg@patch.com,Male,$316809.67,745536598,PP
594,Bob,Godlonton,bgodlontongh@1und1.de,Male,$411863.67,954436861,IT
595,Kassi,Aloway,kalowaygi@ameblo.jp,Female,$549879.95,148079504,CC
596,Sylvan,Calderonello,scalderonellogj@buzzfeed.com,Male,$807453.79,859846059,PP
597,Rozanne,Hannon,rhannongk@goo.gl,Female,$640311.24,951309849,IT
598,Stuart,Hayes,shayesgl@1688.com,Male,$197981.78,132787388,CC
599,Major,Dudderidge,mdudderidgegm@forbes.com,Male,$986602.90,267750518,CC
600,Ulrick,Truin,utruingn@istockphoto.com,Male,$697012.87,973172071,PP
601,Zorina,Sutton,zsuttongo@techcrunch.com,Female,$160636.26,480331579,IT
602,Karleen,McKain,kmckaingp@ibm.com,Female,$572420.43,1038078893,PP
603,Filippo,Tidman,ftidmangq@rediff.com,Male,$971683.51,116502523,IT
604,Faulkner,Richards,frichardsgr@icq.com,Male,$951896.45,906002093,CC
605,Aluin,Adolf,aadolfgs@woothemes.com,Male,$666017.37,307191705,IT
606,Evangelin,Jorez,ejorezgt@wordpress.com,Female,$378866.31,567582266,CC
607,Cleopatra,Heed,cheedgu@godaddy.com,Female,$470337.06,144642735,CC
608,Oona,Boswood,oboswoodgv@techcrunch.com,Female,$692738.74,262352098,PP
609,Nefen,Feek,nfeekgw@wisc.edu,Male,$805326.95,137242818,IT
610,Bekki,Burrel,bburrelgx@sphinn.com,Female,$638489.00,15705964,PP
611,Mitchell,Greeno,mgreenogy@digg.com,Male,$456358.76,955118572,IT
612,Chaim,Wardlaw,cwardlawgz@slate.com,Male,$550036.38,711865209,PP
613,Rufus,Pulley,rpulleyh0@springer.com,Male,$842347.92,609704421,IT
614,Lou,Royste,lroysteh1@wikia.com,Male,$768564.08,1015187078,CC
615,Dottie,Birchner,dbirchnerh2@cbc.ca,Female,$704940.64,915127233,IT
616,Cassi,Negro,cnegroh3@indiegogo.com,Female,$987586.14,1038047394,IT
617,Bianka,Molan,bmolanh4@technorati.com,Female,$172362.25,460872900,PP
618,Marje,Spinetti,mspinettih5@vistaprint.com,Female,$176074.63,511875112,PP
619,Roslyn,Pettecrew,rpettecrewh6@mlb.com,Female,$213994.33,833664396,PP
620,Ginger,Regorz,gregorzh7@cornell.edu,Female,$402976.83,632901973,IT
621,Sydney,Faragan,sfaraganh8@sohu.com,Male,$194340.05,320099249,IT
622,Milly,Pratley,mpratleyh9@ask.com,Female,$735353.10,617662540,IT
623,Ned,Stanborough,nstanboroughha@networksolutions.com,Male,$276606.38,375178382,IT
624,Ringo,Carlisle,rcarlislehb@narod.ru,Male,$372497.86,91519226,PP
625,Augusta,Jonk,ajonkhc@fastcompany.com,Female,$782155.85,404432626,IT
626,Wittie,Clackers,wclackershd@nymag.com,Male,$966969.87,776834913,CC
627,Garland,Rilston,grilstonhe@npr.org,Female,$323421.80,250855546,IT
628,Mariellen,Godlip,mgodliphf@bizjournals.com,Female,$244385.88,210915203,CC
629,Ansell,Storrier,astorrierhg@facebook.com,Male,$560859.25,56805686,IT
630,Pembroke,McLise,pmclisehh@stumbleupon.com,Male,$795460.46,436851297,CC
631,Aliza,Toal,atoalhi@eepurl.com,Female,$408849.32,761548424,IT
632,Abbie,Carlet,acarlethj@engadget.com,Female,$894733.65,45578627,PP
633,Brenden,Buttery,bbutteryhk@weather.com,Male,$914992.93,621774452,CC
634,Tuck,McWhan,tmcwhanhl@phoca.cz,Male,$402345.85,636605079,CC
635,Leticia,Dunphie,ldunphiehm@wired.com,Female,$309696.99,467431069,CC
636,Kalli,Jurn,kjurnhn@google.ca,Female,$616111.16,757750795,PP
637,Bennie,Lathan,blathanho@spiegel.de,Male,$990986.55,216919877,PP
638,Ricoriki,Standell,rstandellhp@networksolutions.com,Male,$472990.28,476119828,PP
639,Klaus,Chadwyck,kchadwyckhq@tripod.com,Male,$581263.69,222133699,CC
640,Ignaz,Salkeld,isalkeldhr@phpbb.com,Male,$548524.69,951525837,IT
641,Alard,Goddard,agoddardhs@spotify.com,Male,$129176.43,520724377,IT
642,Kathrine,Pinare,kpinareht@si.edu,Female,$423544.95,430109101,PP
643,Leesa,Freeth,lfreethhu@ovh.net,Female,$453411.01,643971383,PP
644,Dennet,Wloch,dwlochhv@blogspot.com,Male,$812402.14,354781478,PP
645,Martynne,Yanele,myanelehw@china.com.cn,Female,$757381.99,85574658,IT
646,Orelee,Picot,opicothx@nasa.gov,Female,$749082.39,382612553,CC
647,Bradney,Samweyes,bsamweyeshy@elpais.com,Male,$787145.35,922274417,CC
648,Bruce,Hamm,bhammhz@uol.com.br,Male,$315735.74,58107168,PP
649,Kip,Lukas,klukasi0@usgs.gov,Male,$588043.15,368081722,PP
650,Maybelle,Mellem,mmellemi1@opera.com,Female,$846237.14,531902263,PP
651,Horace,Heeney,hheeneyi2@barnesandnoble.com,Male,$303026.38,364448407,IT
652,Mercedes,Gillings,mgillingsi3@constantcontact.com,Female,$248896.21,326593907,PP
653,Sigfrid,Joerning,sjoerningi4@yahoo.co.jp,Male,$627469.66,652414554,PP
654,Zacherie,Daunter,zdaunteri5@furl.net,Male,$419435.84,914652888,IT
655,Blondelle,MacEnelly,bmacenellyi6@fema.gov,Female,$834505.95,482867455,IT
656,Indira,Dillestone,idillestonei7@nasa.gov,Female,$283572.24,65759673,PP
657,Ariel,Capelen,acapeleni8@npr.org,Male,$541321.73,321370711,PP
658,Mariam,Wendover,mwendoveri9@vistaprint.com,Female,$906065.14,726429305,CC
659,Heriberto,Imlacke,himlackeia@vk.com,Male,$982163.35,151684563,PP
660,Raffarty,Steed,rsteedib@ning.com,Male,$451479.60,869119269,IT
661,Kearney,Enterle,kenterleic@msu.edu,Male,$133243.90,698546667,CC
662,Cobbie,Thody,cthodyid@i2i.jp,Male,$374410.17,638168560,IT
663,Lanny,Fessions,lfessionsie@who.int,Male,$263201.45,305678914,IT
664,Rochester,Spriggen,rspriggenif@illinois.edu,Male,$893187.08,372352596,PP
665,Vanya,Duly,vdulyig@unesco.org,Female,$743390.62,1016075732,CC
666,Kearney,Tamsett,ktamsettih@msu.edu,Male,$329767.12,130214397,PP
667,Sergio,Novacek,snovacekii@ezinearticles.com,Male,$900099.69,375194781,CC
668,Stephani,Bransgrove,sbransgroveij@alexa.com,Female,$373439.51,566884827,IT
669,Maddie,Beecroft,mbeecroftik@blogs.com,Female,$525111.04,729278093,PP
670,Elisa,Caldron,ecaldronil@ehow.com,Female,$906032.96,830089070,CC
671,Lucille,Saffer,lsafferim@ehow.com,Female,$639720.44,581968451,CC
672,Bertie,Flanagan,bflanaganin@google.cn,Female,$316415.52,380056398,CC
673,Gerry,Bendell,gbendellio@un.org,Male,$723523.83,709993962,IT
674,Clarey,Shapiro,cshapiroip@dagondesign.com,Female,$836827.42,671211743,IT
675,Ancell,Margerison,amargerisoniq@hc360.com,Male,$856127.48,217679992,IT
676,Armando,Dunsire,adunsireir@1und1.de,Male,$992699.85,867227781,CC
677,Sax,Cail,scailis@cargocollective.com,Male,$663102.05,809216966,PP
678,Arda,Jerram,ajerramit@chronoengine.com,Female,$368117.40,665727829,CC
679,Dael,Furnival,dfurnivaliu@jalbum.net,Female,$890231.29,431637841,IT
680,Giraldo,Yurukhin,gyurukhiniv@oakley.com,Male,$269753.50,206717527,IT
681,Del,Wilflinger,dwilflingeriw@biglobe.ne.jp,Female,$906111.10,928732714,PP
682,Pooh,Thurlbeck,pthurlbeckix@dailymail.co.uk,Female,$153211.93,568720438,PP
683,Philbert,Lawlance,plawlanceiy@typepad.com,Male,$689277.96,497879957,IT
684,Chilton,Furmage,cfurmageiz@eventbrite.com,Male,$364674.19,413738917,CC
685,Christian,Leal,clealj0@netlog.com,Male,$256069.77,392304821,PP
686,Matt,Dybell,mdybellj1@howstuffworks.com,Male,$390153.85,391287739,IT
687,Lawry,Boc,lbocj2@edublogs.org,Male,$313659.52,213668338,IT
688,Skelly,Ausello,sauselloj3@tinyurl.com,Male,$500001.60,209422245,IT
689,Teodoro,Emanuelov,temanuelovj4@telegraph.co.uk,Male,$990740.71,507951027,CC
690,Cacilia,Crebbin,ccrebbinj5@wsj.com,Female,$362781.53,1033281763,PP
691,Bernhard,Haizelden,bhaizeldenj6@freewebs.com,Male,$751638.25,511850785,IT
692,Randal,Conaghy,rconaghyj7@bbb.org,Male,$601649.34,876521844,PP
693,Lazarus,Pelz,lpelzj8@example.com,Male,$521763.54,671210803,CC
694,Kristen,Gebbie,kgebbiej9@go.com,Female,$231445.61,940671773,CC
695,Rycca,Lipson,rlipsonja@miibeian.gov.cn,Female,$360282.72,347607727,IT
696,Walsh,Arkle,warklejb@networksolutions.com,Male,$707307.55,920622424,IT
697,Benoite,Lowndesbrough,blowndesbroughjc@yolasite.com,Female,$680352.68,634171520,IT
698,Mill,Klisch,mklischjd@cdbaby.com,Male,$634900.87,239194810,CC
699,Quillan,Andrioli,qandriolije@state.gov,Male,$499434.16,41600821,IT
700,Lucia,Newlin,lnewlinjf@narod.ru,Female,$550603.16,97968120,CC
701,Abie,Rossborough,arossboroughjg@nytimes.com,Male,$465467.02,282000325,PP
702,Bernelle,Manoch,bmanochjh@hud.gov,Female,$878400.39,83875300,PP
703,Kip,Liven,klivenji@networksolutions.com,Male,$315056.51,1040994742,PP
704,Binni,Craker,bcrakerjj@spotify.com,Female,$443835.39,686958349,CC
705,Stephen,Stickel,sstickeljk@oracle.com,Male,$854235.90,337375841,IT
706,Luella,Jobin,ljobinjl@chron.com,Female,$658062.30,289752262,CC
707,Phebe,Doggart,pdoggartjm@wsj.com,Female,$945580.98,517581849,IT
708,Guthrie,Maliffe,gmaliffejn@hc360.com,Male,$952115.34,686305688,CC
709,Aileen,Lewinton,alewintonjo@about.me,Female,$705935.64,1032839029,IT
710,Ginnifer,Kinnear,gkinnearjp@technorati.com,Female,$895576.67,432237363,CC
711,Doloritas,Drinan,ddrinanjq@sitemeter.com,Female,$372442.18,936857794,IT
712,Linoel,Asaaf,lasaafjr@shop-pro.jp,Male,$947395.32,1004674272,PP
713,Leonora,Mogie,lmogiejs@smh.com.au,Female,$777529.95,882361117,CC
714,Emmit,Howie,ehowiejt@un.org,Male,$801655.82,823025918,CC
715,Griz,Middlehurst,gmiddlehurstju@devhub.com,Male,$744814.74,562392972,IT
716,Binni,Loines,bloinesjv@cafepress.com,Female,$990337.09,234868313,PP
717,Marisa,Bayles,mbaylesjw@oracle.com,Female,$576442.71,750718038,IT
718,Adrianne,Detheridge,adetheridgejx@home.pl,Female,$474462.50,32194101,CC
719,Minne,Kimbrough,mkimbroughjy@youku.com,Female,$874384.59,343604019,IT
720,Raff,Reary,rrearyjz@phoca.cz,Male,$825727.85,363785483,IT
721,Caldwell,Becerro,cbecerrok0@cornell.edu,Male,$673243.14,850119071,CC
722,Branden,Kryska,bkryskak1@google.es,Male,$837838.54,1020822662,CC
723,Ulick,Kohnemann,ukohnemannk2@comsenz.com,Male,$601247.65,756880589,PP
724,Linn,Ambler,lamblerk3@archive.org,Male,$627869.97,324767762,PP
725,Torrin,Sandifer,tsandiferk4@mozilla.com,Male,$353380.82,733347653,PP
726,Siobhan,Jansens,sjansensk5@ed.gov,Female,$344256.15,687275597,CC
727,Elberta,Bailie,ebailiek6@bravesites.com,Female,$199614.17,642589266,CC
728,Jorie,Symmers,jsymmersk7@ucsd.edu,Female,$127425.45,1047249382,PP
729,Peirce,Haquard,phaquardk8@google.fr,Male,$575360.97,697057301,PP
730,Carey,Coplestone,ccoplestonek9@trellian.com,Male,$847004.21,891497398,PP
731,Marlowe,Sutherel,msutherelka@google.co.uk,Male,$536004.96,388811095,CC
732,Gavra,Zanicchelli,gzanicchellikb@smugmug.com,Female,$966036.16,77734334,PP
733,Powell,Churn,pchurnkc@themeforest.net,Male,$167141.24,799832188,CC
734,Carmella,Leale,clealekd@constantcontact.com,Female,$319555.92,572695055,CC
735,Elisabet,Siely,esielyke@va.gov,Female,$507819.98,929573914,CC
736,Martino,Winterson,mwintersonkf@unicef.org,Male,$731120.43,992984778,CC
737,Tobiah,Alison,talisonkg@simplemachines.org,Male,$797239.02,432296877,PP
738,Alexandro,Simmill,asimmillkh@elpais.com,Male,$391156.03,743106902,PP
739,Nikki,Pedro,npedroki@oaic.gov.au,Male,$370664.44,122049183,CC
740,Lamond,Huxster,lhuxsterkj@dedecms.com,Male,$274355.87,459888973,CC
741,Sarene,Lydiatt,slydiattkk@feedburner.com,Female,$813767.44,749000595,PP
742,Sydelle,Hatchman,shatchmankl@sina.com.cn,Female,$964448.53,450849627,PP
743,Rebbecca,Casse,rcassekm@unc.edu,Female,$901910.01,592033115,PP
744,Francyne,Timothy,ftimothykn@163.com,Female,$988958.83,825181866,IT
745,Emelita,Kenford,ekenfordko@marriott.com,Female,$251637.46,420407853,CC
746,Clint,Wharin,cwharinkp@ed.gov,Male,$502075.11,174183592,IT
747,Jere,Matschek,jmatschekkq@cbsnews.com,Male,$662427.39,481296575,CC
748,Faythe,Bomb,fbombkr@plala.or.jp,Female,$275120.26,979805906,CC
749,Izak,Amsberger,iamsbergerks@smh.com.au,Male,$601148.61,597694636,CC
750,Kipp,de Marco,kdemarcokt@slideshare.net,Female,$778516.51,579440326,CC
751,Hardy,Piatkowski,hpiatkowskiku@japanpost.jp,Male,$438492.90,342181942,PP
752,Joyann,Loweth,jlowethkv@ask.com,Female,$353554.35,188189847,CC
753,Marwin,Feige,mfeigekw@baidu.com,Male,$340753.09,169197239,PP
754,Leonanie,Bolger,lbolgerkx@hatena.ne.jp,Female,$337241.63,45463002,CC
755,Yard,MacGovern,ymacgovernky@barnesandnoble.com,Male,$449081.39,579830536,IT
756,Modesty,Dimitriades,mdimitriadeskz@epa.gov,Female,$111075.69,635613195,CC
757,Rozanna,Possek,rpossekl0@mac.com,Female,$930213.09,335891003,PP
758,Spike,Bedells,sbedellsl1@topsy.com,Male,$196904.47,55416831,IT
759,Sigfrid,Matteris,smatterisl2@de.vu,Male,$127317.01,38600233,PP
760,Law,Hargess,lhargessl3@constantcontact.com,Male,$902008.61,210770612,CC
761,Helga,Bunten,hbuntenl4@apache.org,Female,$207217.72,764671100,PP
762,Berni,Male,bmalel5@ehow.com,Female,$541257.27,82511135,IT
763,Payton,Kinkead,pkinkeadl6@census.gov,Male,$415427.64,423268064,PP
764,Octavius,Haithwaite,ohaithwaitel7@blogs.com,Male,$495336.23,282127441,PP
765,Antonella,Frugier,afrugierl8@devhub.com,Female,$263796.79,746574113,PP
766,Sollie,Pilpovic,spilpovicl9@gov.uk,Male,$367452.61,985399284,IT
767,Demeter,Matz,dmatzla@yelp.com,Female,$194156.62,519016917,CC
768,Hurlee,Eastmond,heastmondlb@wp.com,Male,$582161.57,735043336,PP
769,Lief,Dumingo,ldumingolc@de.vu,Male,$204493.10,602617242,CC
770,Jada,Komorowski,jkomorowskild@clickbank.net,Female,$800760.05,1037375957,PP
771,Lori,Ollington,lollingtonle@simplemachines.org,Female,$877202.76,169695669,PP
772,Brier,Farrar,bfarrarlf@house.gov,Female,$570415.20,86952599,PP
773,Andromache,Bardsley,abardsleylg@blogger.com,Female,$445832.53,1010104004,IT
774,Corbett,O'Donovan,codonovanlh@adobe.com,Male,$357542.38,275478562,IT
775,Page,Pummery,ppummeryli@dmoz.org,Female,$398984.35,377212984,IT
776,Con,MacPharlain,cmacpharlainlj@gravatar.com,Female,$340463.73,112740257,PP
777,Ingrim,Ridges,iridgeslk@altervista.org,Male,$120524.04,439232303,IT
778,Finlay,Brunnstein,fbrunnsteinll@weebly.com,Male,$652693.56,924701371,PP
779,Duffie,Coe,dcoelm@yahoo.com,Male,$309758.96,234597310,PP
780,Ralph,Sybe,rsybeln@odnoklassniki.ru,Male,$956058.19,333534199,PP
781,Abra,Kornousek,akornouseklo@miitbeian.gov.cn,Female,$125738.57,369149858,CC
782,Agnola,Woodham,awoodhamlp@noaa.gov,Female,$949117.09,846690444,IT
783,Foster,Townes,ftowneslq@npr.org,Male,$803187.50,350463396,CC
784,Garey,Ganing,gganinglr@github.com,Male,$322198.80,823116287,CC
785,Konstanze,Cluley,kcluleyls@salon.com,Female,$397381.91,335896570,PP
786,Ava,Drynan,adrynanlt@economist.com,Female,$227571.92,79285224,PP
787,Ellene,Traise,etraiselu@wired.com,Female,$331245.14,971045535,PP
788,Elane,Djokic,edjokiclv@netlog.com,Female,$699535.07,774042676,IT
789,Pincus,Partner,ppartnerlw@uol.com.br,Male,$535338.60,417174798,PP
790,Allene,Hellwig,ahellwiglx@alibaba.com,Female,$839662.57,123486562,PP
791,Auria,Northcott,anorthcottly@yellowbook.com,Female,$970062.16,968045710,IT
792,Patten,Gulley,pgulleylz@wired.com,Male,$486639.22,572947979,PP
793,Margalit,Toby,mtobym0@globo.com,Female,$710592.35,949963297,IT
794,Noah,Trude,ntrudem1@jigsy.com,Male,$775805.33,896349385,CC
795,Sibbie,Sulter,ssulterm2@wordpress.org,Female,$519735.03,207457829,CC
796,Silas,Mazzei,smazzeim3@flickr.com,Male,$341425.79,416535290,IT
797,Bayard,Rogier,brogierm4@ft.com,Male,$629008.48,341087822,CC
798,Magnum,Dukelow,mdukelowm5@google.it,Male,$287444.29,485601914,PP
799,Melissa,Giorgione,mgiorgionem6@wsj.com,Female,$796771.32,458548893,PP
800,Oberon,Blaszczyk,oblaszczykm7@zdnet.com,Male,$660718.06,953206065,IT
801,Carleen,Firminger,cfirmingerm8@reuters.com,Female,$524314.76,314417335,IT
802,Arlan,Cassels,acasselsm9@canalblog.com,Male,$539853.10,989048922,PP
803,Tucky,Klyner,tklynerma@bloglines.com,Male,$810308.56,434485973,CC
804,Marylinda,Huggins,mhugginsmb@tripod.com,Female,$528725.50,927071265,PP
805,Tedie,Shildrake,tshildrakemc@jiathis.com,Male,$443040.30,383621693,PP
806,Darrel,Cronshaw,dcronshawmd@oaic.gov.au,Male,$254036.39,68168065,IT
807,Gunar,Kimberley,gkimberleyme@histats.com,Male,$628429.67,885251809,PP
808,Robbyn,McIndoe,rmcindoemf@cnet.com,Female,$659769.28,199847295,IT
809,Brendis,Vyel,bvyelmg@domainmarket.com,Male,$323516.11,647926660,IT
810,Fletch,Cossom,fcossommh@blogspot.com,Male,$943288.05,1045334347,CC
811,Cobb,Henrion,chenrionmi@boston.com,Male,$362974.33,636481196,IT
812,Bryan,Dryburgh,bdryburghmj@deviantart.com,Male,$114315.91,602869665,IT
813,Blaine,Tillyer,btillyermk@cbc.ca,Male,$108042.49,1030114127,IT
814,Garrett,Beisley,gbeisleyml@google.cn,Male,$677528.05,781986194,IT
815,Stevana,Langelay,slangelaymm@google.com.hk,Female,$110843.39,1024053414,IT
816,Brunhilda,Fullerd,bfullerdmn@yellowpages.com,Female,$415805.04,757793589,PP
817,Miquela,Snartt,msnarttmo@studiopress.com,Female,$543219.64,117673619,PP
818,Kerwin,Rosevear,krosevearmp@prlog.org,Male,$550745.82,449214601,IT
819,Haven,Breedy,hbreedymq@webnode.com,Male,$328142.26,48778426,CC
820,Celine,Llop,cllopmr@live.com,Female,$112323.70,746404055,IT
821,Regine,Charrette,rcharrettems@addthis.com,Female,$470765.47,306951767,IT
822,Jacquenette,Hartlebury,jhartleburymt@shinystat.com,Female,$605890.63,406720388,IT
823,Charley,Westney,cwestneymu@craigslist.org,Male,$586897.99,709866711,PP
824,Aleksandr,Brodley,abrodleymv@whitehouse.gov,Male,$363800.77,818803558,CC
825,Magdalena,Goulbourne,mgoulbournemw@prweb.com,Female,$899396.08,326673439,IT
826,Dode,Cauthra,dcauthramx@wunderground.com,Female,$252181.91,994074518,CC
827,Willy,Clapton,wclaptonmy@github.com,Male,$251769.68,800912911,PP
828,Brian,Linny,blinnymz@plala.or.jp,Male,$259402.25,1019423196,PP
829,Paula,Lidell,plidelln0@xinhuanet.com,Female,$674561.12,418746364,CC
830,Silvia,Coulsen,scoulsenn1@ihg.com,Female,$802480.37,487473079,PP
831,Sela,Matsell,smatselln2@hostgator.com,Female,$473912.04,309684366,PP
832,Gracia,Corn,gcornn3@wisc.edu,Female,$979244.12,480104031,CC
833,Goldi,Leah,gleahn4@pcworld.com,Female,$886468.65,68051361,IT
834,Rob,Suero,rsueron5@youtu.be,Male,$224519.90,433799511,IT
835,Eric,Older,eoldern6@columbia.edu,Male,$524099.39,268633397,PP
836,Bibbye,Yerrell,byerrelln7@blogtalkradio.com,Female,$758329.30,942599415,IT
837,Jamill,Scoggan,jscoggann8@unblog.fr,Male,$973630.28,600094530,IT
838,Emmerich,Panchin,epanchinn9@google.pl,Male,$681884.56,590115840,IT
839,Sher,Dightham,sdighthamna@shinystat.com,Female,$238269.62,784352159,PP
840,Arthur,Cranham,acranhamnb@infoseek.co.jp,Male,$818958.37,512602870,CC
841,Terence,Tregaskis,ttregaskisnc@behance.net,Male,$196703.16,155294298,IT
842,Saxe,Longson,slongsonnd@pcworld.com,Male,$965542.43,601767451,IT
843,Errol,Hubbucks,ehubbucksne@spotify.com,Male,$145298.86,375375358,IT
844,Guilbert,Pettegree,gpettegreenf@soup.io,Male,$449378.20,712712528,PP
845,Ethel,Connue,econnueng@deviantart.com,Female,$510683.37,66646127,IT
846,Roda,Fathers,rfathersnh@lycos.com,Female,$304043.62,578053600,CC
847,Minnnie,Dutteridge,mdutteridgeni@drupal.org,Female,$742323.14,523824488,CC
848,Chaddy,Kench,ckenchnj@youtu.be,Male,$582406.10,389106502,IT
849,Andris,Quinnet,aquinnetnk@hexun.com,Male,$668512.01,910043337,PP
850,Sloan,Ingry,singrynl@e-recht24.de,Male,$445983.22,95623816,IT
851,Bo,Gever,bgevernm@buzzfeed.com,Male,$655038.51,815531205,IT
852,Yank,Brittles,ybrittlesnn@newsvine.com,Male,$166770.55,133555992,CC
853,Mick,Deluze,mdeluzeno@ucsd.edu,Male,$400170.42,431373690,CC
854,Clayborn,Lauder,claudernp@jiathis.com,Male,$166446.49,771716072,IT
855,Romola,Heditch,rheditchnq@umn.edu,Female,$639632.15,24338847,IT
856,Neville,Bembridge,nbembridgenr@shutterfly.com,Male,$208844.11,172506971,CC
857,Velma,Rival,vrivalns@myspace.com,Female,$128107.73,645899817,PP
858,Krystle,Sire,ksirent@usda.gov,Female,$423627.51,963240443,PP
859,Cristin,Demer,cdemernu@chron.com,Female,$265615.07,286127818,PP
860,Saloma,Kenworth,skenworthnv@netlog.com,Female,$119383.34,699242715,PP
861,Iosep,Ennever,iennevernw@apache.org,Male,$736905.17,38611628,PP
862,Issiah,Ilchenko,iilchenkonx@prweb.com,Male,$657696.99,601615354,PP
863,Janenna,Tathacott,jtathacottny@surveymonkey.com,Female,$815430.83,956022616,CC
864,Worden,Gilardengo,wgilardengonz@marriott.com,Male,$590922.90,369986700,IT
865,Iver,Gerardeaux,igerardeauxo0@newsvine.com,Male,$430608.55,735260070,CC
866,Pansie,Beaford,pbeafordo1@google.cn,Female,$646480.67,954598481,CC
867,Renee,Stride,rstrideo2@ucsd.edu,Female,$418979.94,561837676,PP
868,Mackenzie,Stoneman,mstonemano3@photobucket.com,Male,$261443.43,568977781,IT
869,Zonda,Ioannidis,zioannidiso4@gnu.org,Female,$593317.83,309042226,CC
870,Tatum,Cottom,tcottomo5@cafepress.com,Female,$112117.00,972303449,PP
871,Mikey,Want,mwanto6@msn.com,Male,$265240.18,851782810,PP
872,Huey,De Matteis,hdematteiso7@reference.com,Male,$281733.33,1039472333,IT
873,Leif,Bensusan,lbensusano8@people.com.cn,Male,$989466.82,216652588,PP
874,Arch,Collcott,acollcotto9@dot.gov,Male,$732714.10,10535549,IT
875,Tammi,Mark,tmarkoa@berkeley.edu,Female,$365870.07,490765223,PP
876,Rriocard,Chishull,rchishullob@hubpages.com,Male,$652343.83,783095239,IT
877,Mandi,Manderson,mmandersonoc@dagondesign.com,Female,$872455.64,744498231,PP
878,Ted,Ruffler,trufflerod@shinystat.com,Male,$625856.65,781813811,CC
879,Leora,Petrina,lpetrinaoe@prweb.com,Female,$431577.06,287563699,CC
880,Aron,Colgrave,acolgraveof@lulu.com,Male,$745811.28,751568946,IT
881,Morly,McGeechan,mmcgeechanog@bizjournals.com,Male,$384095.93,127669825,CC
882,Ryon,Brookes,rbrookesoh@technorati.com,Male,$342829.54,699832288,IT
883,Viole,Kits,vkitsoi@exblog.jp,Female,$864771.07,118494018,PP
884,Leonard,Metson,lmetsonoj@hhs.gov,Male,$698123.29,708698304,CC
885,Leshia,Alcoran,lalcoranok@ezinearticles.com,Female,$883610.39,518061638,IT
886,Kerwinn,Botwright,kbotwrightol@washington.edu,Male,$747239.50,519794612,PP
887,Keary,Bines,kbinesom@berkeley.edu,Male,$787643.43,632205620,CC
888,Avrit,Egalton,aegaltonon@1und1.de,Female,$923240.97,300175357,CC
889,Benjamen,Delucia,bdeluciaoo@barnesandnoble.com,Male,$302283.06,264206486,IT
890,Kimbra,Marin,kmarinop@reference.com,Female,$681390.61,81947106,CC
891,Antonina,Howick,ahowickoq@nifty.com,Female,$437097.33,21990267,IT
892,Jeffry,McKeighan,jmckeighanor@storify.com,Male,$351358.64,913880369,CC
893,Crista,Scoffins,cscoffinsos@tiny.cc,Female,$975473.77,579079206,IT
894,Frank,Wordley,fwordleyot@uiuc.edu,Male,$492641.35,771750048,IT
895,Alida,Velde,aveldeou@timesonline.co.uk,Female,$476364.06,895438821,PP
896,Jeremias,Roser,jroserov@prweb.com,Male,$304609.97,320757631,CC
897,Kelsi,Julyan,kjulyanow@nhs.uk,Female,$570406.88,859742032,IT
898,Sean,Lawler,slawlerox@newsvine.com,Female,$565237.04,560365273,PP
899,Hephzibah,Drabble,hdrabbleoy@pbs.org,Female,$276415.27,391980836,IT
900,Duffy,Hagan,dhaganoz@slashdot.org,Male,$391434.29,131379736,PP
901,Xenia,McEntee,xmcenteep0@feedburner.com,Female,$870777.28,287088287,IT
902,Justin,Del Checolo,jdelchecolop1@google.cn,Male,$497488.34,596569930,IT
903,Ozzie,Wethered,owetheredp2@ftc.gov,Male,$641337.41,215362111,PP
904,Ceciley,Dilnot,cdilnotp3@army.mil,Female,$145734.96,175862938,CC
905,Adelbert,Fishley,afishleyp4@cnbc.com,Male,$882110.99,402186977,PP
906,Caitlin,Ridulfo,cridulfop5@unicef.org,Female,$430345.95,521358930,IT
907,Reider,Stegers,rstegersp6@utexas.edu,Male,$837310.81,940728806,PP
908,Basilius,McGeaney,bmcgeaneyp7@psu.edu,Male,$741790.24,232948077,CC
909,Zulema,Arthey,zartheyp8@mozilla.org,Female,$799726.03,703692786,CC
910,Bill,Bullough,bbulloughp9@dmoz.org,Male,$300525.14,772249555,IT
911,Dorelle,Keinrat,dkeinratpa@ucla.edu,Female,$708078.64,180074780,IT
912,Carol,Advani,cadvanipb@google.it,Female,$214285.92,144521678,PP
913,Rosa,Larrett,rlarrettpc@vistaprint.com,Female,$434467.79,619648135,CC
914,Padraig,Andrez,pandrezpd@spotify.com,Male,$943590.86,845278765,CC
915,Kaleb,De Bernardi,kdebernardipe@nytimes.com,Male,$681694.81,326079354,PP
916,Christoper,Dunne,cdunnepf@com.com,Male,$418964.66,393854222,IT
917,Chrisy,Biggin,cbigginpg@imageshack.us,Male,$967193.49,423340867,IT
918,Pembroke,Lozano,plozanoph@intel.com,Male,$235471.79,416087675,CC
919,Rey,Giraudy,rgiraudypi@google.es,Male,$863643.47,495876367,IT
920,Eulalie,Gallymore,egallymorepj@wikispaces.com,Female,$276151.55,744356523,IT
921,Ivar,Jeram,ijerampk@printfriendly.com,Male,$689537.45,349031482,IT
922,Lizabeth,Hatz,lhatzpl@umich.edu,Female,$526844.53,384187293,IT
923,Goldy,Cottier,gcottierpm@elegantthemes.com,Female,$254338.54,912731952,PP
924,Reinhard,Fairbairn,rfairbairnpn@hatena.ne.jp,Male,$404004.75,628471132,PP
925,Gratia,Godbald,ggodbaldpo@disqus.com,Female,$988657.45,968460849,CC
926,Zeke,Doman,zdomanpp@ask.com,Male,$242104.19,786548967,IT
927,Leela,Tabart,ltabartpq@skype.com,Female,$634917.17,279971981,IT
928,Karlie,Bruhnke,kbruhnkepr@wikimedia.org,Female,$587617.25,178173297,PP
929,Rodge,Elias,reliasps@spotify.com,Male,$200932.14,306658697,CC
930,Sisile,Sayburn,ssayburnpt@mtv.com,Female,$806616.07,196627500,IT
931,Valerie,Bamber,vbamberpu@telegraph.co.uk,Female,$268002.41,11187348,IT
932,Terri,Fancourt,tfancourtpv@surveymonkey.com,Male,$181504.82,755245370,IT
933,Tessa,Milne,tmilnepw@csmonitor.com,Female,$488436.71,1034650044,CC
934,Silvanus,Fagge,sfaggepx@miibeian.gov.cn,Male,$834133.55,627924460,PP
935,Randa,Done,rdonepy@zimbio.com,Female,$529748.27,985286537,CC
936,Vasilis,Kemshell,vkemshellpz@upenn.edu,Male,$468698.99,591390293,CC
937,Jennee,Clewarth,jclewarthq0@youtu.be,Female,$677310.02,49717620,CC
938,Basil,Wiz,bwizq1@last.fm,Male,$938052.21,963773848,PP
939,Tannie,Ivers,tiversq2@home.pl,Male,$612942.60,112026713,PP
940,Leif,Skene,lskeneq3@mozilla.org,Male,$286113.67,251977260,PP
941,Alayne,Connock,aconnockq4@washington.edu,Female,$461973.33,843101976,PP
942,Jorey,Poe,jpoeq5@engadget.com,Female,$818501.99,395471776,IT
943,Hillary,Exall,hexallq6@fotki.com,Male,$648056.67,259624599,IT
944,Mariam,Aslie,maslieq7@mediafire.com,Female,$266271.06,795232813,PP
945,Sarena,Hanhardt,shanhardtq8@japanpost.jp,Female,$306460.81,118908050,CC
946,Reuven,Guesford,rguesfordq9@mysql.com,Male,$784645.33,875131152,CC
947,Lula,Bondley,lbondleyqa@technorati.com,Female,$886766.18,429073025,CC
948,Claiborn,Ianne,cianneqb@apache.org,Male,$534311.97,909251461,PP
949,Devonne,Griffoen,dgriffoenqc@meetup.com,Female,$822093.32,138820531,IT
950,Ninetta,Bilbee,nbilbeeqd@cisco.com,Female,$416674.26,815424128,IT
951,Artemas,Bucher,abucherqe@ifeng.com,Male,$594660.87,46536923,IT
952,Ignazio,Bielfeldt,ibielfeldtqf@slashdot.org,Male,$809675.77,594022740,PP
953,Dorree,Scuse,dscuseqg@springer.com,Female,$883873.87,171532030,IT
954,Burlie,Lanchester,blanchesterqh@un.org,Male,$508830.27,128398073,PP
955,Corissa,Schieferstein,cschiefersteinqi@nba.com,Female,$829478.25,598425904,PP
956,Andie,Oxx,aoxxqj@hud.gov,Female,$405229.73,590869845,IT
957,Washington,Masden,wmasdenqk@elegantthemes.com,Male,$612499.18,632918610,PP
958,Raquela,Bradnock,rbradnockql@goo.gl,Female,$908438.17,134320822,IT
959,Dallas,Jestico,djesticoqm@digg.com,Female,$432298.82,143822649,PP
960,Antoinette,Stabler,astablerqn@domainmarket.com,Female,$346396.83,537179593,PP
961,Town,Sandells,tsandellsqo@mail.ru,Male,$230681.61,520766657,CC
962,Anallese,Stollberg,astollbergqp@bing.com,Female,$987833.80,814492836,PP
963,Edvard,Beale,ebealeqq@europa.eu,Male,$891642.03,334388738,CC
964,Rica,Holyland,rholylandqr@prlog.org,Female,$466016.44,733318068,IT
965,Hewitt,Phetteplace,hphetteplaceqs@howstuffworks.com,Male,$996756.21,657287907,CC
966,Lonnard,Cobson,lcobsonqt@github.io,Male,$563627.63,45799999,IT
967,Scott,Rodinger,srodingerqu@shinystat.com,Male,$462798.34,969742224,CC
968,Kellie,Lesslie,klesslieqv@rediff.com,Female,$129227.98,159680319,CC
969,Renae,Dermott,rdermottqw@spotify.com,Female,$574192.01,394455402,IT
970,Wheeler,Lathom,wlathomqx@dion.ne.jp,Male,$254181.56,253681536,CC
971,Tildi,Tease,tteaseqy@indiatimes.com,Female,$183099.02,657275027,CC
972,Waldon,Szachniewicz,wszachniewiczqz@chicagotribune.com,Male,$577591.03,767584355,IT
973,Vaughan,Wellwood,vwellwoodr0@google.com.hk,Male,$500296.04,543327471,PP
974,Van,Goffe,vgoffer1@time.com,Male,$893875.22,441692434,CC
975,Dante,Jaouen,djaouenr2@fema.gov,Male,$167234.41,934753547,IT
976,Fernandina,de Voiels,fdevoielsr3@sourceforge.net,Female,$443621.72,313853947,PP
977,Cayla,Maleby,cmalebyr4@globo.com,Female,$411585.87,598181364,CC
978,Andrei,Guntrip,aguntripr5@msu.edu,Female,$553073.59,122441087,CC
979,Saudra,Petrello,spetrellor6@youtube.com,Female,$756493.34,84959457,IT
980,Ruprecht,Banaszkiewicz,rbanaszkiewiczr7@studiopress.com,Male,$123954.20,388233238,PP
981,Ermengarde,Sterrick,esterrickr8@nih.gov,Female,$723326.16,472567088,CC
982,Matthew,Willarton,mwillartonr9@ox.ac.uk,Male,$942802.96,753152573,IT
983,Florri,Snepp,fsneppra@redcross.org,Female,$634896.23,205760418,PP
984,Reggie,Joseff,rjoseffrb@howstuffworks.com,Male,$210334.69,402111474,PP
985,Jackqueline,Trippitt,jtrippittrc@artisteer.com,Female,$920949.31,371703668,IT
986,Marijn,Gruby,mgrubyrd@github.io,Male,$501055.43,803763992,CC
987,Gus,Perry,gperryre@privacy.gov.au,Female,$465377.25,902020677,PP
988,Jody,Byford,jbyfordrf@who.int,Female,$849960.96,1003938827,IT
989,Cecil,Son,csonrg@google.com.br,Male,$167131.52,465854931,IT
990,Ashlin,Griffen,agriffenrh@senate.gov,Male,$539352.88,186703896,IT
991,Dolph,Idell,didellri@wordpress.com,Male,$557221.75,758585130,CC
992,Elfie,Warburton,ewarburtonrj@apple.com,Female,$706136.90,791235816,CC
993,Kristin,Smithson,ksmithsonrk@whitehouse.gov,Female,$920327.45,733520241,CC
994,Josefa,Caine,jcainerl@sciencedirect.com,Female,$132540.89,661932832,PP
995,Lucius,Kondrat,lkondratrm@state.gov,Male,$423625.98,91631214,PP
996,Hilda,Cuttin,hcuttinrn@altervista.org,Female,$988756.06,331228356,IT
997,Esme,Debrett,edebrettro@naver.com,Male,$712159.55,950310819,PP
998,Marena,Chancellor,mchancellorrp@smh.com.au,Female,$549616.66,1014758396,CC
999,Claudio,Blackburn,cblackburnrq@nymag.com,Male,$206645.87,331649299,CC
1000,Cirilo,Folk,cfolkrr@topsy.com,Male,$649830.35,931502320,IT
