id,nombre,apellido,email,genero,valor_tx,numero_identificacion,tipo_identificacion
1,Lacey,Sieve,lsieve0@de.vu,Female,$116366.32,965813632,CC
2,Cherilynn,Tandey,ctandey1@economist.com,Female,$889018.43,193133762,CC
3,Byron,Killiam,bkilliam2@ihg.com,Male,$564930.33,850054204,CC
4,Becca,Lindbergh,blindbergh3@amazon.de,Female,$143380.47,516129940,IT
5,Chicky,Gentric,cgentric4@histats.com,Male,$978690.92,545325582,IT
6,Bronnie,Geator,bgeator5@csmonitor.com,Male,$781078.18,154850084,CC
7,Terrence,Louisot,tlouisot6@people.com.cn,Male,$709909.82,986626435,CC
8,Whitman,Leighton,wleighton7@irs.gov,Male,$105312.35,274411051,PP
9,Meta,Verni,mverni8@squidoo.com,Female,$331192.47,76777676,IT
10,Ximenez,Evennett,xevennett9@altervista.org,Male,$173841.71,900319940,CC
11,Albert,Britcher,abritchera@baidu.com,Male,$817260.99,150272501,PP
12,Kelcie,Somner,ksomnerb@csmonitor.com,Female,$821412.02,425563438,IT
13,Iain,Barson,ibarsonc@nifty.com,Male,$864075.98,672657695,CC
14,Norene,Infante,ninfanted@squidoo.com,Female,$428524.77,197474278,PP
15,Alicea,Deluze,adeluzee@pinterest.com,Female,$615039.59,62906382,IT
16,Lorita,Dyers,ldyersf@ask.com,Female,$169042.53,624837594,PP
17,Lisabeth,Hort,lhortg@facebook.com,Female,$367824.03,625061177,PP
18,Jody,Dowry,jdowryh@wp.com,Male,$125291.58,359390372,IT
19,Trev,Furst,tfursti@gizmodo.com,Male,$288293.66,1014176710,IT
20,Hermon,Mc Trusty,hmctrustyj@over-blog.com,Male,$338626.12,657446822,CC
21,Weber,Montfort,wmontfortk@earthlink.net,Male,$527089.31,167610868,CC
22,Waverly,Stutter,wstutterl@thetimes.co.uk,Male,$731663.11,1004132976,IT
23,Winslow,McTear,wmctearm@weibo.com,Male,$993657.96,702509966,PP
24,Rog,Geroldi,rgeroldin@addtoany.com,Male,$592302.88,419518987,IT
25,Saxe,Cearley,scearleyo@who.int,Male,$326331.70,577086414,IT
26,Tomaso,Alphonso,talphonsop@kickstarter.com,Male,$236997.98,856365863,CC
27,Melodie,Langthorne,mlangthorneq@domainmarket.com,Female,$361745.04,157057433,IT
28,Salem,Attoc,sattocr@huffingtonpost.com,Male,$878944.32,225401410,CC
29,Angelico,Ince,ainces@about.com,Male,$551386.58,756843276,PP
30,Leonidas,Lightfoot,llightfoott@wiley.com,Male,$689021.62,461414598,IT
31,Judi,Dikelin,jdikelinu@yahoo.co.jp,Female,$805167.27,308771028,PP
32,Shellie,MacGilpatrick,smacgilpatrickv@over-blog.com,Female,$660441.97,1001459858,CC
33,Adelina,Ong,aongw@uiuc.edu,Female,$946903.76,392573470,CC
34,Christi,Pelerin,cpelerinx@netvibes.com,Female,$282955.82,209306641,PP
35,Jervis,Smaile,jsmailey@cbsnews.com,Male,$576660.43,778239513,PP
36,Ibbie,Gribben,igribbenz@fda.gov,Female,$589472.57,558071943,PP
37,Cissy,Messum,cmessum10@apple.com,Female,$897613.74,217518956,PP
38,Freddie,Wansbury,fwansbury11@ning.com,Female,$461577.21,426773158,CC
39,Charita,Plank,cplank12@paypal.com,Female,$816037.86,234273913,CC
40,Minna,Lawn,mlawn13@examiner.com,Female,$489760.55,732173169,CC
41,Julissa,Gaffney,jgaffney14@theguardian.com,Female,$766965.85,880743093,PP
42,Alison,Orsman,aorsman15@oracle.com,Female,$222582.09,550437976,IT
43,Lion,Strettell,lstrettell16@naver.com,Male,$454052.78,670450920,IT
44,Dyanne,Duffer,dduffer17@blinklist.com,Female,$280004.53,1013296450,IT
45,Selina,Meneghelli,smeneghelli18@discovery.com,Female,$201032.72,532203549,CC
46,Xerxes,Mc Ilory,xmcilory19@pagesperso-orange.fr,Male,$623903.43,562103252,IT
47,Anica,Kennan,akennan1a@netlog.com,Female,$906158.99,300432116,IT
48,Clem,Angrove,cangrove1b@miitbeian.gov.cn,Female,$218576.82,313770410,CC
49,Melantha,MacGibbon,mmacgibbon1c@yale.edu,Female,$396446.91,1049039282,IT
50,Gleda,Wycliffe,gwycliffe1d@ihg.com,Female,$696775.81,91277152,PP
51,Umeko,Letford,uletford1e@ftc.gov,Female,$296575.94,931511400,CC
52,Putnam,Hadlee,phadlee1f@linkedin.com,Male,$369345.06,1034411557,CC
53,Licha,Hesse,lhesse1g@flickr.com,Female,$674496.39,961140172,PP
54,Fee,Purrington,fpurrington1h@nasa.gov,Male,$460771.46,459464187,PP
55,Krishna,Deverale,kdeverale1i@army.mil,Male,$544638.44,978399638,IT
56,Tansy,Vousden,tvousden1j@dell.com,Female,$845175.90,182787024,PP
57,Katerina,Bachanski,kbachanski1k@taobao.com,Female,$234360.91,818410427,PP
58,Lonnard,Canete,lcanete1l@about.me,Male,$180499.45,569129563,CC
59,Pauletta,Oneil,poneil1m@qq.com,Female,$859515.83,162779194,PP
60,Lock,Abbati,labbati1n@illinois.edu,Male,$141243.93,821671242,PP
61,Morgan,Skinner,mskinner1o@marketwatch.com,Male,$181347.40,585678315,PP
62,Osborne,Clohisey,oclohisey1p@amazon.co.uk,Male,$517069.92,158896101,CC
63,Emanuele,Peacher,epeacher1q@indiatimes.com,Male,$103529.99,837734770,PP
64,Ali,Moxom,amoxom1r@google.co.jp,Male,$593707.26,547118021,PP
65,Linc,Colquitt,lcolquitt1s@nps.gov,Male,$858401.90,367040401,PP
66,Renato,Tuiller,rtuiller1t@deliciousdays.com,Male,$749969.16,371410320,IT
67,Pall,Houlridge,phoulridge1u@google.com.br,Male,$234776.75,379128463,IT
68,Tani,Pakeman,tpakeman1v@imageshack.us,Female,$220034.21,744660021,CC
69,Magdalena,Markey,mmarkey1w@si.edu,Female,$947916.24,838105488,CC
70,Loraine,Tiffney,ltiffney1x@nba.com,Female,$654710.30,81272540,CC
71,Kelwin,Niven,kniven1y@mapquest.com,Male,$312139.63,290937635,PP
72,Annabel,Ortner,aortner1z@wired.com,Female,$805268.53,943916813,PP
73,Waneta,Younglove,wyounglove20@hao123.com,Female,$634176.50,1033067790,PP
74,Hamil,Atyea,hatyea21@va.gov,Male,$519182.99,768178360,IT
75,Marsiella,Rubury,mrubury22@multiply.com,Female,$408059.96,854527274,IT
76,Nellie,Roantree,nroantree23@wikimedia.org,Female,$856360.69,738529674,IT
77,Nat,Barthot,nbarthot24@diigo.com,Female,$811274.04,520314814,PP
78,Vivie,Antunes,vantunes25@shareasale.com,Female,$878644.12,387728000,IT
79,Amalea,Scoble,ascoble26@biglobe.ne.jp,Female,$846072.72,226787513,PP
80,Shana,Dawdary,sdawdary27@yellowpages.com,Female,$921624.28,55980065,PP
81,Melly,Radwell,mradwell28@nyu.edu,Female,$208062.98,797803046,CC
82,Mandel,MacEveley,mmaceveley29@histats.com,Male,$890795.68,224241709,IT
83,Brig,Gapper,bgapper2a@github.io,Male,$457993.34,446067209,CC
84,Bethany,Whittenbury,bwhittenbury2b@nymag.com,Female,$371710.33,900416774,PP
85,Micah,Kynaston,mkynaston2c@homestead.com,Male,$525054.38,669291048,PP
86,Tine,MacSherry,tmacsherry2d@hhs.gov,Female,$167833.20,221035722,IT
87,Josh,Rainer,jrainer2e@icq.com,Male,$380726.00,672320916,PP
88,Jordan,Mayhead,jmayhead2f@amazon.co.jp,Female,$896556.54,527533255,PP
89,Kaleb,Le Franc,klefranc2g@plala.or.jp,Male,$697134.28,960382464,CC
90,Maynord,Rouch,mrouch2h@netvibes.com,Male,$621527.04,307218046,CC
91,Larissa,Schultz,lschultz2i@imdb.com,Female,$818964.69,712128002,PP
92,Milka,Ipsley,mipsley2j@woothemes.com,Female,$829512.01,872372825,PP
93,Kelli,Gristhwaite,kgristhwaite2k@oakley.com,Female,$683804.40,234742954,IT
94,Hillyer,Smallman,hsmallman2l@hubpages.com,Male,$737045.32,517844543,IT
95,Morris,Hobgen,mhobgen2m@ucoz.ru,Male,$713397.45,779257432,IT
96,Moria,Tuckley,mtuckley2n@blogspot.com,Female,$349977.74,146887053,IT
97,Cooper,Picott,cpicott2o@shareasale.com,Male,$386273.22,746863093,IT
98,Lief,Thomasson,lthomasson2p@home.pl,Male,$199181.05,105169680,IT
99,Becca,Peron,bperon2q@youtu.be,Female,$420655.27,141692384,IT
100,Ive,Morshead,imorshead2r@home.pl,Male,$774512.17,675520205,IT
101,Mei,Dales,mdales2s@whitehouse.gov,Female,$469258.38,56004202,CC
102,Herve,Krauze,hkrauze2t@amazon.co.uk,Male,$619097.93,882078741,PP
103,Valaree,Meininking,vmeininking2u@amazon.co.uk,Female,$984991.94,273771392,CC
104,Townie,Doutch,tdoutch2v@topsy.com,Male,$751939.35,754327482,PP
105,Vito,Aikenhead,vaikenhead2w@hatena.ne.jp,Male,$401203.20,548000105,IT
106,Sheeree,O'Day,soday2x@i2i.jp,Female,$678309.52,786069704,PP
107,Lydia,Albury,lalbury2y@spiegel.de,Female,$471754.01,940589163,IT
108,Ursola,Coplestone,ucoplestone2z@hp.com,Female,$316875.07,140333877,CC
109,Tatiana,Niche,tniche30@nifty.com,Female,$175629.62,372029231,IT
110,Garrott,Kidney,gkidney31@mozilla.org,Male,$445434.92,398674629,PP
111,Dorthy,Philip,dphilip32@wiley.com,Female,$703013.00,55182596,IT
112,Earlie,Bayly,ebayly33@creativecommons.org,Male,$600782.45,108010327,CC
113,Chic,Lowthian,clowthian34@delicious.com,Male,$855685.81,914019235,IT
114,Verine,Yurasov,vyurasov35@typepad.com,Female,$752721.76,836465054,IT
115,Gates,Fishly,gfishly36@nytimes.com,Female,$189186.69,511370572,PP
116,Brittani,Copozio,bcopozio37@booking.com,Female,$780112.57,203971639,PP
117,Godfry,Pagnin,gpagnin38@moonfruit.com,Male,$424555.19,601181111,IT
118,Ingram,Jehaes,ijehaes39@desdev.cn,Male,$566442.97,353545446,CC
119,Thomas,Huitson,thuitson3a@exblog.jp,Male,$179737.13,932203144,IT
120,Aube,Libbis,alibbis3b@usa.gov,Male,$292256.19,913998100,PP
121,Jena,Aymer,jaymer3c@amazon.co.jp,Female,$483104.80,532281568,CC
122,Myrtie,Enriquez,menriquez3d@themeforest.net,Female,$996982.63,244122353,PP
123,Sheridan,Sango,ssango3e@biglobe.ne.jp,Male,$104294.76,131261748,IT
124,Fitz,Blofield,fblofield3f@clickbank.net,Male,$957210.52,744633825,CC
125,Paul,Dunster,pdunster3g@naver.com,Male,$729214.49,18988053,CC
126,Sigismundo,Nockles,snockles3h@alexa.com,Male,$616264.69,429885071,CC
127,Dorita,Liebermann,dliebermann3i@godaddy.com,Female,$228954.93,613573540,IT
128,Gusty,Restill,grestill3j@bloomberg.com,Female,$391846.61,567302918,PP
129,Phaedra,Mattke,pmattke3k@i2i.jp,Female,$295239.67,321285934,CC
130,Xerxes,Breslauer,xbreslauer3l@netvibes.com,Male,$789026.27,920082842,CC
131,Lindie,Boulde,lboulde3m@cpanel.net,Female,$337671.12,652344065,IT
132,Sven,Orta,sorta3n@hugedomains.com,Male,$849928.57,986431874,CC
133,Catriona,Ogelsby,cogelsby3o@hao123.com,Female,$870289.62,131510958,CC
134,Tomasine,Simeonov,tsimeonov3p@home.pl,Female,$388489.02,634209281,IT
135,Forrest,Lechmere,flechmere3q@behance.net,Male,$675490.79,241231486,PP
136,Lemmie,Haggart,lhaggart3r@vimeo.com,Male,$795158.49,315437843,PP
137,Bird,Feldstern,bfeldstern3s@bbc.co.uk,Female,$674916.56,1041292159,IT
138,Donalt,Camell,dcamell3t@simplemachines.org,Male,$212135.80,26674570,PP
139,Odey,Lassen,olassen3u@comsenz.com,Male,$493606.92,157048571,CC
140,Gabriella,Spurrett,gspurrett3v@narod.ru,Female,$689697.79,331158296,IT
141,Henryetta,Juppe,hjuppe3w@boston.com,Female,$188755.97,19807766,PP
142,Essa,Brager,ebrager3x@rambler.ru,Female,$823902.23,1010993387,IT
143,Zorah,Chasemoore,zchasemoore3y@barnesandnoble.com,Female,$964229.70,9717603,CC
144,Shirley,Hindrich,shindrich3z@altervista.org,Female,$466426.36,772005744,IT
145,Willi,Castille,wcastille40@hibu.com,Female,$283896.24,147931268,IT
146,Lorine,Filippello,lfilippello41@dailymotion.com,Female,$765041.53,542075531,IT
147,Brod,Lewsey,blewsey42@google.ru,Male,$823091.95,991011818,PP
148,Bernie,Moretto,bmoretto43@ezinearticles.com,Male,$114897.02,231697058,PP
149,Vassily,Minihan,vminihan44@mediafire.com,Male,$833346.37,836869121,IT
150,Valida,Kitley,vkitley45@bluehost.com,Female,$513769.51,15463120,CC
151,Kevin,De Caville,kdecaville46@yellowbook.com,Male,$412603.43,130652819,IT
152,Tomasina,Kennsley,tkennsley47@myspace.com,Female,$930026.85,565852855,PP
153,Bebe,Hanstock,bhanstock48@wikipedia.org,Female,$237884.98,860030366,IT
154,Beverley,Presdee,bpresdee49@dailymotion.com,Female,$306194.20,551892209,PP
155,Dulsea,Harrigan,dharrigan4a@ning.com,Female,$856293.55,875564279,CC
156,Seymour,Dmitr,sdmitr4b@gizmodo.com,Male,$505936.04,961034162,CC
157,Scotty,Lincke,slincke4c@wsj.com,Male,$971255.27,542377988,CC
158,Kassi,Wonter,kwonter4d@omniture.com,Female,$327150.22,452260789,CC
159,Brandea,Allery,ballery4e@google.com.au,Female,$604104.25,550530139,IT
160,Willi,Willingam,wwillingam4f@flickr.com,Male,$883670.88,798984386,IT
161,Erek,Ionnisian,eionnisian4g@yahoo.com,Male,$328374.15,884660173,IT
162,Mendy,Yukhnin,myukhnin4h@slideshare.net,Male,$529282.75,737393316,PP
163,Coop,Josephov,cjosephov4i@newsvine.com,Male,$307218.25,893736633,PP
164,Lemuel,Skim,lskim4j@weebly.com,Male,$513802.43,814940206,CC
165,Perri,Alliband,palliband4k@wp.com,Female,$514513.81,341093790,PP
166,Timothee,Lumm,tlumm4l@nytimes.com,Male,$389714.78,75638925,PP
167,Annis,Clues,aclues4m@multiply.com,Female,$408436.58,406086402,IT
168,Efren,Anscott,eanscott4n@opensource.org,Male,$517375.73,807112703,CC
169,Alvan,O'Quin,aoquin4o@de.vu,Male,$664586.28,758138982,PP
170,Cassandra,Berth,cberth4p@yelp.com,Female,$133005.26,380605648,PP
171,Eustace,Kollach,ekollach4q@earthlink.net,Male,$947050.38,909700020,CC
172,Julie,Troillet,jtroillet4r@wp.com,Female,$777581.62,819146008,PP
173,Felipa,Unstead,funstead4s@cnbc.com,Female,$621901.32,706176934,CC
174,Ario,Eady,aeady4t@sohu.com,Male,$282440.42,11907528,IT
175,Pip,Pyatt,ppyatt4u@typepad.com,Male,$404188.63,603230068,CC
176,Gates,Millican,gmillican4v@nytimes.com,Female,$238908.77,91285181,IT
177,Lowell,Wiltshaw,lwiltshaw4w@usa.gov,Male,$757235.96,149127466,IT
178,Lori,Lippingwell,llippingwell4x@wsj.com,Female,$438676.44,23201486,CC
179,Zolly,Hunston,zhunston4y@alibaba.com,Male,$298817.27,965638654,PP
180,Crista,Warnes,cwarnes4z@craigslist.org,Female,$942597.99,975370696,PP
181,Arin,Semour,asemour50@vinaora.com,Male,$366379.50,702928539,CC
182,Benedict,Haine,bhaine51@apache.org,Male,$686868.21,757640234,PP
183,Bryanty,Clausson,bclausson52@lulu.com,Male,$231552.92,928497299,CC
184,Allister,Burman,aburman53@miibeian.gov.cn,Male,$259306.09,225433435,IT
185,Hollyanne,McCroft,hmccroft54@ox.ac.uk,Female,$922917.66,884922898,PP
186,Grantley,Wisdish,gwisdish55@ebay.com,Male,$656364.04,316088886,CC
187,Alec,Acheson,aacheson56@ow.ly,Male,$987727.63,392940336,PP
188,Garald,Sabati,gsabati57@wordpress.org,Male,$719537.98,631984168,CC
189,Paddy,Purdey,ppurdey58@go.com,Male,$659957.66,975933427,IT
190,Gusella,McMichael,gmcmichael59@posterous.com,Female,$859998.53,165639522,IT
191,Ardyth,Warwicker,awarwicker5a@storify.com,Female,$427019.62,446591949,CC
192,Rey,Rabbe,rrabbe5b@senate.gov,Male,$218026.75,1042405306,PP
193,Pauletta,Mattingly,pmattingly5c@phoca.cz,Female,$911593.28,223296271,CC
194,Gussy,Bispham,gbispham5d@whitehouse.gov,Female,$490013.37,575364548,PP
195,Sasha,Adamoli,sadamoli5e@1688.com,Female,$990236.53,764273445,CC
196,Kirsten,Wager,kwager5f@hugedomains.com,Female,$835652.20,91913462,IT
197,Mickie,Glyssanne,mglyssanne5g@army.mil,Male,$324924.52,894884039,CC
198,Rory,Blumson,rblumson5h@uol.com.br,Female,$925552.71,764100347,IT
199,Pru,MacGillavery,pmacgillavery5i@list-manage.com,Female,$451506.65,180510634,IT
200,Lawrence,Donnachie,ldonnachie5j@simplemachines.org,Male,$812745.24,57859235,PP
201,Melosa,Hyndes,mhyndes5k@oakley.com,Female,$935082.29,985010653,IT
202,Rhona,Risby,rrisby5l@army.mil,Female,$539289.10,909578362,PP
203,Purcell,Coult,pcoult5m@accuweather.com,Male,$107957.80,73886529,IT
204,Lanette,Halbard,lhalbard5n@economist.com,Female,$151254.87,103578841,PP
205,Jermayne,Dewicke,jdewicke5o@techcrunch.com,Male,$245923.65,665411976,IT
206,Gwenore,Yearnsley,gyearnsley5p@wp.com,Female,$936267.25,787973209,PP
207,Bank,Sperski,bsperski5q@microsoft.com,Male,$679080.97,88207037,IT
208,Damita,Sleet,dsleet5r@ucoz.ru,Female,$724229.28,167286384,IT
209,Glyn,Belham,gbelham5s@washington.edu,Male,$639264.51,403105804,PP
210,Ase,Harradine,aharradine5t@mit.edu,Male,$192963.28,630444584,IT
211,Warde,Cansdall,wcansdall5u@ycombinator.com,Male,$121809.27,33851865,PP
212,Xenia,Capron,xcapron5v@example.com,Female,$314900.91,227027412,CC
213,Zitella,Hynde,zhynde5w@harvard.edu,Female,$761302.76,389256745,IT
214,Lyell,Chinn,lchinn5x@blogger.com,Male,$176352.83,815048820,IT
215,Patti,Reveley,preveley5y@biglobe.ne.jp,Female,$584609.85,609558206,IT
216,Oswell,Pennock,opennock5z@live.com,Male,$954757.41,190796292,IT
217,Florinda,Fannin,ffannin60@noaa.gov,Female,$312038.13,485590695,PP
218,Hal,Asee,hasee61@amazon.de,Male,$582200.82,978099089,PP
219,Arlyne,Eneas,aeneas62@cmu.edu,Female,$764150.71,445363015,IT
220,Ellis,McGlade,emcglade63@facebook.com,Male,$646214.89,905593155,IT
221,Halie,Glowinski,hglowinski64@businessweek.com,Female,$551624.15,604514597,PP
222,Morse,Holdin,mholdin65@virginia.edu,Male,$275570.16,876234624,PP
223,Curt,Grinval,cgrinval66@yelp.com,Male,$240384.37,360356699,CC
224,Dallas,Lynnitt,dlynnitt67@webeden.co.uk,Male,$824596.03,169709941,IT
225,Garrard,Passie,gpassie68@mashable.com,Male,$285993.81,113260387,CC
226,Deina,Doud,ddoud69@imageshack.us,Female,$959459.19,334010712,PP
227,Waylin,Pellingar,wpellingar6a@harvard.edu,Male,$741927.40,883049721,PP
228,Amargo,Ipsly,aipsly6b@comcast.net,Female,$579329.20,974720719,IT
229,Julienne,Vernazza,jvernazza6c@geocities.jp,Female,$917123.64,8344036,IT
230,Maressa,Braundt,mbraundt6d@epa.gov,Female,$636625.94,722282978,CC
231,Adah,Cooney,acooney6e@hc360.com,Female,$446850.89,209424582,PP
232,Lezlie,Nast,lnast6f@epa.gov,Female,$139803.67,945765269,PP
233,Mirabel,Pierrepoint,mpierrepoint6g@reference.com,Female,$264690.23,25436300,PP
234,Brittne,McKeighen,bmckeighen6h@amazon.co.jp,Female,$713892.48,780992681,CC
235,Derwin,Skeath,dskeath6i@naver.com,Male,$592929.00,79463835,CC
236,Meriel,Dawes,mdawes6j@ocn.ne.jp,Female,$525799.69,911437267,PP
237,Frederick,Bartolommeo,fbartolommeo6k@yale.edu,Male,$355651.40,242623304,IT
238,Ewell,Charrette,echarrette6l@zdnet.com,Male,$435962.46,519260900,CC
239,Early,Kleszinski,ekleszinski6m@wufoo.com,Male,$677420.96,902723081,IT
240,Waylen,Boutflour,wboutflour6n@dmoz.org,Male,$677063.78,233281207,CC
241,Dunc,Tirrell,dtirrell6o@washington.edu,Male,$663526.98,247976428,PP
242,Alexio,Davage,adavage6p@cbsnews.com,Male,$695130.04,730217182,IT
243,Jocelin,Ponsford,jponsford6q@nhs.uk,Female,$454693.49,295656552,IT
244,Abbe,Ingraham,aingraham6r@privacy.gov.au,Female,$276246.32,777505435,CC
245,Ferne,O'Callaghan,focallaghan6s@addthis.com,Female,$512463.45,739130591,PP
246,Toby,Creane,tcreane6t@bluehost.com,Female,$310606.48,721873818,IT
247,Mariana,Balmer,mbalmer6u@time.com,Female,$294444.22,855341723,CC
248,Jerrie,Hardingham,jhardingham6v@moonfruit.com,Female,$834140.52,991247627,CC
249,Hewitt,Cheverell,hcheverell6w@economist.com,Male,$737029.56,515430341,PP
250,Rafaela,Kock,rkock6x@jalbum.net,Female,$468538.24,294291678,CC
251,Marylin,Gamell,mgamell6y@guardian.co.uk,Female,$512590.50,304080654,PP
252,Jannelle,Fresson,jfresson6z@purevolume.com,Female,$843183.19,1019265661,IT
253,Lexie,Bugbird,lbugbird70@mapquest.com,Female,$552267.12,397016986,CC
254,Aldous,Zuenelli,azuenelli71@joomla.org,Male,$691588.52,26612886,PP
255,Cosme,Medd,cmedd72@blogtalkradio.com,Male,$733255.53,135574181,IT
256,Annabel,Chisman,achisman73@cdbaby.com,Female,$256183.46,566876576,CC
257,Roger,Kruszelnicki,rkruszelnicki74@topsy.com,Male,$996886.46,538728529,IT
258,Augusta,Brunini,abrunini75@nytimes.com,Female,$601629.07,679517892,CC
259,Yolanthe,Laying,ylaying76@ox.ac.uk,Female,$576132.79,931840228,CC
260,Raquela,Fowls,rfowls77@dailymail.co.uk,Female,$488131.53,542277661,IT
261,Etti,Butchart,ebutchart78@tinyurl.com,Female,$705833.09,546372093,IT
262,Brigid,Toffolo,btoffolo79@networkadvertising.org,Female,$227384.80,111147151,CC
263,Alecia,Bouchard,abouchard7a@netvibes.com,Female,$295623.06,799764886,PP
264,Cindie,Aylmer,caylmer7b@businesswire.com,Female,$665012.68,974664326,PP
265,Jock,Norree,jnorree7c@sciencedirect.com,Male,$377422.64,889793821,IT
266,Udell,Lomax,ulomax7d@sphinn.com,Male,$472269.18,456133424,CC
267,Shea,Janiak,sjaniak7e@independent.co.uk,Female,$303234.36,695032949,PP
268,Lou,Dewar,ldewar7f@yelp.com,Female,$129617.12,245449312,IT
269,Eolande,Zannolli,ezannolli7g@lycos.com,Female,$391118.36,152432378,PP
270,Gabi,Cuddehay,gcuddehay7h@instagram.com,Female,$842571.63,406586833,IT
271,Kayla,Elnor,kelnor7i@cbslocal.com,Female,$951757.75,812000674,IT
272,Jamima,Jacombs,jjacombs7j@nsw.gov.au,Female,$643234.38,552279655,IT
273,Vivianna,Simonsson,vsimonsson7k@constantcontact.com,Female,$568588.59,965873615,IT
274,Bernice,Simonazzi,bsimonazzi7l@odnoklassniki.ru,Female,$661646.42,270408089,CC
275,Sauveur,Bane,sbane7m@cmu.edu,Male,$975243.88,351264151,IT
276,Gusta,Allanson,gallanson7n@163.com,Female,$399966.91,297543911,CC
277,Taddeo,Gernier,tgernier7o@devhub.com,Male,$827991.58,52577412,PP
278,Sosanna,Felix,sfelix7p@facebook.com,Female,$986491.91,146588981,CC
279,Darya,Pitkeathly,dpitkeathly7q@moonfruit.com,Female,$742517.14,139540137,PP
280,Humfrey,Cuel,hcuel7r@networkadvertising.org,Male,$956295.79,222065361,IT
281,Myrilla,Eddis,meddis7s@berkeley.edu,Female,$140450.15,976886721,PP
282,Ambur,Gronauer,agronauer7t@mail.ru,Female,$403880.21,702829999,IT
283,Don,Smylie,dsmylie7u@globo.com,Male,$679113.41,720575971,IT
284,Ignatius,Erb,ierb7v@weather.com,Male,$812715.70,360187213,IT
285,Law,Rafter,lrafter7w@ed.gov,Male,$546894.30,400546273,PP
286,Brunhilde,Olekhov,bolekhov7x@ed.gov,Female,$276837.45,346122113,IT
287,Nappy,Babinski,nbabinski7y@microsoft.com,Male,$465343.25,717173698,PP
288,Rodge,Jopson,rjopson7z@mayoclinic.com,Male,$240248.73,935791389,PP
289,Lorie,Cardenoso,lcardenoso80@4shared.com,Female,$338241.90,558066808,PP
290,Laureen,Adshede,ladshede81@comcast.net,Female,$430877.77,765551587,CC
291,Courtnay,Ludlem,cludlem82@telegraph.co.uk,Female,$933526.54,953560634,PP
292,Kiley,Windrum,kwindrum83@gnu.org,Male,$729683.44,871259894,IT
293,Minni,Simeoni,msimeoni84@prweb.com,Female,$365660.29,397100787,CC
294,Madalyn,Iaduccelli,miaduccelli85@sakura.ne.jp,Female,$513843.47,614694375,IT
295,Georgianna,Bartalin,gbartalin86@ow.ly,Female,$449048.43,1029579034,CC
296,Johnathon,Groarty,jgroarty87@paypal.com,Male,$358021.70,543712966,PP
297,Siegfried,Mault,smault88@vimeo.com,Male,$721405.57,723094131,PP
298,Sigismond,Ashdown,sashdown89@statcounter.com,Male,$735684.67,287302085,IT
299,Field,Pashbee,fpashbee8a@noaa.gov,Male,$979528.49,455942609,CC
300,Case,Goodrum,cgoodrum8b@state.gov,Male,$593093.90,341927307,PP
301,Nevile,Tinklin,ntinklin8c@ameblo.jp,Male,$967141.56,646377538,CC
302,Stacy,Dubble,sdubble8d@lycos.com,Male,$960788.64,84210949,CC
303,Jeanine,Drinkhill,jdrinkhill8e@barnesandnoble.com,Female,$155872.32,951851790,CC
304,Pebrook,Jeanesson,pjeanesson8f@moonfruit.com,Male,$252281.72,768498301,IT
305,Peggie,Dickings,pdickings8g@marketwatch.com,Female,$616240.52,746106212,CC
306,Rheba,Arro,rarro8h@irs.gov,Female,$939026.92,956339126,IT
307,Inigo,Hencke,ihencke8i@youtube.com,Male,$686281.30,448120652,CC
308,Hazel,Guarnier,hguarnier8j@nifty.com,Male,$542942.23,214519537,PP
309,Pepi,Wigg,pwigg8k@pinterest.com,Female,$210156.19,722189167,IT
310,Boyce,Holde,bholde8l@smugmug.com,Male,$966930.60,11492155,IT
311,Bili,McGow,bmcgow8m@usda.gov,Female,$285753.43,207119106,PP
312,Giselle,Vassie,gvassie8n@skyrock.com,Female,$211127.35,980371126,IT
313,June,Karpf,jkarpf8o@bravesites.com,Female,$747678.14,381259341,CC
314,Armando,Vaszoly,avaszoly8p@ovh.net,Male,$402022.35,59576289,CC
315,Cherry,Diggell,cdiggell8q@printfriendly.com,Female,$408483.93,656767064,CC
316,Gram,Klos,gklos8r@simplemachines.org,Male,$423870.45,662621610,PP
317,Ximenes,Pfaffe,xpfaffe8s@alexa.com,Male,$277917.52,98482126,PP
318,Riley,Maystone,rmaystone8t@oaic.gov.au,Male,$884747.04,859134375,PP
319,Rodge,Chevis,rchevis8u@netscape.com,Male,$619506.77,809687068,IT
320,Alix,Montilla,amontilla8v@studiopress.com,Male,$438643.79,762743252,PP
321,Camellia,Filipov,cfilipov8w@surveymonkey.com,Female,$462711.06,267277985,PP
322,Marlo,Breckenridge,mbreckenridge8x@ted.com,Male,$258985.92,722266344,PP
323,Bobbette,Breeton,bbreeton8y@163.com,Female,$672092.96,6233191,CC
324,Fred,Ruddom,fruddom8z@dell.com,Male,$810207.64,828319994,PP
325,Becky,Sleany,bsleany90@telegraph.co.uk,Female,$324726.94,441838879,IT
326,Sheelah,Bispo,sbispo91@networkadvertising.org,Female,$115955.75,61492665,CC
327,Brita,Delagnes,bdelagnes92@cornell.edu,Female,$324292.46,180297790,PP
328,Gene,Denman,gdenman93@state.gov,Female,$226521.90,819217802,IT
329,Perla,Bell,pbell94@scribd.com,Female,$200869.03,117860556,CC
330,Rube,Keggins,rkeggins95@dedecms.com,Male,$393040.63,366823698,IT
331,Leigh,Baukham,lbaukham96@goodreads.com,Female,$681572.56,414502577,IT
332,Aaron,Pask,apask97@indiatimes.com,Male,$572191.25,32161363,CC
333,Arron,Dumbrill,adumbrill98@army.mil,Male,$308893.71,402133446,PP
334,Rozanne,Deinhardt,rdeinhardt99@exblog.jp,Female,$741588.47,406804850,PP
335,Emmie,Eaton,eeaton9a@apache.org,Female,$400536.34,281358715,IT
336,Marcellina,Shutle,mshutle9b@sina.com.cn,Female,$608060.16,298131685,PP
337,Gwynne,de Werk,gdewerk9c@reuters.com,Female,$282497.12,765567526,PP
338,Yves,Roder,yroder9d@google.it,Male,$960911.79,472405588,PP
339,Christoffer,Erdis,cerdis9e@w3.org,Male,$320564.16,397331709,PP
340,Caria,Yarranton,cyarranton9f@dell.com,Female,$426733.50,70844786,CC
341,Harlin,Smouten,hsmouten9g@flavors.me,Male,$913444.69,944738666,PP
342,Porter,Keig,pkeig9h@printfriendly.com,Male,$557831.96,393257886,CC
343,Laurie,Reynalds,lreynalds9i@exblog.jp,Male,$740153.86,359410499,CC
344,Odille,Beaby,obeaby9j@dedecms.com,Female,$388809.19,625156821,CC
345,Joleen,Fenners,jfenners9k@merriam-webster.com,Female,$863074.17,997732837,PP
346,Averil,Raulston,araulston9l@furl.net,Female,$331653.43,615597816,IT
347,Addi,Jaques,ajaques9m@homestead.com,Female,$607899.40,1042190196,PP
348,Harris,Challener,hchallener9n@jigsy.com,Male,$496174.95,408332501,CC
349,Boote,Seivwright,bseivwright9o@feedburner.com,Male,$727550.37,599119562,CC
350,Ellyn,Eads,eeads9p@nps.gov,Female,$368570.05,780415992,PP
351,Salim,Clemensen,sclemensen9q@pcworld.com,Male,$981957.93,376876034,CC
352,Bryce,Walewicz,bwalewicz9r@ibm.com,Male,$918907.96,819732455,CC
353,Aubrey,Moynihan,amoynihan9s@businessinsider.com,Male,$653190.42,1026564213,CC
354,Consuela,Garlick,cgarlick9t@shutterfly.com,Female,$912886.40,98474695,CC
355,Giorgio,Worshall,gworshall9u@theglobeandmail.com,Male,$835491.89,82384709,IT
356,Joly,Nardrup,jnardrup9v@tinyurl.com,Female,$338835.22,1012378500,IT
357,Kennedy,Limpkin,klimpkin9w@ifeng.com,Male,$176771.60,493713295,PP
358,Bobbee,Dudney,bdudney9x@gmpg.org,Female,$311731.06,879580327,CC
359,Jakob,Deery,jdeery9y@canalblog.com,Male,$451417.70,746068378,CC
360,Bobbye,Font,bfont9z@gnu.org,Female,$564298.21,20473430,PP
361,Jeffry,Allabarton,jallabartona0@unblog.fr,Male,$931613.36,259166545,CC
362,Tyson,Fettis,tfettisa1@auda.org.au,Male,$595686.91,214337816,CC
363,Nathalia,Hurd,nhurda2@ebay.com,Female,$751182.87,17188450,CC
364,Kitty,Birdsall,kbirdsalla3@theguardian.com,Female,$348230.48,282547088,PP
365,Giovanni,Wingatt,gwingatta4@dedecms.com,Male,$410486.96,497385067,CC
366,Karly,Fawdery,kfawderya5@wunderground.com,Female,$914287.01,240650050,CC
367,Hershel,Wittering,hwitteringa6@w3.org,Male,$356447.40,967628040,IT
368,Trescha,Kelston,tkelstona7@webnode.com,Female,$120524.79,1010300196,PP
369,Salvidor,Escritt,sescritta8@deviantart.com,Male,$753184.36,229652206,IT
370,Bonita,Bownd,bbownda9@dedecms.com,Female,$606740.60,659492482,PP
371,Ladonna,Gladwin,lgladwinaa@amazon.de,Female,$457477.80,238218391,PP
372,Forrester,Apps,fappsab@theatlantic.com,Male,$218649.58,886702259,PP
373,Jenn,Irving,jirvingac@archive.org,Female,$880735.88,707277386,CC
374,Sigismundo,Birtchnell,sbirtchnellad@theglobeandmail.com,Male,$248118.44,781193384,PP
375,Cobb,Lavender,clavenderae@is.gd,Male,$214943.65,269010912,CC
376,Budd,Goodbanne,bgoodbanneaf@zdnet.com,Male,$680895.06,437772622,CC
377,Rainer,Andreone,randreoneag@ow.ly,Male,$100328.64,382468677,PP
378,Zerk,Halpeine,zhalpeineah@google.co.uk,Male,$326696.38,199311821,IT
379,Esra,Awcoate,eawcoateai@netlog.com,Male,$556921.13,155736997,IT
380,Kendrick,Rook,krookaj@fastcompany.com,Male,$629250.92,612289965,IT
381,Cleavland,Charlton,ccharltonak@abc.net.au,Male,$569922.17,263871146,IT
382,Walt,Bank,wbankal@hp.com,Male,$556817.02,719887442,IT
383,Arel,Byars,abyarsam@unc.edu,Male,$499518.76,661631744,IT
384,Hallie,McTavy,hmctavyan@psu.edu,Female,$504345.30,1033114314,IT
385,Trixie,Robottom,trobottomao@wikia.com,Female,$272192.42,161992057,CC
386,Ericka,Palethorpe,epalethorpeap@msu.edu,Female,$958126.59,664028543,PP
387,Jeri,Binch,jbinchaq@imgur.com,Female,$716107.93,1032798584,CC
388,Irwinn,Pridham,ipridhamar@pinterest.com,Male,$803086.36,30236695,PP
389,Cyril,Goudard,cgoudardas@sfgate.com,Male,$778538.65,239863273,PP
390,Jeni,Spridgeon,jspridgeonat@ed.gov,Female,$236794.41,1023851632,CC
391,Neill,Fawcett,nfawcettau@bizjournals.com,Male,$107812.27,84838613,PP
392,Nikoletta,Saing,nsaingav@creativecommons.org,Female,$886788.95,803409423,IT
393,Robbyn,Whiffen,rwhiffenaw@cnbc.com,Female,$541973.67,582515531,IT
394,Jule,McCrohon,jmccrohonax@chronoengine.com,Male,$150213.97,825951859,PP
395,Irving,Skotcher,iskotcheray@yandex.ru,Male,$440533.23,394252421,IT
396,Chickie,Ropartz,cropartzaz@4shared.com,Male,$444938.51,356005016,PP
397,Benedetto,Goater,bgoaterb0@virginia.edu,Male,$732646.55,774210908,PP
398,Tiertza,Punt,tpuntb1@washingtonpost.com,Female,$969483.91,141302973,IT
399,Chad,O'Cooney,cocooneyb2@jiathis.com,Female,$570120.67,440681492,CC
400,Brandy,Brasted,bbrastedb3@whitehouse.gov,Female,$663147.57,889832381,IT
401,Karlotta,Corkett,kcorkettb4@apple.com,Female,$291143.46,222206119,PP
402,Jamison,McNeely,jmcneelyb5@ovh.net,Male,$234409.44,477342259,PP
403,Amandie,Roullier,aroullierb6@seattletimes.com,Female,$897986.35,945782774,IT
404,Ferdinande,Robus,frobusb7@wikimedia.org,Female,$257374.63,849891880,CC
405,Towny,Hoffman,thoffmanb8@hp.com,Male,$650691.62,481551073,IT
406,Penny,Wivell,pwivellb9@answers.com,Male,$604077.23,689407610,IT
407,Marcela,McCloughlin,mmccloughlinba@stumbleupon.com,Female,$141316.99,137525427,IT
408,Stearn,Daintrey,sdaintreybb@bbc.co.uk,Male,$772452.48,625417758,PP
409,Florrie,Middler,fmiddlerbc@netlog.com,Female,$507943.07,717704303,IT
410,Bev,Southernwood,bsouthernwoodbd@china.com.cn,Male,$479374.21,109502022,IT
411,Adan,Hansill,ahansillbe@ebay.co.uk,Male,$195239.23,325603191,IT
412,Jodie,Jennick,jjennickbf@wordpress.com,Female,$640146.31,328205386,CC
413,Roselin,Mathers,rmathersbg@samsung.com,Female,$982408.34,116039654,PP
414,Aurel,Illesley,aillesleybh@washington.edu,Female,$416428.66,922090968,PP
415,Griffie,Dowyer,gdowyerbi@europa.eu,Male,$841042.01,592185109,CC
416,Agnola,Mowson,amowsonbj@rambler.ru,Female,$319841.35,236427495,IT
417,Ezekiel,Rojas,erojasbk@linkedin.com,Male,$972718.79,274726614,PP
418,Frankie,Robson,frobsonbl@i2i.jp,Male,$715520.94,568874278,CC
419,Brooks,Morby,bmorbybm@nymag.com,Male,$725685.37,616107802,IT
420,Farrell,Frank,ffrankbn@creativecommons.org,Male,$470860.75,867611649,IT
421,Sharla,Jaime,sjaimebo@bizjournals.com,Female,$799258.60,807813336,CC
422,Ahmad,Paramor,aparamorbp@yahoo.com,Male,$343088.08,937853109,CC
423,Hendrick,Dandison,hdandisonbq@narod.ru,Male,$357883.75,659342803,IT
424,Allayne,Piatkow,apiatkowbr@utexas.edu,Male,$850904.26,649396324,IT
425,Hillie,Dyter,hdyterbs@si.edu,Male,$671046.89,205240649,PP
426,Constancy,Walewicz,cwalewiczbt@nbcnews.com,Female,$733462.36,190694161,IT
427,Algernon,Gladding,agladdingbu@sphinn.com,Male,$673524.03,293198311,IT
428,Thibaut,Reffe,treffebv@macromedia.com,Male,$938115.06,692208859,CC
429,Conney,Caesar,ccaesarbw@over-blog.com,Male,$227522.70,840559992,CC
430,Audrie,Hothersall,ahothersallbx@mac.com,Female,$363974.24,640706488,IT
431,Brigham,Baal,bbaalby@devhub.com,Male,$810647.53,564268389,PP
432,Janek,Bulfit,jbulfitbz@odnoklassniki.ru,Male,$746593.14,889077809,CC
433,Leroy,Witchard,lwitchardc0@github.io,Male,$635353.57,897502415,IT
434,Gunner,Caustic,gcausticc1@nasa.gov,Male,$968038.96,231927363,PP
435,Tab,Strafford,tstraffordc2@cdc.gov,Male,$956487.20,812034566,IT
436,Billye,Shulem,bshulemc3@wiley.com,Female,$847093.11,870549932,PP
437,Netta,Yggo,nyggoc4@shinystat.com,Female,$666442.11,473431520,IT
438,Linc,Willan,lwillanc5@wikimedia.org,Male,$769179.77,684595191,IT
439,Jewelle,Shipperbottom,jshipperbottomc6@yandex.ru,Female,$963813.79,885446970,IT
440,Emile,Mulheron,emulheronc7@vk.com,Male,$309939.71,752383035,IT
441,Hedvig,Bilbey,hbilbeyc8@alibaba.com,Female,$643836.31,834498814,PP
442,Vanda,Tofanini,vtofaninic9@cmu.edu,Female,$549211.57,619680226,PP
443,Johannah,Kimbrough,jkimbroughca@youtu.be,Female,$576563.17,583980040,PP
444,Gal,Whittenbury,gwhittenburycb@cnn.com,Male,$853206.39,839609655,CC
445,Elisabetta,Mac Giolla Pheadair,emacgiollapheadaircc@last.fm,Female,$806499.32,127989397,PP
446,Trefor,Bogue,tboguecd@reverbnation.com,Male,$613230.80,549410655,PP
447,Gabriello,Baltrushaitis,gbaltrushaitisce@wordpress.org,Male,$247927.65,535377642,IT
448,Ronny,Bohl,rbohlcf@tinyurl.com,Male,$211187.55,53840401,CC
449,Toby,Toope,ttoopecg@unc.edu,Male,$546657.32,849539895,PP
450,Ann-marie,Baudinelli,abaudinellich@princeton.edu,Female,$845837.84,680284944,IT
451,Floria,Tamlett,ftamlettci@ucsd.edu,Female,$391051.58,693521571,CC
452,Ertha,Lillico,elillicocj@state.gov,Female,$700657.26,270175813,PP
453,Courtenay,Kopps,ckoppsck@usgs.gov,Female,$478310.69,927730081,PP
454,Constantia,Gallear,cgallearcl@google.co.uk,Female,$315666.21,259909157,CC
455,Noelani,Ajean,najeancm@usnews.com,Female,$856621.28,916725377,CC
456,Glynda,Kingshott,gkingshottcn@amazonaws.com,Female,$646447.61,252442091,PP
457,Selia,Fanthom,sfanthomco@telegraph.co.uk,Female,$315663.23,73512359,PP
458,Kasey,Smythe,ksmythecp@google.com,Female,$748393.96,831147097,IT
459,Barbee,Didsbury,bdidsburycq@privacy.gov.au,Female,$499542.26,977349016,CC
460,Zebulen,Antonijevic,zantonijeviccr@archive.org,Male,$143275.70,366126918,PP
461,Cinnamon,Huxter,chuxtercs@wordpress.com,Female,$726611.80,157759783,PP
462,Georgi,Beran,gberanct@google.com,Male,$692751.62,738372235,PP
463,Marquita,Niezen,mniezencu@nydailynews.com,Female,$446258.28,975390875,IT
464,Roger,Demke,rdemkecv@scientificamerican.com,Male,$636536.27,80374641,IT
465,Holly,Sarjent,hsarjentcw@merriam-webster.com,Male,$143108.69,1033713104,IT
466,Nata,Winch,nwinchcx@aol.com,Female,$572754.11,911405536,PP
467,Arel,Jaggs,ajaggscy@mozilla.com,Male,$619798.43,144814211,IT
468,Lorain,Sclanders,lsclanderscz@youtube.com,Female,$444135.02,312367612,PP
469,Wade,McClune,wmccluned0@nps.gov,Male,$503750.99,440647750,PP
470,Evelyn,Engel,eengeld1@so-net.ne.jp,Male,$568669.74,636951272,IT
471,Kennedy,Robuchon,krobuchond2@lulu.com,Male,$731813.92,519665737,PP
472,Wash,Hillaby,whillabyd3@bloomberg.com,Male,$610127.28,898999939,CC
473,Perri,Worthing,pworthingd4@slashdot.org,Female,$618386.89,757516044,PP
474,Joycelin,Naerup,jnaerupd5@ow.ly,Female,$879484.21,427341793,CC
475,Demetris,Kennally,dkennallyd6@taobao.com,Male,$664244.69,254605054,IT
476,Star,Hinken,shinkend7@amazon.co.jp,Female,$782671.05,581863633,CC
477,Gussi,Bains,gbainsd8@adobe.com,Female,$873639.12,768679663,PP
478,Rasia,Perrins,rperrinsd9@pen.io,Female,$303664.28,855192790,PP
479,Kattie,Spaxman,kspaxmanda@amazon.co.uk,Female,$989319.29,1021497717,CC
480,Tonye,Mottini,tmottinidb@samsung.com,Female,$745420.17,946728115,PP
481,Melina,Brittlebank,mbrittlebankdc@harvard.edu,Female,$794313.72,431541549,CC
482,Pippy,McElmurray,pmcelmurraydd@etsy.com,Female,$492271.61,156796210,CC
483,Kaspar,Daubney,kdaubneyde@biblegateway.com,Male,$278953.02,151508415,IT
484,Babs,Crawforth,bcrawforthdf@squidoo.com,Female,$827122.84,102675729,PP
485,Valentine,Buxam,vbuxamdg@photobucket.com,Female,$416602.83,1017310298,CC
486,Fredia,Hillhouse,fhillhousedh@cmu.edu,Female,$473791.02,929686455,PP
487,Orelle,Gilfether,ogilfetherdi@blinklist.com,Female,$945306.86,842256144,CC
488,Angelica,Boldock,aboldockdj@merriam-webster.com,Female,$555904.91,822757574,IT
489,Karyn,Cristofvao,kcristofvaodk@quantcast.com,Female,$139880.67,835975346,CC
490,Lauritz,Ewart,lewartdl@dedecms.com,Male,$303340.31,247630642,IT
491,Rocky,Brunskill,rbrunskilldm@biglobe.ne.jp,Male,$841354.73,327934834,CC
492,Engelbert,Dibb,edibbdn@typepad.com,Male,$303364.84,851588201,IT
493,Jobyna,Slarke,jslarkedo@rambler.ru,Female,$178487.48,249302097,PP
494,Marlo,Purle,mpurledp@naver.com,Male,$531342.65,973332396,PP
495,Madlen,Athersmith,mathersmithdq@ow.ly,Female,$313478.41,528782372,CC
496,Dimitry,Hilland,dhillanddr@nydailynews.com,Male,$928036.25,18252254,PP
497,Marcel,Cordell,mcordellds@utexas.edu,Male,$221362.04,883418254,CC
498,Tripp,Gimbart,tgimbartdt@cisco.com,Male,$601612.97,904062750,CC
499,Palm,Hubery,phuberydu@qq.com,Male,$474170.55,787452096,CC
500,Prince,Caddock,pcaddockdv@jalbum.net,Male,$876443.45,324800365,CC
501,Quincy,Caghy,qcaghydw@mysql.com,Male,$570874.82,683240510,IT
502,Emile,Swindley,eswindleydx@cyberchimps.com,Male,$910953.91,721014533,PP
503,Katti,Aindrais,kaindraisdy@howstuffworks.com,Female,$919205.30,473238925,CC
504,Linea,Glasper,lglasperdz@marketwatch.com,Female,$447711.60,258841272,CC
505,Kaia,Patten,kpattene0@hao123.com,Female,$715242.45,786626414,CC
506,Derek,Vivyan,dvivyane1@t.co,Male,$215538.17,375745061,PP
507,Rheba,Adkins,radkinse2@usnews.com,Female,$724916.67,998805949,IT
508,Judon,Dowber,jdowbere3@bloglovin.com,Male,$212149.62,514658707,IT
509,Kiley,Conaghy,kconaghye4@irs.gov,Female,$221679.64,584409250,PP
510,Glory,Hapke,ghapkee5@last.fm,Female,$892294.25,432334687,CC
511,Mayne,Lawie,mlawiee6@ustream.tv,Male,$502817.30,255657734,IT
512,Morten,Lifsey,mlifseye7@spiegel.de,Male,$331238.01,792064561,IT
513,Dimitry,Bonallick,dbonallicke8@domainmarket.com,Male,$116592.60,933373315,PP
514,Claudetta,Dietmar,cdietmare9@jiathis.com,Female,$550612.78,684866974,PP
515,Carma,Bloom,cbloomea@wix.com,Female,$630494.42,435746957,CC
516,Corty,McCloughen,cmcclougheneb@fotki.com,Male,$147132.63,1011815601,PP
517,Noam,Robertis,nrobertisec@paypal.com,Male,$865906.14,792642111,CC
518,Lanie,MacAllan,lmacallaned@home.pl,Female,$722857.11,526357407,CC
519,Lorelei,Norval,lnorvalee@newsvine.com,Female,$373787.31,388991558,CC
520,Purcell,Oki,pokief@discuz.net,Male,$760942.30,232218846,IT
521,Robbin,Tanser,rtansereg@vk.com,Female,$177275.54,553133414,PP
522,Robin,Basire,rbasireeh@tinyurl.com,Male,$591384.49,220058059,PP
523,Redford,Howship,rhowshipei@nasa.gov,Male,$175756.91,537812860,IT
524,Dario,Childrens,dchildrensej@dell.com,Male,$385680.23,537366278,CC
525,Felipe,Axford,faxfordek@slashdot.org,Male,$744501.98,485849258,IT
526,Gal,Wandless,gwandlessel@plala.or.jp,Male,$222567.05,881145907,CC
527,Willie,Lortzing,wlortzingem@wordpress.org,Male,$908563.70,235856471,IT
528,Elizabet,Knath,eknathen@ebay.co.uk,Female,$534060.71,539331762,PP
529,Emlyn,Dictus,edictuseo@homestead.com,Male,$565756.04,530290115,IT
530,Kristofor,Rickson,kricksonep@shop-pro.jp,Male,$662816.80,64538833,IT
531,Eleanor,Scotson,escotsoneq@constantcontact.com,Female,$892344.80,738799237,PP
532,Lotta,Marjanski,lmarjanskier@fotki.com,Female,$505628.19,564061618,CC
533,Hermia,Tewkesbury.,htewkesburyes@dot.gov,Female,$712986.62,924418263,CC
534,Huey,Cases,hcaseset@cpanel.net,Male,$839830.28,517991839,IT
535,Donny,Sellers,dsellerseu@apple.com,Male,$216681.69,982792994,PP
536,Gayleen,Hairesnape,ghairesnapeev@flavors.me,Female,$439976.58,256120257,CC
537,Amory,Gibbons,agibbonsew@purevolume.com,Male,$913343.06,210853482,IT
538,Arlee,Spearman,aspearmanex@biblegateway.com,Female,$160648.72,294714297,IT
539,Helen-elizabeth,Raffan,hraffaney@squidoo.com,Female,$542302.95,983655827,PP
540,Vida,Marchetti,vmarchettiez@sfgate.com,Female,$769132.99,5334358,CC
541,Abramo,Giovanizio,agiovaniziof0@google.cn,Male,$689274.92,270872709,IT
542,Chrotoem,Obeney,cobeneyf1@moonfruit.com,Male,$255520.58,179443209,CC
543,Barry,Yerson,byersonf2@wikispaces.com,Male,$624361.83,11280583,PP
544,Riley,Carme,rcarmef3@wunderground.com,Male,$975235.96,988747964,CC
545,Drusy,Beasant,dbeasantf4@google.ru,Female,$266291.29,33039599,IT
546,Aleksandr,Robison,arobisonf5@howstuffworks.com,Male,$525432.83,430012182,CC
547,Sutton,Ebbs,sebbsf6@privacy.gov.au,Male,$564144.91,174596445,IT
548,Filip,Bayles,fbaylesf7@wunderground.com,Male,$168540.30,669501438,IT
549,Leonid,Statter,lstatterf8@photobucket.com,Male,$606287.87,425412381,CC
550,Iolande,Allenson,iallensonf9@delicious.com,Female,$637599.49,705149753,PP
551,Louise,Gladdish,lgladdishfa@sphinn.com,Female,$564997.82,192566516,IT
552,Annabelle,Camoys,acamoysfb@angelfire.com,Female,$901680.21,718591418,IT
553,Willie,Chiplen,wchiplenfc@angelfire.com,Male,$575692.68,806364322,PP
554,Eulalie,Rawsthorne,erawsthornefd@homestead.com,Female,$361059.91,187537024,CC
555,Tulley,McVie,tmcviefe@spotify.com,Male,$309561.15,349029285,IT
556,Milena,Newns,mnewnsff@cbslocal.com,Female,$797491.25,161891073,PP
557,Nathaniel,Askwith,naskwithfg@clickbank.net,Male,$930761.40,161945528,IT
558,Gretel,Docket,gdocketfh@yale.edu,Female,$400873.46,391797765,PP
559,Roseann,Burren,rburrenfi@oaic.gov.au,Female,$742897.87,593075713,IT
560,Suzette,Hanhart,shanhartfj@taobao.com,Female,$504217.33,97871336,IT
561,Amory,Bucktrout,abucktroutfk@360.cn,Male,$174184.55,337163795,PP
562,Francisca,Peerless,fpeerlessfl@w3.org,Female,$612982.22,502002974,CC
563,Buck,Haburne,bhaburnefm@list-manage.com,Male,$531421.25,958240617,CC
564,Hyacinthia,Gong,hgongfn@buzzfeed.com,Female,$322846.69,322086376,IT
565,Davon,Magne,dmagnefo@xing.com,Male,$861464.93,393862931,PP
566,Gabe,Barroux,gbarrouxfp@elpais.com,Male,$987127.06,418150438,IT
567,Mari,Splevin,msplevinfq@networkadvertising.org,Female,$935039.25,434124950,PP
568,Rossie,Vannuccini,rvannuccinifr@webs.com,Male,$841674.73,35418625,CC
569,Chevy,Eam,ceamfs@taobao.com,Male,$155011.11,955831028,PP
570,Roseanna,Lofting,rloftingft@w3.org,Female,$515181.61,90504896,IT
571,Julianne,Nunnerley,jnunnerleyfu@ehow.com,Female,$129125.57,231765910,PP
572,Randi,Worling,rworlingfv@istockphoto.com,Male,$707720.95,540373867,PP
573,Emelina,Jeavon,ejeavonfw@is.gd,Female,$484128.68,343208346,PP
574,Clive,Weldrake,cweldrakefx@dion.ne.jp,Male,$686255.49,792700420,PP
575,Corene,Karpychev,ckarpychevfy@boston.com,Female,$741545.02,515774572,PP
576,Chauncey,Bosworth,cbosworthfz@ustream.tv,Male,$162356.70,748248384,PP
577,Bonnie,Darthe,bdartheg0@ebay.com,Female,$682341.29,935900517,IT
578,Deborah,Bruhnsen,dbruhnseng1@mysql.com,Female,$278127.23,946400880,IT
579,Loralie,Catlette,lcatletteg2@free.fr,Female,$597309.04,122413285,PP
580,Aundrea,Keppe,akeppeg3@spotify.com,Female,$647041.52,220197605,CC
581,Kordula,Rubinovici,krubinovicig4@netvibes.com,Female,$945180.88,81104329,PP
582,Rabi,Curzon,rcurzong5@google.it,Male,$608819.24,830225241,CC
583,Jethro,Pizer,jpizerg6@hostgator.com,Male,$347118.54,521767639,IT
584,Evan,Vannah,evannahg7@boston.com,Male,$148633.07,1025208235,PP
585,Olympia,Boggon,oboggong8@1und1.de,Female,$188168.90,652898055,PP
586,Janella,Widdowes,jwiddowesg9@ed.gov,Female,$952746.61,699175463,CC
587,Madelin,Middler,mmiddlerga@unc.edu,Female,$232598.34,505206625,PP
588,Ruperta,Thys,rthysgb@hubpages.com,Female,$449670.26,395003679,CC
589,Windy,Olivetta,wolivettagc@slideshare.net,Female,$655073.53,505018497,CC
590,Jayme,Endersby,jendersbygd@photobucket.com,Male,$465447.86,956260843,CC
591,Kristine,Brezlaw,kbrezlawge@hhs.gov,Female,$939282.95,197733873,IT
592,Garvy,Kerwin,gkerwingf@surveymonkey.com,Male,$742723.83,98482693,IT
593,Garner,Craise,gcraisegg@ow.ly,Male,$367143.62,428705681,IT
594,Patience,Gilhool,pgilhoolgh@icq.com,Female,$628295.89,30387524,IT
595,Cob,Poppy,cpoppygi@storify.com,Male,$267408.87,770824655,CC
596,Swen,Wild,swildgj@wunderground.com,Male,$221127.88,551193184,CC
597,Brewster,Thombleson,bthomblesongk@webmd.com,Male,$214462.81,944649315,PP
598,Carney,Duckinfield,cduckinfieldgl@networksolutions.com,Male,$681871.92,64705949,PP
599,Maurice,Ostler,mostlergm@theguardian.com,Male,$642399.74,910376695,IT
600,Jania,Cypler,jcyplergn@cnn.com,Female,$392241.43,359345182,IT
601,Ruthann,Korfmann,rkorfmanngo@tuttocitta.it,Female,$342426.17,578767604,IT
602,Wileen,Prattington,wprattingtongp@eventbrite.com,Female,$270547.88,196430295,CC
603,Gusella,Colten,gcoltengq@godaddy.com,Female,$550920.65,655849661,IT
604,Lyssa,Fakes,lfakesgr@mlb.com,Female,$912851.04,957095507,CC
605,Cello,Bramah,cbramahgs@cisco.com,Male,$423674.35,682076411,PP
606,Appolonia,Pearlman,apearlmangt@usnews.com,Female,$205588.05,314430372,CC
607,Francesca,Fronek,ffronekgu@disqus.com,Female,$650777.83,608943644,IT
608,Tucker,Szymonwicz,tszymonwiczgv@ftc.gov,Male,$517434.98,325331113,IT
609,Berkie,Ralphs,bralphsgw@reuters.com,Male,$680713.98,681307165,CC
610,Winona,Bonnavant,wbonnavantgx@sitemeter.com,Female,$557178.14,84768823,IT
611,Arlen,Sealy,asealygy@businessinsider.com,Male,$703605.13,633489115,CC
612,Eziechiele,Darkott,edarkottgz@topsy.com,Male,$235595.91,973400251,CC
613,Andria,Giraldo,agiraldoh0@oracle.com,Female,$904992.33,637219598,PP
614,Noam,Curston,ncurstonh1@ft.com,Male,$391752.06,966638625,IT
615,Holt,Cossar,hcossarh2@discuz.net,Male,$405257.83,44739718,CC
616,Codee,Reuben,creubenh3@mayoclinic.com,Female,$325444.46,203379461,CC
617,Fay,Jealous,fjealoush4@usda.gov,Female,$546750.31,582299515,CC
618,Otto,Bodimeade,obodimeadeh5@washingtonpost.com,Male,$710050.11,868866893,IT
619,Em,Cosson,ecossonh6@google.ca,Male,$644821.06,496816276,CC
620,Hartwell,Etock,hetockh7@bizjournals.com,Male,$858716.18,877681142,IT
621,Creigh,Spier,cspierh8@disqus.com,Male,$171564.41,942329085,PP
622,Collen,Morlon,cmorlonh9@washingtonpost.com,Female,$617944.15,761489842,CC
623,Risa,Malarkey,rmalarkeyha@paginegialle.it,Female,$242225.20,721807838,PP
624,Pris,Appleby,papplebyhb@vkontakte.ru,Female,$672468.18,387560694,CC
625,Worthington,Pickhaver,wpickhaverhc@photobucket.com,Male,$440999.98,531186152,IT
626,Claudia,Kielty,ckieltyhd@princeton.edu,Female,$195513.58,194037353,PP
627,Ricki,Devonish,rdevonishhe@posterous.com,Female,$127798.64,354438130,PP
628,Lorrie,Salzen,lsalzenhf@umich.edu,Female,$128215.83,856176659,CC
629,Margret,Kemme,mkemmehg@google.ru,Female,$631787.43,191061574,CC
630,Shannan,Olivet,solivethh@fda.gov,Male,$241383.37,582682473,PP
631,Murielle,Cumo,mcumohi@businessinsider.com,Female,$405371.87,54438327,IT
632,Panchito,Threadgould,pthreadgouldhj@arizona.edu,Male,$460281.18,24932453,IT
633,Abbye,Banstead,abansteadhk@home.pl,Female,$694717.10,883987045,PP
634,Fiona,Barwell,fbarwellhl@google.es,Female,$473566.55,722942070,CC
635,Halsey,Hazeltine,hhazeltinehm@scientificamerican.com,Male,$446080.49,266726374,CC
636,Hastie,Bittlestone,hbittlestonehn@live.com,Male,$990537.01,584373446,IT
637,Alanson,Buckmaster,abuckmasterho@google.co.jp,Male,$721387.84,361694728,CC
638,Blakelee,Jelkes,bjelkeshp@google.ru,Female,$345986.05,396677569,CC
639,Isahella,Amott,iamotthq@nhs.uk,Female,$393224.53,630033139,IT
640,Andrew,Swynley,aswynleyhr@twitpic.com,Male,$326031.70,54871643,PP
641,Mahmoud,Lauxmann,mlauxmannhs@sourceforge.net,Male,$127086.57,365029541,CC
642,Fancy,Kenaway,fkenawayht@sun.com,Female,$342476.49,710839032,PP
643,Bibby,Kuhle,bkuhlehu@reverbnation.com,Female,$333464.42,231708552,PP
644,Alden,Maggiori,amaggiorihv@devhub.com,Male,$946315.82,675907269,PP
645,Edie,Shoreman,eshoremanhw@wix.com,Female,$452955.65,475737983,PP
646,Gabriello,Oldale,goldalehx@tumblr.com,Male,$447844.58,355541701,PP
647,Gwendolen,Stinchcombe,gstinchcombehy@pen.io,Female,$796255.04,796351287,CC
648,Ludwig,Sacker,lsackerhz@upenn.edu,Male,$828465.70,912330093,PP
649,Heath,Bitten,hbitteni0@nyu.edu,Male,$213745.75,655839894,IT
650,Rosana,Clemente,rclementei1@domainmarket.com,Female,$361374.98,437901972,IT
651,Saxe,Geertz,sgeertzi2@sitemeter.com,Male,$642206.39,206406790,PP
652,Wallis,Bartholin,wbartholini3@t.co,Male,$123089.16,966806767,CC
653,Giorgio,Routh,grouthi4@youtu.be,Male,$154472.27,694445283,IT
654,Art,Filinkov,afilinkovi5@china.com.cn,Male,$959171.39,408075455,CC
655,Darryl,Cominetti,dcominettii6@telegraph.co.uk,Female,$961554.58,80745945,CC
656,Frannie,Whetnell,fwhetnelli7@fotki.com,Female,$603300.98,169961406,PP
657,Ellswerth,Smylie,esmyliei8@ftc.gov,Male,$397203.06,909516340,IT
658,Barbie,Billam,bbillami9@sciencedaily.com,Female,$210745.70,108723934,PP
659,Wilburt,Brownjohn,wbrownjohnia@blog.com,Male,$825431.80,921682967,IT
660,Mignonne,Bartels-Ellis,mbartelsellisib@cafepress.com,Female,$934409.40,453333607,PP
661,Sandro,Pelcheur,spelcheuric@dropbox.com,Male,$450039.55,323988981,IT
662,Beryle,Allworthy,ballworthyid@google.ru,Female,$960512.86,398480757,PP
663,Oates,Schoenleiter,oschoenleiterie@example.com,Male,$681497.67,59208108,PP
664,Kacey,Bramwich,kbramwichif@guardian.co.uk,Female,$244002.44,482946009,PP
665,Tessy,Florence,tflorenceig@aol.com,Female,$310963.73,23160011,PP
666,Celinka,Hoolaghan,choolaghanih@goo.gl,Female,$849534.47,219359078,IT
667,Dotti,Dimmock,ddimmockii@cdbaby.com,Female,$451764.07,46807457,CC
668,Violette,Rossey,vrosseyij@acquirethisname.com,Female,$477102.11,606623533,IT
669,Humfrid,Vanyukhin,hvanyukhinik@seattletimes.com,Male,$221878.82,693011946,PP
670,Merry,Dinsdale,mdinsdaleil@latimes.com,Male,$907704.99,695580030,CC
671,Filippo,Kyffin,fkyffinim@theguardian.com,Male,$889063.25,541739432,CC
672,Leigh,Drewson,ldrewsonin@skyrock.com,Female,$364328.89,108107822,PP
673,Helena,Fullard,hfullardio@1688.com,Female,$203359.82,247392129,CC
674,Catrina,Amorine,camorineip@ocn.ne.jp,Female,$960455.35,504508170,IT
675,Mile,Withrop,mwithropiq@unesco.org,Male,$145947.78,315413381,IT
676,Ula,Lewing,ulewingir@va.gov,Female,$458507.66,360945762,CC
677,Leone,Basler,lbasleris@google.com.hk,Female,$548656.63,955348180,PP
678,Nilson,Sindall,nsindallit@ycombinator.com,Male,$861802.20,64467430,CC
679,Padriac,Grigorey,pgrigoreyiu@nih.gov,Male,$136624.59,372316898,CC
680,Trudey,Drysdell,tdrysdelliv@hibu.com,Female,$852280.68,290664462,CC
681,Eleanora,Gervaise,egervaiseiw@sciencedirect.com,Female,$715274.30,374271516,IT
682,Clarinda,McGreay,cmcgreayix@merriam-webster.com,Female,$254234.14,117016169,IT
683,Sunshine,Iianon,siianoniy@kickstarter.com,Female,$986049.03,635816655,CC
684,Imojean,Werrit,iwerritiz@msn.com,Female,$116188.27,294266993,CC
685,Valentine,Brettor,vbrettorj0@ihg.com,Female,$756595.90,487492884,CC
686,Torry,Gaylord,tgaylordj1@cnbc.com,Male,$897170.01,271287643,PP
687,Darrelle,Rappa,drappaj2@geocities.jp,Female,$483790.53,608829531,IT
688,Berry,Colton,bcoltonj3@illinois.edu,Female,$718018.45,37079381,PP
689,Perle,Fareweather,pfareweatherj4@godaddy.com,Female,$899983.33,199889350,IT
690,Codee,Dyett,cdyettj5@lycos.com,Female,$129540.26,388204837,PP
691,Donnie,Vanyushin,dvanyushinj6@bloglines.com,Female,$626299.28,339124514,IT
692,Anjela,Eagleston,aeaglestonj7@china.com.cn,Female,$268302.71,418808543,PP
693,Christen,Carmen,ccarmenj8@ameblo.jp,Female,$986607.12,111797087,IT
694,Emelda,MacNulty,emacnultyj9@soup.io,Female,$811672.69,182355081,CC
695,Nancey,Lodge,nlodgeja@cnn.com,Female,$975833.33,565828819,CC
696,Baxy,Vauter,bvauterjb@shareasale.com,Male,$737771.81,909318027,PP
697,Rozanna,Soden,rsodenjc@ezinearticles.com,Female,$225241.70,28105678,PP
698,Jarrett,Matissoff,jmatissoffjd@twitpic.com,Male,$899357.91,472481556,PP
699,Ly,Spurrier,lspurrierje@ucla.edu,Male,$385404.50,586979330,IT
700,Hirsch,Astie,hastiejf@vimeo.com,Male,$497016.83,101576391,PP
701,Janot,Eastcott,jeastcottjg@intel.com,Female,$864432.48,346877745,CC
702,Cirillo,Simonot,csimonotjh@aboutads.info,Male,$933746.44,1038523115,PP
703,Siward,Dursley,sdursleyji@godaddy.com,Male,$423183.14,502218554,PP
704,Rudolf,Dowears,rdowearsjj@omniture.com,Male,$811710.40,687602830,CC
705,Lauree,Eyckel,leyckeljk@ycombinator.com,Female,$598252.71,268375251,CC
706,Yorgo,Carayol,ycarayoljl@de.vu,Male,$168759.61,439562059,IT
707,Jasmin,Dunning,jdunningjm@illinois.edu,Female,$776990.98,1043186296,CC
708,Fey,Goulder,fgoulderjn@forbes.com,Female,$794490.25,641583642,CC
709,Zelig,Hollingsbee,zhollingsbeejo@issuu.com,Male,$611557.77,328668038,CC
710,Mateo,Yeell,myeelljp@ca.gov,Male,$647280.60,522615772,IT
711,Carey,Bier,cbierjq@yolasite.com,Female,$905361.68,633776448,CC
712,Thornton,MacConneely,tmacconneelyjr@usda.gov,Male,$213990.56,913548972,PP
713,Kalvin,Costa,kcostajs@blogs.com,Male,$784818.53,299558431,IT
714,Malinda,Feasby,mfeasbyjt@redcross.org,Female,$895450.59,825852265,IT
715,Trista,Caseley,tcaseleyju@a8.net,Female,$906448.25,131489426,CC
716,Shepard,Dunston,sdunstonjv@tmall.com,Male,$475776.84,406928906,CC
717,Agosto,Reucastle,areucastlejw@slashdot.org,Male,$716527.75,277428606,PP
718,Allegra,Bossingham,abossinghamjx@bing.com,Female,$829390.77,728729321,PP
719,Hernando,Sidnall,hsidnalljy@123-reg.co.uk,Male,$910396.02,191993050,IT
720,Gris,Wager,gwagerjz@ihg.com,Male,$857321.61,199903866,PP
721,Cord,Guillond,cguillondk0@yelp.com,Male,$745324.45,812604615,CC
722,Noemi,Delgaty,ndelgatyk1@uiuc.edu,Female,$142822.00,347726549,IT
723,Gustavo,Bouette,gbouettek2@photobucket.com,Male,$217399.84,518204902,PP
724,Nowell,Gaskarth,ngaskarthk3@upenn.edu,Male,$686125.72,349077348,PP
725,Aurore,Kindley,akindleyk4@ebay.co.uk,Female,$744672.57,720790777,IT
726,Jemie,McKerrow,jmckerrowk5@taobao.com,Female,$726033.29,1015893254,CC
727,Francisco,Morewood,fmorewoodk6@cafepress.com,Male,$858257.77,409146189,IT
728,Raynard,Golagley,rgolagleyk7@phpbb.com,Male,$419527.41,809942875,CC
729,Sandy,Beazleigh,sbeazleighk8@prnewswire.com,Male,$443757.39,194265660,PP
730,Dacia,Eastam,deastamk9@livejournal.com,Female,$827612.16,814901673,CC
731,Elmer,Guidi,eguidika@state.gov,Male,$408237.06,824824028,PP
732,Alexandros,Lygo,alygokb@feedburner.com,Male,$686665.37,616698546,IT
733,Alden,Sonnenschein,asonnenscheinkc@hud.gov,Male,$529389.88,300462042,PP
734,Barnie,Gillebert,bgillebertkd@bigcartel.com,Male,$871376.60,590355844,PP
735,Vita,Tiuit,vtiuitke@goodreads.com,Female,$370421.89,734141903,IT
736,Cathrine,Ewin,cewinkf@e-recht24.de,Female,$418065.31,967347969,CC
737,Natasha,Salerno,nsalernokg@bing.com,Female,$524678.69,628333665,PP
738,Zared,Ashall,zashallkh@blog.com,Male,$862114.49,886657672,PP
739,Nathalia,Barthorpe,nbarthorpeki@epa.gov,Female,$432604.00,24381322,IT
740,Pepi,Coghlin,pcoghlinkj@gravatar.com,Female,$765794.65,645400246,IT
741,Kenton,Senecaux,ksenecauxkk@discovery.com,Male,$338953.00,561564962,IT
742,Wynne,Oldridge,woldridgekl@mtv.com,Female,$551141.85,57566578,IT
743,Morena,McCambridge,mmccambridgekm@edublogs.org,Female,$707546.43,625357358,IT
744,Giacomo,Grabham,ggrabhamkn@howstuffworks.com,Male,$530778.74,429749828,PP
745,Mia,Werrilow,mwerrilowko@wiley.com,Female,$475982.47,93019484,CC
746,Gregory,Tidbold,gtidboldkp@utexas.edu,Male,$754528.75,372443117,PP
747,Ralf,Gunderson,rgundersonkq@ycombinator.com,Male,$315585.63,125169804,CC
748,Hadleigh,Mensler,hmenslerkr@biblegateway.com,Male,$585743.27,532788380,IT
749,Blair,Haston,bhastonks@techcrunch.com,Male,$920027.97,55783828,IT
750,Calv,Lidgertwood,clidgertwoodkt@macromedia.com,Male,$775469.03,260086228,CC
751,Catarina,O'Spellissey,cospellisseyku@google.de,Female,$939921.80,622484479,CC
752,Cris,Parlett,cparlettkv@howstuffworks.com,Female,$957424.71,945092824,IT
753,Dina,Glaister,dglaisterkw@princeton.edu,Female,$860013.93,524414860,IT
754,Gracia,Reeson,greesonkx@1und1.de,Female,$188885.89,622351621,CC
755,Fawnia,Hearl,fhearlky@tmall.com,Female,$596131.05,784665416,PP
756,Theobald,Parmiter,tparmiterkz@bigcartel.com,Male,$136369.66,715378962,CC
757,Bud,Larret,blarretl0@usa.gov,Male,$901337.72,924728277,PP
758,Margaux,Newbold,mnewboldl1@wikipedia.org,Female,$845058.72,869120042,CC
759,Pinchas,Featherstone,pfeatherstonel2@zdnet.com,Male,$500885.43,748522874,IT
760,Harlene,Meese,hmeesel3@disqus.com,Female,$248052.34,237226536,IT
761,Sashenka,Hackleton,shackletonl4@go.com,Female,$308074.56,359846446,CC
762,Stanford,Levins,slevinsl5@booking.com,Male,$555564.04,440469450,IT
763,Aube,Waddup,awaddupl6@flavors.me,Male,$128669.66,883018331,PP
764,Jacklin,Feldhuhn,jfeldhuhnl7@pbs.org,Female,$123814.80,244484551,CC
765,Woody,Vanyushkin,wvanyushkinl8@seesaa.net,Male,$198853.32,157248711,IT
766,Smith,Remmer,sremmerl9@oakley.com,Male,$110643.76,523335003,CC
767,Jordanna,O'Keevan,jokeevanla@discovery.com,Female,$745956.67,854474843,PP
768,Paulette,Krinks,pkrinkslb@hao123.com,Female,$395318.29,144963448,IT
769,Alister,Barlas,abarlaslc@pbs.org,Male,$620399.29,129125376,IT
770,Piper,Pirozzi,ppirozzild@tamu.edu,Female,$572332.09,90974760,CC
771,Codee,Barlie,cbarliele@canalblog.com,Female,$865406.27,725805253,CC
772,Glory,Hellin,ghellinlf@wikipedia.org,Female,$246717.07,124818751,IT
773,Clevie,Attenburrow,cattenburrowlg@bbb.org,Male,$232198.62,278631171,PP
774,Haslett,Largen,hlargenlh@unc.edu,Male,$220892.37,202298040,CC
775,Dee dee,Spenceley,dspenceleyli@photobucket.com,Female,$613293.76,16185150,IT
776,Odey,Goede,ogoedelj@g.co,Male,$934304.90,753782155,IT
777,Zara,Bernolet,zbernoletlk@yelp.com,Female,$481485.38,571922634,PP
778,Holli,Mioni,hmionill@sogou.com,Female,$349430.81,29807910,CC
779,Whit,Hunnawill,whunnawilllm@addtoany.com,Male,$768701.11,808202983,IT
780,Aubrette,MacInherney,amacinherneyln@ca.gov,Female,$680925.44,832203756,CC
781,Marti,Kneller,mknellerlo@macromedia.com,Female,$600274.97,464881074,IT
782,Candace,Seywood,cseywoodlp@blogger.com,Female,$915737.77,158291662,CC
783,Tabby,Polendine,tpolendinelq@artisteer.com,Male,$986203.79,583333596,IT
784,Morrie,Schrader,mschraderlr@angelfire.com,Male,$875008.79,960430064,PP
785,Friedrick,Morillas,fmorillasls@senate.gov,Male,$516416.52,744966565,CC
786,Mandy,Tokley,mtokleylt@comsenz.com,Female,$805292.52,823101555,CC
787,Caspar,Redfearn,credfearnlu@godaddy.com,Male,$820217.15,219825345,PP
788,Nicoline,Dundon,ndundonlv@weibo.com,Female,$392629.40,130532735,CC
789,Sandi,Dilgarno,sdilgarnolw@oracle.com,Female,$301266.54,523336476,PP
790,Maye,Scone,msconelx@privacy.gov.au,Female,$222417.93,1007603223,IT
791,Cheryl,Gallegos,cgallegosly@t-online.de,Female,$330319.56,346857868,CC
792,Winthrop,Alpes,walpeslz@flavors.me,Male,$266334.91,926609521,IT
793,Roxine,Jeratt,rjerattm0@comsenz.com,Female,$476665.25,410546479,IT
794,Constanta,Kleyn,ckleynm1@cbslocal.com,Female,$906065.89,781970616,CC
795,Katy,Kerswill,kkerswillm2@shinystat.com,Female,$108706.73,339810059,IT
796,Renado,Shieldon,rshieldonm3@phpbb.com,Male,$419948.31,440954531,IT
797,Tim,Bowlas,tbowlasm4@shop-pro.jp,Male,$256769.39,236756874,PP
798,Sloane,Luxmoore,sluxmoorem5@prweb.com,Male,$757636.72,292857195,IT
799,Dredi,Holton,dholtonm6@addtoany.com,Female,$549154.12,149730012,CC
800,Connie,Gunson,cgunsonm7@google.de,Male,$680653.36,94305393,PP
801,Duky,Kubecka,dkubeckam8@auda.org.au,Male,$841540.00,496503828,IT
802,Ham,Phillip,hphillipm9@symantec.com,Male,$160298.59,336935043,PP
803,Diannne,Bauld,dbauldma@army.mil,Female,$570007.92,44002444,PP
804,Prince,Blowers,pblowersmb@phoca.cz,Male,$250644.92,515951140,IT
805,Abbott,Russam,arussammc@jalbum.net,Male,$309465.63,340931061,PP
806,Cassius,Capstack,ccapstackmd@bravesites.com,Male,$209807.41,411370054,IT
807,Humphrey,Hentze,hhentzeme@hhs.gov,Male,$103424.19,71644046,PP
808,Ulrika,Pacquet,upacquetmf@hud.gov,Female,$590826.43,1026399257,CC
809,Mendy,Bickerdike,mbickerdikemg@usda.gov,Male,$619053.36,751204906,IT
810,Sophey,Larkings,slarkingsmh@springer.com,Female,$707132.57,37734462,CC
811,Delphinia,Kirman,dkirmanmi@issuu.com,Female,$128258.49,970493963,PP
812,Jody,MacCague,jmaccaguemj@cornell.edu,Female,$380277.96,874492552,CC
813,Binny,Bessett,bbessettmk@netlog.com,Female,$308237.05,164390021,PP
814,Rickard,Galle,rgalleml@microsoft.com,Male,$903418.64,718710153,CC
815,Gerrie,Mangenot,gmangenotmm@ezinearticles.com,Male,$578652.74,708525607,PP
816,Morten,Tong,mtongmn@cocolog-nifty.com,Male,$988424.64,160091569,PP
817,Ryon,Hatzar,rhatzarmo@last.fm,Male,$422126.04,880955169,IT
818,Dasi,Lotze,dlotzemp@ucsd.edu,Female,$806588.49,217058598,IT
819,Stavro,Poulter,spoultermq@blogtalkradio.com,Male,$656622.05,421312121,IT
820,Yale,Gisby,ygisbymr@disqus.com,Male,$979396.36,72857950,IT
821,Dallas,Lafay,dlafayms@google.de,Male,$626696.36,847971580,CC
822,Letizia,Riseley,lriseleymt@google.it,Female,$381464.70,101958169,CC
823,Patric,Tombleson,ptomblesonmu@fc2.com,Male,$412930.42,64707368,PP
824,Nanon,Gerred,ngerredmv@comcast.net,Female,$908031.65,64906039,PP
825,Bernardo,Attenbarrow,battenbarrowmw@themeforest.net,Male,$306873.94,273273593,CC
826,Aimee,Scarf,ascarfmx@cafepress.com,Female,$704565.65,445827097,CC
827,Malvin,Hutcheson,mhutchesonmy@addtoany.com,Male,$474000.06,331825530,PP
828,Blakeley,Morigan,bmoriganmz@sphinn.com,Female,$765101.13,522620815,CC
829,Judy,Saunier,jsauniern0@examiner.com,Female,$683461.90,127093196,CC
830,Chantal,Penrose,cpenrosen1@washingtonpost.com,Female,$229923.88,159020419,IT
831,Shelby,Le Brom,slebromn2@cmu.edu,Female,$217018.42,503226406,PP
832,Sarge,Radeliffe,sradeliffen3@apache.org,Male,$877907.57,343399326,IT
833,Parrnell,McGorley,pmcgorleyn4@yellowbook.com,Male,$244599.29,142741626,PP
834,Annamaria,Dickerson,adickersonn5@posterous.com,Female,$791286.50,485310916,CC
835,Almire,Chadney,achadneyn6@feedburner.com,Female,$782874.88,650704822,IT
836,Emelita,Chisnell,echisnelln7@mysql.com,Female,$326397.50,270264652,PP
837,Domenico,Grubb,dgrubbn8@artisteer.com,Male,$314794.89,977351414,IT
838,Barty,Gobolos,bgobolosn9@dyndns.org,Male,$572024.95,5720847,PP
839,Gilligan,Alldre,galldrena@wordpress.com,Female,$585947.72,702848971,CC
840,Isabella,Wardrop,iwardropnb@zimbio.com,Female,$804379.51,1029678188,PP
841,Gwenore,Edwicke,gedwickenc@psu.edu,Female,$733055.73,887569848,PP
842,Evangelin,Sneaker,esneakernd@ucoz.ru,Female,$172595.36,130352646,PP
843,Jefferson,Zoren,jzorenne@geocities.jp,Male,$118637.30,807542870,PP
844,Guinna,Enochsson,genochssonnf@devhub.com,Female,$727497.32,537245954,CC
845,Yule,Loosely,ylooselyng@shop-pro.jp,Male,$692096.34,256632352,IT
846,Gerhard,M'Chirrie,gmchirrienh@addtoany.com,Male,$955817.23,36857403,PP
847,Lem,Mahy,lmahyni@elegantthemes.com,Male,$818303.03,846425615,IT
848,Harman,Bayman,hbaymannj@netlog.com,Male,$377911.93,34747224,PP
849,Idalina,Boustead,ibousteadnk@prnewswire.com,Female,$381952.46,657867345,PP
850,Willi,Greder,wgredernl@shinystat.com,Female,$102005.18,603207480,CC
851,Tan,Berthel,tberthelnm@fc2.com,Male,$599545.48,380977903,PP
852,Miltie,Elsley,melsleynn@auda.org.au,Male,$674445.69,293183485,IT
853,Kean,Boays,kboaysno@google.nl,Male,$220145.53,10969646,IT
854,Norbert,Rosenstiel,nrosenstielnp@paginegialle.it,Male,$585345.85,140801102,PP
855,Tyrus,Cawker,tcawkernq@loc.gov,Male,$795184.65,11977406,IT
856,Shaine,Cosbey,scosbeynr@google.com.br,Male,$155169.85,882225592,IT
857,Shem,Thiem,sthiemns@mozilla.org,Male,$216946.30,153879626,PP
858,Correy,Reinhard,creinhardnt@google.es,Female,$353505.79,272544310,IT
859,Rupert,Wickman,rwickmannu@wikimedia.org,Male,$232178.13,69094440,PP
860,Francis,Arondel,farondelnv@auda.org.au,Male,$917668.34,621898580,IT
861,Chaddy,Pace,cpacenw@java.com,Male,$539167.29,339917951,CC
862,Gherardo,Townby,gtownbynx@ning.com,Male,$615604.73,1019883483,IT
863,Leighton,Marlow,lmarlowny@ycombinator.com,Male,$751854.94,443394553,PP
864,Rance,Lent,rlentnz@shop-pro.jp,Male,$197943.08,627178445,PP
865,Trixi,Tatchell,ttatchello0@wordpress.org,Female,$692968.82,150301503,CC
866,Hubie,Del Monte,hdelmonteo1@cdc.gov,Male,$519687.77,629655961,PP
867,Sonja,Patsall,spatsallo2@fda.gov,Female,$811348.89,787783587,IT
868,Guenna,St. Leger,gstlegero3@devhub.com,Female,$407945.41,658206933,IT
869,Cchaddie,Harrisson,charrissono4@trellian.com,Male,$488536.44,1000312149,CC
870,Ebeneser,Flack,eflacko5@pinterest.com,Male,$971922.30,287512236,CC
871,Reinwald,Kondrat,rkondrato6@cyberchimps.com,Male,$845067.88,928152743,IT
872,Dicky,Ditchfield,dditchfieldo7@wix.com,Male,$995869.21,344330527,IT
873,Haroun,Bolderoe,hbolderoeo8@behance.net,Male,$851648.73,179246108,PP
874,Sela,Britto,sbrittoo9@sbwire.com,Female,$835880.92,365709360,PP
875,Carlin,Espinas,cespinasoa@google.es,Male,$713568.17,641437889,IT
876,Marshall,Hymer,mhymerob@histats.com,Male,$979301.86,640864154,CC
877,Eugenia,Andriveau,eandriveauoc@blog.com,Female,$370735.43,814350001,PP
878,Barbe,Kille,bkilleod@cmu.edu,Female,$708902.13,588893682,CC
879,Lutero,Jenner,ljenneroe@fda.gov,Male,$650353.75,958391480,PP
880,Faulkner,Finden,ffindenof@dion.ne.jp,Male,$332340.08,195684426,IT
881,Ellary,Moffet,emoffetog@linkedin.com,Male,$906236.37,732262503,IT
882,Donny,Gymblett,dgymblettoh@foxnews.com,Male,$661138.27,996663331,PP
883,Noach,Alelsandrovich,nalelsandrovichoi@joomla.org,Male,$496895.05,484141726,CC
884,Rock,Grisedale,rgrisedaleoj@bing.com,Male,$731061.58,519667848,CC
885,Catarina,Stoffers,cstoffersok@shop-pro.jp,Female,$648320.80,585440445,PP
886,Con,Kingsbury,ckingsburyol@yolasite.com,Male,$764535.41,596388133,PP
887,Whit,Holstein,wholsteinom@indiegogo.com,Male,$101876.43,568946933,PP
888,Rikki,Critoph,rcritophon@zdnet.com,Female,$454473.81,909079882,PP
889,Gail,Keyser,gkeyseroo@wikia.com,Male,$390815.60,472246911,CC
890,Sebastiano,Vicker,svickerop@lulu.com,Male,$353213.43,270443272,CC
891,Minnie,Ketch,mketchoq@mediafire.com,Female,$154376.68,801408264,IT
892,Marillin,Parlett,mparlettor@infoseek.co.jp,Female,$556091.35,640680382,PP
893,Imogen,Pinck,ipinckos@shutterfly.com,Female,$119651.86,520881936,PP
894,Agnese,Heardman,aheardmanot@friendfeed.com,Female,$853419.62,615999072,IT
895,Suzie,Attridge,sattridgeou@themeforest.net,Female,$352630.70,504389193,CC
896,Haven,Jenney,hjenneyov@theglobeandmail.com,Male,$408554.10,958231123,IT
897,Frank,Piele,fpieleow@alibaba.com,Male,$329755.91,692179503,PP
898,Zebedee,Calbaithe,zcalbaitheox@baidu.com,Male,$204123.83,251987322,CC
899,Koralle,Mearns,kmearnsoy@dyndns.org,Female,$465965.01,921171162,CC
900,Homer,Pickover,hpickoveroz@etsy.com,Male,$819732.57,261296583,IT
901,Jude,Gieraths,jgierathsp0@berkeley.edu,Male,$139716.01,565911213,PP
902,Ker,Tosh,ktoshp1@alexa.com,Male,$120889.48,734666008,IT
903,Keeley,Lailey,klaileyp2@ezinearticles.com,Female,$841490.86,427137551,PP
904,Aleksandr,Pailin,apailinp3@histats.com,Male,$256604.41,723385321,PP
905,Velma,Prozescky,vprozesckyp4@oaic.gov.au,Female,$392779.89,983205978,CC
906,Scotti,Thrustle,sthrustlep5@cdc.gov,Male,$549749.04,332698098,IT
907,Kesley,Butterley,kbutterleyp6@ebay.co.uk,Female,$552141.84,16475527,IT
908,Pansy,Pawnsford,ppawnsfordp7@netscape.com,Female,$536140.44,785006197,IT
909,Wilhelm,Yea,wyeap8@mapy.cz,Male,$528837.38,469490564,IT
910,Leonardo,Berridge,lberridgep9@dell.com,Male,$702112.03,620048342,CC
911,Lilly,Petrichat,lpetrichatpa@soundcloud.com,Female,$740439.71,831796153,PP
912,Matthias,Maffioni,mmaffionipb@si.edu,Male,$569175.66,1014064991,CC
913,Normie,Calway,ncalwaypc@mapquest.com,Male,$683903.20,505244682,PP
914,Paige,Inglesfield,pinglesfieldpd@ted.com,Female,$863219.18,392366057,PP
915,Stephi,Beurich,sbeurichpe@tmall.com,Female,$557433.83,60919288,PP
916,Bruce,Sherrington,bsherringtonpf@google.pl,Male,$420285.58,954119773,IT
917,Claresta,Wagg,cwaggpg@wix.com,Female,$396317.16,650658140,PP
918,Marshall,Marshalleck,mmarshalleckph@ovh.net,Male,$665413.05,847557955,PP
919,Dalli,Tembey,dtembeypi@storify.com,Male,$566447.62,1042725562,IT
920,Ondrea,Crocken,ocrockenpj@slate.com,Female,$705230.75,27128390,CC
921,Ezequiel,Ikins,eikinspk@cbc.ca,Male,$481883.50,459287483,PP
922,Miltie,Turnock,mturnockpl@plala.or.jp,Male,$880743.84,333105528,PP
923,Ki,Dinzey,kdinzeypm@accuweather.com,Female,$194545.99,743970821,CC
924,Sula,Horrod,shorrodpn@irs.gov,Female,$732508.90,460072944,CC
925,Christen,Kirwood,ckirwoodpo@dagondesign.com,Female,$675714.37,727706402,CC
926,Carolina,Thorn,cthornpp@weebly.com,Female,$164775.52,565894790,IT
927,Horatius,Leivesley,hleivesleypq@mlb.com,Male,$183249.25,115164304,CC
928,Johann,Glenton,jglentonpr@slashdot.org,Male,$490986.49,434989770,IT
929,Tommie,Stanbridge,tstanbridgeps@tumblr.com,Female,$730874.08,696276444,CC
930,Chevalier,Cleaton,ccleatonpt@cbsnews.com,Male,$995600.58,223932072,CC
931,Finlay,Tapton,ftaptonpu@nymag.com,Male,$929139.77,620133641,IT
932,Tandy,Donoghue,tdonoghuepv@ucoz.ru,Female,$190062.21,430123148,PP
933,Burnard,Waleran,bwaleranpw@ezinearticles.com,Male,$796810.77,39054795,IT
934,Sabra,Davison,sdavisonpx@canalblog.com,Female,$690830.88,404155522,IT
935,Joann,Gresty,jgrestypy@is.gd,Female,$755543.50,497461165,CC
936,Joyan,Barrett,jbarrettpz@ocn.ne.jp,Female,$115297.98,708141633,IT
937,Danny,Fennick,dfennickq0@paypal.com,Female,$244998.43,509488507,CC
938,Anjela,Gazey,agazeyq1@usnews.com,Female,$567314.71,355559275,PP
939,Zulema,Embling,zemblingq2@linkedin.com,Female,$579420.42,247227974,CC
940,Andros,Benz,abenzq3@scientificamerican.com,Male,$466065.16,1042020903,CC
941,Orbadiah,Brinsden,obrinsdenq4@com.com,Male,$613347.95,574113811,CC
942,Jennee,Mackneis,jmackneisq5@list-manage.com,Female,$795188.60,398488173,IT
943,Deane,Willwood,dwillwoodq6@geocities.com,Male,$684860.12,469814184,CC
944,Vachel,Ingerith,vingerithq7@desdev.cn,Male,$898123.49,995998354,PP
945,Krissie,Spoor,kspoorq8@yolasite.com,Female,$110562.81,738165333,IT
946,Michelle,Meaddowcroft,mmeaddowcroftq9@google.cn,Female,$906024.70,79782931,IT
947,Yetty,Elliss,yellissqa@networkadvertising.org,Female,$390164.45,809311440,PP
948,Caressa,Heyball,cheyballqb@diigo.com,Female,$663336.66,147333538,CC
949,Margret,McRamsey,mmcramseyqc@arizona.edu,Female,$907763.68,927273724,IT
950,Yancy,Matiebe,ymatiebeqd@sbwire.com,Male,$755142.02,241520043,PP
951,Kelvin,Lissandri,klissandriqe@amazon.co.jp,Male,$773831.62,903568110,IT
952,Katinka,Wreford,kwrefordqf@opera.com,Female,$502764.70,762372929,IT
953,Arlette,Eliot,aeliotqg@yolasite.com,Female,$774439.67,763953205,CC
954,Murray,Russen,mrussenqh@odnoklassniki.ru,Male,$982378.55,783069433,PP
955,Evy,Yoseloff,eyoseloffqi@bbb.org,Female,$179356.98,806664065,PP
956,Gothart,Beneteau,gbeneteauqj@yellowpages.com,Male,$920723.67,978760565,CC
957,Della,Langmaid,dlangmaidqk@washington.edu,Female,$473676.64,500512008,PP
958,Kizzee,Iaduccelli,kiaduccelliql@cisco.com,Female,$745673.01,718066158,PP
959,Gradeigh,Siflet,gsifletqm@cpanel.net,Male,$271639.25,356503343,PP
960,Kanya,Wyon,kwyonqn@usa.gov,Female,$790669.40,1039848072,CC
961,Marna,Brewse,mbrewseqo@ucsd.edu,Female,$799026.29,832437355,PP
962,Ninette,Ricket,nricketqp@reverbnation.com,Female,$585522.32,819058252,IT
963,See,Pull,spullqq@dailymotion.com,Male,$238485.88,887319285,IT
964,Brunhilde,Dowson,bdowsonqr@jigsy.com,Female,$896910.88,913874582,IT
965,Bryan,Dinzey,bdinzeyqs@odnoklassniki.ru,Male,$258680.98,31426799,PP
966,Stoddard,Crosse,scrosseqt@yellowbook.com,Female,$840537.88,326020290,CC
967,Karlan,Langcaster,klangcasterqu@engadget.com,Male,$186043.12,487655032,PP
968,Cristiano,Kensitt,ckensittqv@meetup.com,Male,$538067.79,663841383,PP
969,Cacilie,Overshott,covershottqw@jugem.jp,Female,$172358.82,917396125,PP
970,Devina,Vanezis,dvanezisqx@bloglines.com,Female,$112310.94,579045388,IT
971,Jeanne,Nerne,jnerneqy@cbsnews.com,Female,$146726.57,727449478,IT
972,Claudetta,Balden,cbaldenqz@mozilla.org,Female,$408234.90,608713738,PP
973,Amara,Lober,aloberr0@kickstarter.com,Female,$824359.74,410456398,IT
974,Roselle,McLaughlan,rmclaughlanr1@arizona.edu,Female,$486775.84,340702179,PP
975,Nonnah,Ferretti,nferrettir2@deviantart.com,Female,$678170.51,444258764,PP
976,Guillermo,Keppin,gkeppinr3@cnbc.com,Male,$155903.40,715140510,PP
977,Sheridan,Simnor,ssimnorr4@rambler.ru,Male,$479617.46,826054258,IT
978,Gabriell,Fawlkes,gfawlkesr5@mail.ru,Female,$805586.31,562231543,CC
979,Alastair,Akerman,aakermanr6@skyrock.com,Male,$478104.36,570656005,CC
980,Ramsay,Gillbanks,rgillbanksr7@furl.net,Male,$320229.19,167193762,IT
981,Alfy,Tinkler,atinklerr8@opera.com,Female,$491368.60,240282795,CC
982,Ari,Miettinen,amiettinenr9@booking.com,Male,$488694.73,961148651,IT
983,Adrian,Bowton,abowtonra@ft.com,Female,$378014.86,1001803592,IT
984,Dayle,Dow,ddowrb@google.com.au,Female,$107420.14,759421608,IT
985,Mattie,Cocks,mcocksrc@tinypic.com,Female,$752381.56,447701992,IT
986,Earl,Robathon,erobathonrd@feedburner.com,Male,$676516.19,37985070,IT
987,Jourdain,Linstead,jlinsteadre@nationalgeographic.com,Male,$895796.00,403365797,IT
988,Myles,Gerling,mgerlingrf@cdc.gov,Male,$825337.76,685614891,PP
989,Dar,Roust,droustrg@addthis.com,Male,$527074.77,66109624,CC
990,Oren,Wormleighton,owormleightonrh@printfriendly.com,Male,$389741.24,497927918,IT
991,Tan,Chaster,tchasterri@exblog.jp,Male,$254388.91,137720912,PP
992,Imojean,Earlam,iearlamrj@auda.org.au,Female,$495508.06,51173527,CC
993,Raffaello,Ervin,rervinrk@parallels.com,Male,$931469.33,522315418,IT
994,Belle,Outlaw,boutlawrl@moonfruit.com,Female,$796652.55,973301482,CC
995,Merle,Archer,marcherrm@github.io,Female,$280175.46,644806227,PP
996,Winn,Leupoldt,wleupoldtrn@wordpress.org,Male,$879011.47,866934985,PP
997,Nappie,Annon,nannonro@princeton.edu,Male,$582874.20,585183899,PP
998,Moria,Ivanchenkov,mivanchenkovrp@dot.gov,Female,$579794.26,189677134,IT
999,Gisela,Aveyard,gaveyardrq@symantec.com,Female,$111789.18,472858017,IT
1000,Tootsie,O'Gaven,togavenrr@loc.gov,Female,$387077.95,15554923,PP
