id,nombre,apellido,email,genero,valor_tx,numero_identificacion,tipo_identificacion
1,Yovonnda,Forson,yforson0@cafepress.com,Female,$669582.83,475563897,CC
2,Brnaby,O'Hartagan,bohartagan1@marriott.com,Male,$408267.50,323957514,IT
3,Justinn,Lindemann,jlindemann2@tripod.com,Female,$504026.39,119614142,PP
4,Urbanus,Ranscomb,uranscomb3@npr.org,Male,$145213.17,820357068,IT
5,Freddy,Garretson,fgarretson4@howstuffworks.com,Male,$401426.69,149960589,IT
6,Nita,Bridywater,nbridywater5@umich.edu,Female,$530485.15,181404461,IT
7,Kendrick,Enterlein,kenterlein6@yahoo.co.jp,Male,$987279.79,769478478,PP
8,Domeniga,Brocket,dbrocket7@comcast.net,Female,$517783.55,498198650,CC
9,Joane,Grove,jgrove8@princeton.edu,Female,$649021.28,156534437,IT
10,Gerrard,Jansa,gjansa9@ask.com,Male,$569682.40,764834695,CC
11,Vanna,Durand,vduranda@about.me,Female,$457233.10,848460549,IT
12,Jacques,Lindeman,jlindemanb@wordpress.com,Male,$864429.36,163581241,IT
13,Wrennie,Caslett,wcaslettc@adobe.com,Female,$414886.17,278759458,PP
14,Natalee,Aim,naimd@goo.ne.jp,Female,$191266.05,618206224,PP
15,Erv,Bault,ebaulte@diigo.com,Male,$962044.66,47043091,CC
16,Catlaina,Erik,cerikf@irs.gov,Female,$794069.11,848050487,CC
17,Othello,Wrigley,owrigleyg@pinterest.com,Male,$542341.38,303887780,PP
18,Kathye,Ferrelli,kferrellih@reuters.com,Female,$911569.09,41194407,PP
19,Conny,Pevie,cpeviei@hugedomains.com,Male,$240774.44,715824294,CC
20,Agustin,Mochar,amocharj@cloudflare.com,Male,$568971.75,565853221,CC
21,Emmalynne,Scotchforth,escotchforthk@businessweek.com,Female,$119321.06,262787588,PP
22,Northrup,Geillier,ngeillierl@prlog.org,Male,$635102.67,87325725,PP
23,Elisha,Adriaan,eadriaanm@is.gd,Male,$209222.80,542530205,IT
24,Nesta,Petersen,npetersenn@gov.uk,Female,$946510.37,937263265,CC
25,Donal,Motten,dmotteno@sphinn.com,Male,$471322.73,936862792,CC
26,Lee,Rodgman,lrodgmanp@mayoclinic.com,Male,$375128.22,434698336,CC
27,Jany,Claypool,jclaypoolq@elegantthemes.com,Female,$666124.81,388172307,PP
28,Blanche,Strike,bstriker@shutterfly.com,Female,$453064.61,725308960,PP
29,Vince,Crannach,vcrannachs@auda.org.au,Male,$765706.49,25216619,CC
30,Blanche,Royall,broyallt@sfgate.com,Female,$365690.90,353791990,IT
31,Blane,Depke,bdepkeu@hostgator.com,Male,$795560.74,389282682,CC
32,Leonelle,Jeffryes,ljeffryesv@tripadvisor.com,Female,$617787.16,209783121,CC
33,Nichole,Alexandre,nalexandrew@state.gov,Female,$423215.41,414780370,IT
34,Darline,Fitzroy,dfitzroyx@amazon.de,Female,$436069.87,791752862,CC
35,Amity,Chastey,achasteyy@twitpic.com,Female,$447086.55,204254159,IT
36,Tommie,Taillant,ttaillantz@technorati.com,Male,$935903.76,840876094,IT
37,Pepita,Kleinholz,pkleinholz10@reuters.com,Female,$937541.89,42404641,PP
38,Tisha,Risbridger,trisbridger11@hhs.gov,Female,$765436.37,480096880,CC
39,Tamera,Matushevich,tmatushevich12@comsenz.com,Female,$924247.41,767592194,PP
40,Branden,Twitchett,btwitchett13@newsvine.com,Male,$584489.11,489132137,PP
41,Ravi,Eary,reary14@weebly.com,Male,$718763.70,488278098,IT
42,Janenna,Gillino,jgillino15@aboutads.info,Female,$420105.55,941160503,PP
43,Packston,Di Boldi,pdiboldi16@cisco.com,Male,$291059.05,900821828,IT
44,Donica,Pflieger,dpflieger17@networksolutions.com,Female,$775867.54,706064795,PP
45,Dannye,Tremain,dtremain18@hud.gov,Female,$868212.86,11102860,PP
46,Gale,Shadbolt,gshadbolt19@deviantart.com,Female,$223394.23,922131443,PP
47,Sallee,Cockley,scockley1a@amazon.com,Female,$930188.94,416729083,IT
48,Taite,Brogini,tbrogini1b@live.com,Male,$367671.05,1021427546,IT
49,Alvis,Rubega,arubega1c@tiny.cc,Male,$985622.53,783072749,IT
50,Nikki,Barrell,nbarrell1d@lulu.com,Male,$795088.44,450478334,IT
51,Madel,Wilkie,mwilkie1e@weather.com,Female,$572562.45,311206067,PP
52,Gaspar,Hatrick,ghatrick1f@state.tx.us,Male,$656644.11,75574551,CC
53,Bendicty,Langfat,blangfat1g@lycos.com,Male,$972789.34,940535168,IT
54,Mahmud,Astall,mastall1h@scribd.com,Male,$924835.45,132593331,PP
55,Alonso,Pearce,apearce1i@geocities.com,Male,$736235.96,947915686,CC
56,Paxton,Ibbeson,pibbeson1j@who.int,Male,$530478.00,637349877,IT
57,Barbey,Labet,blabet1k@liveinternet.ru,Female,$922528.73,661070215,PP
58,Charlton,Readings,creadings1l@newyorker.com,Male,$603549.28,679530361,PP
59,Janie,Bottrill,jbottrill1m@dell.com,Female,$874300.05,908116881,CC
60,Gideon,Merrigans,gmerrigans1n@nps.gov,Male,$632282.24,649830672,CC
61,Meriel,Schleswig-Holstein,mschleswigholstein1o@admin.ch,Female,$626909.77,195650385,IT
62,Cris,Baybutt,cbaybutt1p@yahoo.com,Male,$240589.60,510626440,PP
63,Katharine,Twell,ktwell1q@yahoo.com,Female,$544215.62,553321014,PP
64,Talyah,O'Crotty,tocrotty1r@addtoany.com,Female,$983086.33,337304499,IT
65,Ozzy,Rochelle,orochelle1s@marketwatch.com,Male,$859627.02,479158112,IT
66,Wendi,Manssuer,wmanssuer1t@imgur.com,Female,$220777.94,162437290,IT
67,Calla,Hedges,chedges1u@ftc.gov,Female,$494133.94,144403961,PP
68,Matthiew,Westmore,mwestmore1v@cbslocal.com,Male,$987413.45,991728480,CC
69,Prisca,Hillett,phillett1w@foxnews.com,Female,$289413.57,33984821,PP
70,Brigitte,Minchinton,bminchinton1x@drupal.org,Female,$819161.95,999980789,CC
71,Lorens,Harbor,lharbor1y@stanford.edu,Male,$203066.60,852971620,CC
72,Bevan,Tobias,btobias1z@ebay.com,Male,$406841.98,408127645,CC
73,Enriqueta,Gates,egates20@networksolutions.com,Female,$185785.64,532259586,CC
74,Eberhard,Harsent,eharsent21@cyberchimps.com,Male,$363904.46,135011562,CC
75,Sibyl,Ragate,sragate22@taobao.com,Male,$673865.55,725579035,CC
76,Iorgos,Krauss,ikrauss23@state.tx.us,Male,$138971.55,323111769,IT
77,Melinde,Swayland,mswayland24@yahoo.co.jp,Female,$727609.50,658770704,PP
78,Shanan,McCaughey,smccaughey25@digg.com,Male,$692825.27,910343633,PP
79,Emilio,Osband,eosband26@patch.com,Male,$912131.67,340117929,CC
80,Cam,Staig,cstaig27@feedburner.com,Male,$441638.41,231522502,CC
81,Prescott,Rizzello,prizzello28@japanpost.jp,Male,$103446.95,725677489,IT
82,Pia,Basil,pbasil29@purevolume.com,Female,$832482.11,783168815,CC
83,Rivy,Druett,rdruett2a@cargocollective.com,Female,$952332.06,959583870,PP
84,Blair,Tatteshall,btatteshall2b@npr.org,Female,$185486.10,511744237,CC
85,Bevvy,Wheadon,bwheadon2c@businesswire.com,Female,$260430.80,459237856,IT
86,Aile,Cawsey,acawsey2d@jalbum.net,Female,$856293.49,1046715798,IT
87,Lucias,Burnie,lburnie2e@walmart.com,Male,$399266.93,713653178,CC
88,Bev,Secretan,bsecretan2f@quantcast.com,Female,$569705.17,463504604,CC
89,Eduardo,Brideoke,ebrideoke2g@census.gov,Male,$629191.16,126835689,CC
90,Basia,Utteridge,butteridge2h@cloudflare.com,Female,$436126.74,283399215,PP
91,Cristie,Underhill,cunderhill2i@joomla.org,Female,$329148.32,210328960,CC
92,Kandace,Sanbroke,ksanbroke2j@patch.com,Female,$840514.31,437454854,IT
93,Jourdan,Bowlesworth,jbowlesworth2k@microsoft.com,Female,$226446.66,535465905,CC
94,Anderea,Aikman,aaikman2l@usgs.gov,Female,$856674.22,243381942,CC
95,Griselda,Paladini,gpaladini2m@accuweather.com,Female,$794677.53,182449091,IT
96,Erastus,Lohan,elohan2n@mozilla.org,Male,$244695.34,879551341,PP
97,Ronalda,Goade,rgoade2o@answers.com,Female,$629882.71,885488542,PP
98,Merrielle,Monk,mmonk2p@seesaa.net,Female,$415429.19,943180455,IT
99,Deanna,Stillwell,dstillwell2q@shareasale.com,Female,$342696.57,450840472,PP
100,Zachary,Croisdall,zcroisdall2r@huffingtonpost.com,Male,$928220.15,459263759,PP
101,Everett,Longmaid,elongmaid2s@nsw.gov.au,Male,$639900.78,515613792,IT
102,Desmund,Ellul,dellul2t@twitpic.com,Male,$485088.97,294474504,IT
103,Helen,Alcott,halcott2u@technorati.com,Female,$412825.53,740077106,PP
104,Jefferey,McGourty,jmcgourty2v@issuu.com,Male,$739687.30,319833932,PP
105,Gunther,Leward,gleward2w@nifty.com,Male,$359500.69,393288186,IT
106,Renado,Lowdeane,rlowdeane2x@springer.com,Male,$186234.66,944709529,PP
107,Angel,Ridwood,aridwood2y@t.co,Female,$913080.75,616399006,PP
108,Frasier,Dunster,fdunster2z@sciencedaily.com,Male,$808346.87,448307109,PP
109,Josh,Teacy,jteacy30@jugem.jp,Male,$172189.32,725735399,IT
110,William,Hacquard,whacquard31@plala.or.jp,Male,$236175.03,447650706,PP
111,Frants,Camamill,fcamamill32@fc2.com,Male,$215341.19,422509071,PP
112,Gregg,Wattins,gwattins33@alexa.com,Male,$521177.65,46210811,PP
113,Teresina,Yerbury,tyerbury34@squidoo.com,Female,$863887.95,247863297,PP
114,Lewes,Aslett,laslett35@mapy.cz,Male,$718256.34,486435823,IT
115,Lark,Gimbrett,lgimbrett36@joomla.org,Female,$639656.28,1001687059,IT
116,Pamela,Dyte,pdyte37@google.es,Female,$345685.92,592786493,CC
117,Carlita,Woodyeare,cwoodyeare38@bloglovin.com,Female,$842429.30,462158207,CC
118,Alissa,Ruckhard,aruckhard39@wordpress.org,Female,$483525.71,772154817,CC
119,Erhard,Alenichev,ealenichev3a@google.nl,Male,$551082.64,441644220,PP
120,Milena,Regglar,mregglar3b@opera.com,Female,$707301.13,1023896504,IT
121,Willamina,Beamish,wbeamish3c@blogtalkradio.com,Female,$419927.85,808296363,CC
122,Leeann,Skerritt,lskerritt3d@examiner.com,Female,$432238.09,812414598,PP
123,Glenine,Bette,gbette3e@myspace.com,Female,$377536.52,856661212,CC
124,Megen,Wearne,mwearne3f@privacy.gov.au,Female,$607558.27,385724815,PP
125,Risa,Whithalgh,rwhithalgh3g@apple.com,Female,$332373.85,735271081,IT
126,Eydie,Khotler,ekhotler3h@ucoz.com,Female,$305907.46,122978477,CC
127,Dorene,Hollow,dhollow3i@ted.com,Female,$626500.37,997649023,PP
128,Kiri,Gwinn,kgwinn3j@livejournal.com,Female,$157106.47,24226856,PP
129,Kelvin,Moyser,kmoyser3k@posterous.com,Male,$781028.23,297781764,PP
130,Allx,Fanton,afanton3l@springer.com,Female,$595025.24,916903876,IT
131,Renelle,Isabell,risabell3m@china.com.cn,Female,$726063.27,645338491,CC
132,Brigham,Mairs,bmairs3n@fema.gov,Male,$877956.94,636302191,IT
133,Jillene,Allen,jallen3o@icio.us,Female,$850570.87,538176539,PP
134,Jamil,Lambole,jlambole3p@omniture.com,Male,$320892.53,708165516,IT
135,Riordan,Nickols,rnickols3q@ning.com,Male,$889554.99,355056090,CC
136,Gwendolen,Blune,gblune3r@mtv.com,Female,$528842.00,696639032,IT
137,Edyth,O'Dreain,eodreain3s@europa.eu,Female,$736277.34,308586453,PP
138,Mirelle,Marconi,mmarconi3t@elpais.com,Female,$155562.85,895869645,IT
139,Shalne,Trask,strask3u@prnewswire.com,Female,$283583.03,567380880,IT
140,Leonelle,Tysall,ltysall3v@nasa.gov,Female,$779625.38,1044548787,IT
141,Franky,Osgordby,fosgordby3w@yahoo.co.jp,Female,$677771.41,824818001,CC
142,Sandye,Willwood,swillwood3x@networksolutions.com,Female,$764220.76,821578024,IT
143,Galvin,Yeiles,gyeiles3y@wiley.com,Male,$975604.15,1025782161,CC
144,Marney,Tanswill,mtanswill3z@cargocollective.com,Female,$903162.74,332678066,PP
145,Renard,Wace,rwace40@gnu.org,Male,$938414.99,814959325,PP
146,Jeremie,Vlahos,jvlahos41@deviantart.com,Male,$292505.27,833882594,IT
147,Clementine,Ducarne,cducarne42@cnn.com,Female,$750674.38,605045784,IT
148,Peria,Riolfo,priolfo43@marriott.com,Female,$757698.47,935984391,PP
149,Suzy,Demageard,sdemageard44@a8.net,Female,$970347.27,116139329,CC
150,Lindsay,Salvador,lsalvador45@cnet.com,Male,$171620.47,934583608,CC
151,Teodoor,Lots,tlots46@eventbrite.com,Male,$795350.59,923897496,CC
152,Jinny,Kauffman,jkauffman47@go.com,Female,$357707.84,444285073,IT
153,Ethan,Aucutt,eaucutt48@fda.gov,Male,$433391.22,242993744,PP
154,Ethelin,Baglow,ebaglow49@eventbrite.com,Female,$893156.55,77267470,CC
155,Luis,Vondra,lvondra4a@tripod.com,Male,$704205.45,943199014,IT
156,Lewes,Scinelli,lscinelli4b@ezinearticles.com,Male,$908869.93,474630956,IT
157,Laina,Greenstock,lgreenstock4c@edublogs.org,Female,$849218.47,726096577,PP
158,Syman,Bacchus,sbacchus4d@hexun.com,Male,$897469.34,466087008,IT
159,Rollo,Lumsdaine,rlumsdaine4e@opera.com,Male,$221230.93,801465156,CC
160,Lilia,Dik,ldik4f@cbsnews.com,Female,$446198.78,566683811,IT
161,Darcey,Girdlestone,dgirdlestone4g@google.de,Female,$375499.42,592279083,IT
162,Gussie,Skellen,gskellen4h@de.vu,Female,$272109.48,716663821,IT
163,Obidiah,De Vuyst,odevuyst4i@weibo.com,Male,$725887.92,415768601,IT
164,Marlow,Helliwell,mhelliwell4j@constantcontact.com,Male,$305405.75,167286251,IT
165,Aime,Guinan,aguinan4k@live.com,Female,$857598.52,1016840408,PP
166,Almira,Gildersleaves,agildersleaves4l@webs.com,Female,$662750.14,277160157,PP
167,Marco,Hullbrook,mhullbrook4m@cocolog-nifty.com,Male,$799587.35,589202077,CC
168,Dory,Edinboro,dedinboro4n@woothemes.com,Male,$283554.48,491115347,CC
169,Sabra,Duigenan,sduigenan4o@youtube.com,Female,$488966.30,671966272,IT
170,Ephrayim,Flooks,eflooks4p@shop-pro.jp,Male,$194832.93,323314079,PP
171,Mace,Duly,mduly4q@discuz.net,Male,$637303.37,974167593,PP
172,Abigale,Shivlin,ashivlin4r@nhs.uk,Female,$327866.32,615975775,CC
173,Elia,Vokes,evokes4s@t.co,Male,$413396.25,221899276,PP
174,Ruthi,Holberry,rholberry4t@answers.com,Female,$714036.92,857196819,PP
175,Jeri,Koopman,jkoopman4u@rakuten.co.jp,Female,$999131.19,646904110,CC
176,Vilhelmina,Cay,vcay4v@woothemes.com,Female,$336317.20,860281678,PP
177,Shirline,Merryweather,smerryweather4w@yahoo.co.jp,Female,$333829.97,117612205,CC
178,Christie,Niezen,cniezen4x@nbcnews.com,Female,$524050.30,877915497,PP
179,Korie,Lavallin,klavallin4y@admin.ch,Female,$791798.18,995793969,IT
180,Anett,Ridolfi,aridolfi4z@google.es,Female,$506765.87,490432444,PP
181,Ricky,Scriviner,rscriviner50@webmd.com,Female,$851895.88,731611745,PP
182,Orville,Grimbleby,ogrimbleby51@odnoklassniki.ru,Male,$484342.80,143003331,CC
183,Holli,Ingold,hingold52@china.com.cn,Female,$575821.37,450018502,CC
184,Alex,Andell,aandell53@latimes.com,Female,$876450.29,490472444,CC
185,Sherman,Ubanks,subanks54@printfriendly.com,Male,$144567.53,856733929,CC
186,Holt,Wonfor,hwonfor55@va.gov,Male,$900797.29,812118386,PP
187,Cherin,Camocke,ccamocke56@walmart.com,Female,$649833.98,173488962,CC
188,Nonnah,Chander,nchander57@bbc.co.uk,Female,$898407.22,63998539,IT
189,Dede,Hanratty,dhanratty58@apple.com,Female,$555542.24,413667615,PP
190,Agretha,McLafferty,amclafferty59@bbc.co.uk,Female,$540038.81,175904736,CC
191,Pietro,Duckit,pduckit5a@shop-pro.jp,Male,$840733.15,793148791,IT
192,Ladonna,Martinovic,lmartinovic5b@vistaprint.com,Female,$618224.10,87366549,PP
193,Maribelle,Keynes,mkeynes5c@bigcartel.com,Female,$724869.11,661016274,PP
194,Joelie,Lebreton,jlebreton5d@buzzfeed.com,Female,$696427.22,289942585,CC
195,Dulciana,Rushford,drushford5e@prlog.org,Female,$363537.71,784547092,PP
196,Harri,Huey,hhuey5f@feedburner.com,Female,$514570.04,637231034,CC
197,Rhys,Goligly,rgoligly5g@mozilla.com,Male,$556274.36,355962288,IT
198,Frederique,Wolstenholme,fwolstenholme5h@cargocollective.com,Female,$614625.12,1007785525,IT
199,Rozamond,Catling,rcatling5i@live.com,Female,$254825.93,189032214,PP
200,Erastus,Shottin,eshottin5j@mozilla.org,Male,$966217.57,836422837,PP
201,Elladine,Moir,emoir5k@archive.org,Female,$135515.79,15079285,CC
202,Michael,Fairley,mfairley5l@who.int,Male,$272561.72,188073112,IT
203,Brittney,Bance,bbance5m@europa.eu,Female,$305360.27,597303683,CC
204,Amandi,Eble,aeble5n@netscape.com,Female,$448863.00,343920567,PP
205,Rochester,Jacks,rjacks5o@prweb.com,Male,$700544.96,345445036,PP
206,Harald,Brisse,hbrisse5p@weather.com,Male,$277367.73,466012004,CC
207,Nikolai,Sleightholme,nsleightholme5q@pbs.org,Male,$675672.85,766861627,PP
208,Cy,Aseef,caseef5r@51.la,Male,$164318.28,132532552,PP
209,Ashlan,McCorkell,amccorkell5s@loc.gov,Female,$895202.21,892989097,CC
210,Ari,Obee,aobee5t@mtv.com,Male,$574938.41,139104978,CC
211,Jenelle,Cescotti,jcescotti5u@oracle.com,Female,$756765.57,821423120,CC
212,Alaine,Shakesby,ashakesby5v@springer.com,Female,$546539.70,606282317,PP
213,Anna,Luttgert,aluttgert5w@nature.com,Female,$901064.44,591406761,PP
214,Gene,Sybbe,gsybbe5x@irs.gov,Female,$483535.16,518392052,IT
215,Tabbi,O'Corrane,tocorrane5y@addthis.com,Female,$574036.53,840956593,CC
216,Stanton,How,show5z@ed.gov,Male,$934668.38,161889898,CC
217,Federica,Mayston,fmayston60@google.it,Female,$575714.39,900201993,PP
218,Arlin,Brandino,abrandino61@delicious.com,Male,$474727.85,115162198,PP
219,Elizabet,Robardley,erobardley62@weibo.com,Female,$537945.45,46550921,IT
220,Pepi,Solland,psolland63@diigo.com,Female,$215331.66,468222311,IT
221,Becca,Warbrick,bwarbrick64@sciencedaily.com,Female,$195258.12,824263748,IT
222,Haley,Fentem,hfentem65@rakuten.co.jp,Male,$689350.68,1030691738,PP
223,Alec,Febvre,afebvre66@miibeian.gov.cn,Male,$953184.06,985698306,IT
224,Carrie,Partener,cpartener67@springer.com,Female,$983501.11,710306769,CC
225,Hill,Atack,hatack68@csmonitor.com,Male,$396656.35,659519363,PP
226,Raeann,Reye,rreye69@narod.ru,Female,$168839.07,648038111,CC
227,Kelcie,Mattedi,kmattedi6a@spiegel.de,Female,$409364.16,188086230,CC
228,Sherwood,Joncic,sjoncic6b@army.mil,Male,$743134.53,827538371,IT
229,Latisha,Ducker,lducker6c@msn.com,Female,$673523.31,1046900723,PP
230,Juline,Niccolls,jniccolls6d@mysql.com,Female,$107631.54,276835926,IT
231,Happy,Vivyan,hvivyan6e@dion.ne.jp,Female,$783409.35,819059898,CC
232,Aubree,Blatchford,ablatchford6f@nifty.com,Female,$287284.96,635437311,IT
233,Caryl,Jahnig,cjahnig6g@reddit.com,Male,$784352.50,651686161,IT
234,Chris,Prozescky,cprozescky6h@vimeo.com,Male,$401671.89,372527306,IT
235,Steve,Trinbey,strinbey6i@cmu.edu,Male,$750363.85,170526085,PP
236,Maddy,Geake,mgeake6j@chronoengine.com,Female,$370946.03,65289866,CC
237,Laraine,Haukey,lhaukey6k@list-manage.com,Female,$381145.44,274861693,IT
238,Edgard,Huygens,ehuygens6l@irs.gov,Male,$965593.10,420649923,PP
239,Sheffy,Binnes,sbinnes6m@google.fr,Male,$103050.57,859898516,PP
240,Aluin,Gambles,agambles6n@ca.gov,Male,$940787.25,888271808,IT
241,Arv,Casa,acasa6o@ed.gov,Male,$310538.79,324791291,CC
242,Tobit,Liebrecht,tliebrecht6p@about.me,Male,$388827.18,288969460,IT
243,Cynthie,Ropkes,cropkes6q@reverbnation.com,Female,$522481.84,973331964,CC
244,Timmie,Patient,tpatient6r@usda.gov,Male,$609847.90,839788598,IT
245,Mallorie,Weathers,mweathers6s@webeden.co.uk,Female,$638724.80,252475654,PP
246,Sabina,Underhill,sunderhill6t@si.edu,Female,$554718.28,387452931,IT
247,Nelie,Boothroyd,nboothroyd6u@pcworld.com,Female,$930303.09,971771652,IT
248,Magnum,Ruddle,mruddle6v@chron.com,Male,$923208.84,727323061,PP
249,Homere,Spratley,hspratley6w@hostgator.com,Male,$729497.57,861136512,PP
250,Anderson,Branney,abranney6x@merriam-webster.com,Male,$609091.39,605044963,IT
251,Barton,Desseine,bdesseine6y@barnesandnoble.com,Male,$568970.81,788175721,PP
252,Grazia,Lovatt,glovatt6z@earthlink.net,Female,$605834.28,765425556,CC
253,Correy,Jesper,cjesper70@nydailynews.com,Male,$539865.57,126112600,PP
254,Jo-anne,Szepe,jszepe71@stanford.edu,Female,$421886.54,556183560,IT
255,Claudina,O'Lagene,colagene72@devhub.com,Female,$277911.60,840201437,IT
256,Karmen,McGrah,kmcgrah73@soup.io,Female,$860278.32,380702379,IT
257,Miranda,Hedditch,mhedditch74@yelp.com,Female,$661295.82,155804843,CC
258,Welbie,Faughey,wfaughey75@nifty.com,Male,$552533.63,647296133,PP
259,Phillie,Bendtsen,pbendtsen76@spiegel.de,Female,$183168.60,653523769,CC
260,Lenard,Shoebridge,lshoebridge77@goo.gl,Male,$189263.51,232360135,PP
261,Der,Petzolt,dpetzolt78@drupal.org,Male,$482142.10,200886698,IT
262,Adora,Paulillo,apaulillo79@i2i.jp,Female,$308637.76,1028224817,CC
263,Udall,Hartington,uhartington7a@plala.or.jp,Male,$671460.10,388885450,CC
264,Zonnya,McFie,zmcfie7b@yellowbook.com,Female,$999385.00,260399695,IT
265,Gwenette,Carman,gcarman7c@macromedia.com,Female,$639233.25,133591979,IT
266,Madelene,Sumsion,msumsion7d@github.io,Female,$165498.16,628690690,PP
267,Borg,Cadden,bcadden7e@flavors.me,Male,$683377.17,70444048,PP
268,Niven,Zahor,nzahor7f@tuttocitta.it,Male,$790169.38,519777706,PP
269,Lynette,Bartaloni,lbartaloni7g@paginegialle.it,Female,$682578.54,337252914,CC
270,Ermengarde,Furman,efurman7h@ucsd.edu,Female,$441835.17,825954991,CC
271,Angelina,Corsor,acorsor7i@nymag.com,Female,$128119.75,970602867,PP
272,Shelby,Axworthy,saxworthy7j@apache.org,Female,$283634.34,526274704,IT
273,Aristotle,Rollitt,arollitt7k@simplemachines.org,Male,$734626.21,434641694,PP
274,Hilde,Simonetti,hsimonetti7l@amazon.co.uk,Female,$365138.35,383577638,PP
275,Lilllie,Batie,lbatie7m@homestead.com,Female,$329770.87,803491217,IT
276,Fulton,Mammatt,fmammatt7n@blogger.com,Male,$303795.75,729250175,PP
277,Roxy,Jerred,rjerred7o@mail.ru,Female,$910282.29,418699884,IT
278,Irvine,Pleasaunce,ipleasaunce7p@opera.com,Male,$807312.98,879881882,IT
279,Caryl,Montgomery,cmontgomery7q@shareasale.com,Male,$877095.05,313656301,CC
280,Christian,Bonnet,cbonnet7r@over-blog.com,Male,$545175.01,616933607,CC
281,Radcliffe,Buckie,rbuckie7s@bravesites.com,Male,$797908.35,400354548,PP
282,Karen,Gilmour,kgilmour7t@mysql.com,Female,$142969.82,641756313,CC
283,Barde,Cyples,bcyples7u@liveinternet.ru,Male,$401067.53,411229170,PP
284,Kyrstin,Mathe,kmathe7v@walmart.com,Female,$625420.97,295527857,PP
285,Morty,Piegrome,mpiegrome7w@newsvine.com,Male,$238123.84,935597299,IT
286,Averil,Massimo,amassimo7x@nydailynews.com,Male,$975565.50,555109671,PP
287,Hobie,Killough,hkillough7y@hibu.com,Male,$817493.87,334751295,IT
288,Calvin,Climance,cclimance7z@nature.com,Male,$992059.91,558642628,PP
289,Martguerita,Ovell,movell80@berkeley.edu,Female,$726945.98,689543218,IT
290,Federica,Wathey,fwathey81@yelp.com,Female,$670928.25,908886710,PP
291,Robena,Messier,rmessier82@bloomberg.com,Female,$722873.11,210585961,CC
292,Cloris,Livsey,clivsey83@surveymonkey.com,Female,$579362.71,601825359,IT
293,Willem,Palleske,wpalleske84@mail.ru,Male,$321884.92,740669366,PP
294,Gannon,Gohn,ggohn85@umich.edu,Male,$290595.90,234117184,PP
295,Seamus,Elloway,selloway86@1und1.de,Male,$149609.30,494930312,CC
296,Susy,Jarman,sjarman87@soundcloud.com,Female,$320982.72,792083704,PP
297,Colas,Furness,cfurness88@gmpg.org,Male,$784983.51,741530051,PP
298,Dominic,Grinval,dgrinval89@un.org,Male,$716882.26,358863886,PP
299,Elna,Thrower,ethrower8a@jugem.jp,Female,$850730.80,868499738,CC
300,Evy,Zupo,ezupo8b@dell.com,Female,$717131.80,9173700,IT
301,Job,Ducker,jducker8c@va.gov,Male,$305853.43,63473191,IT
302,Dorotea,Bramall,dbramall8d@i2i.jp,Female,$904496.49,947394331,CC
303,Allx,Rouke,arouke8e@kickstarter.com,Female,$417497.21,281116012,PP
304,Bradley,Windrus,bwindrus8f@usgs.gov,Male,$762441.38,676372032,PP
305,Kerr,Wilden,kwilden8g@gov.uk,Male,$945944.74,55359734,IT
306,Doe,Fulham,dfulham8h@noaa.gov,Female,$253387.38,348442070,IT
307,Alaine,Triplett,atriplett8i@sciencedirect.com,Female,$618967.41,260707388,IT
308,Jacynth,Harbinson,jharbinson8j@moonfruit.com,Female,$847460.95,718044405,PP
309,Alex,Tow,atow8k@friendfeed.com,Female,$276037.68,812789138,PP
310,Elysia,Faireclough,efaireclough8l@loc.gov,Female,$374025.46,818662002,CC
311,Anastasie,Elix,aelix8m@xinhuanet.com,Female,$110499.36,62927389,CC
312,Jemie,Wittey,jwittey8n@list-manage.com,Female,$114942.81,691070542,PP
313,Doug,Grzelczak,dgrzelczak8o@apple.com,Male,$242664.32,742232624,CC
314,Rafi,Klaves,rklaves8p@jigsy.com,Male,$565348.00,789173744,CC
315,Wendall,Rosenberger,wrosenberger8q@spiegel.de,Male,$104627.44,440822767,CC
316,Rhodie,Biddle,rbiddle8r@cbslocal.com,Female,$268056.09,1031615917,CC
317,Sansone,Lafford,slafford8s@123-reg.co.uk,Male,$665510.74,988058650,PP
318,Rem,Janway,rjanway8t@cocolog-nifty.com,Male,$369436.57,204021645,CC
319,Briano,Rosendale,brosendale8u@youku.com,Male,$624150.19,497897726,PP
320,Sunny,Gallant,sgallant8v@nbcnews.com,Male,$317358.32,962759851,IT
321,Elita,Leisk,eleisk8w@apple.com,Female,$213604.88,474089348,CC
322,Hubey,Duffit,hduffit8x@istockphoto.com,Male,$287456.10,792146471,PP
323,Eugenius,Loines,eloines8y@ucoz.com,Male,$938985.08,148672435,IT
324,Morgan,Deverill,mdeverill8z@prweb.com,Male,$939618.76,772856367,PP
325,Adelina,McKenney,amckenney90@blinklist.com,Female,$892668.91,164297417,PP
326,Flore,Caldwall,fcaldwall91@bbb.org,Female,$771660.95,231424539,PP
327,Susannah,Coal,scoal92@tinypic.com,Female,$353748.20,629655830,PP
328,Quentin,Leguay,qleguay93@miibeian.gov.cn,Female,$409085.93,888668655,IT
329,Morganne,Lansdown,mlansdown94@answers.com,Female,$158907.19,1049846452,CC
330,Baily,Mant,bmant95@w3.org,Male,$772468.12,685330882,CC
331,Lauri,D'Hooghe,ldhooghe96@google.com,Female,$713635.16,821710779,IT
332,Jermain,Dengate,jdengate97@yandex.ru,Male,$265868.57,515747850,PP
333,Wayland,Waterhous,wwaterhous98@google.com.au,Male,$521187.38,294474185,PP
334,Corbin,Birchall,cbirchall99@kickstarter.com,Male,$173713.66,586183600,IT
335,Carmelita,Rountree,crountree9a@twitter.com,Female,$581669.87,619494347,CC
336,Delainey,Duxbarry,dduxbarry9b@webnode.com,Male,$552892.53,978450345,IT
337,Reinold,Clemerson,rclemerson9c@multiply.com,Male,$188381.03,702521602,PP
338,Carmella,Geekie,cgeekie9d@java.com,Female,$838775.88,928347249,IT
339,Muffin,Ruffles,mruffles9e@mlb.com,Female,$578755.27,285942494,CC
340,Dolf,Janse,djanse9f@cafepress.com,Male,$637663.58,73226150,PP
341,Davie,Pennoni,dpennoni9g@discovery.com,Male,$905374.87,301086819,IT
342,Lorene,Swaffield,lswaffield9h@bing.com,Female,$297085.27,110927504,CC
343,Whit,Spybey,wspybey9i@privacy.gov.au,Male,$970512.04,106313579,IT
344,Joannes,Joye,jjoye9j@sohu.com,Female,$336282.80,1020280634,IT
345,Malory,Coveley,mcoveley9k@dropbox.com,Female,$131300.21,539273956,IT
346,Reube,Clearley,rclearley9l@marriott.com,Male,$487018.27,848455450,IT
347,Pavel,Fewtrell,pfewtrell9m@hatena.ne.jp,Male,$659757.43,974588752,CC
348,Quint,Almond,qalmond9n@ed.gov,Male,$104318.80,549020593,CC
349,Dominick,Lineker,dlineker9o@businessinsider.com,Male,$421310.16,442224148,IT
350,Lanny,Alner,lalner9p@com.com,Male,$854173.58,408837366,CC
351,Charleen,Jarvis,cjarvis9q@comcast.net,Female,$413266.89,500902194,IT
352,Jarred,Castagneto,jcastagneto9r@hatena.ne.jp,Male,$603171.19,629787575,CC
353,Marin,Dunks,mdunks9s@microsoft.com,Female,$725148.19,547750049,PP
354,Gusty,Delmage,gdelmage9t@goo.gl,Female,$234302.33,860852501,IT
355,Christye,Nickoles,cnickoles9u@surveymonkey.com,Female,$316503.78,580107451,CC
356,Noby,Krolik,nkrolik9v@imgur.com,Male,$692619.59,429293774,IT
357,Louella,Ivasechko,livasechko9w@washington.edu,Female,$188431.84,20965178,CC
358,Lazarus,Ovill,lovill9x@github.io,Male,$962115.30,215974735,CC
359,Charleen,Spall,cspall9y@reverbnation.com,Female,$979227.40,604115989,IT
360,Alonzo,Allabush,aallabush9z@amazonaws.com,Male,$178164.54,621290426,CC
361,Umberto,Greening,ugreeninga0@time.com,Male,$794269.59,801905324,IT
362,Helga,Rodbourne,hrodbournea1@mozilla.org,Female,$731437.16,563878163,PP
363,Bradley,Ortell,bortella2@digg.com,Male,$613514.08,163336452,PP
364,Sheelah,Dungate,sdungatea3@webmd.com,Female,$415416.88,87226357,PP
365,Rhys,Cotmore,rcotmorea4@cnn.com,Male,$696348.21,585534162,PP
366,Andriette,Bricklebank,abricklebanka5@usatoday.com,Female,$948120.73,227511341,CC
367,Linnet,Caze,lcazea6@stumbleupon.com,Female,$576022.47,835448627,IT
368,Rafe,Trimmell,rtrimmella7@123-reg.co.uk,Male,$947927.26,641757620,PP
369,Damaris,Hassan,dhassana8@weather.com,Female,$257746.81,369098489,IT
370,Parker,Waith,pwaitha9@icio.us,Male,$488113.34,388537197,IT
371,Tarrance,Moorhead,tmoorheadaa@time.com,Male,$286800.37,528267444,CC
372,Bird,Orteaux,borteauxab@reuters.com,Female,$477081.61,212172619,CC
373,Max,Avrashin,mavrashinac@hatena.ne.jp,Female,$211246.02,470518080,PP
374,Gardie,Londsdale,glondsdalead@nyu.edu,Male,$729741.68,661984431,PP
375,Valentia,Egle,vegleae@earthlink.net,Female,$346786.82,73385485,CC
376,Artemus,Strangward,astrangwardaf@lycos.com,Male,$712792.03,691307133,CC
377,Erminia,Oswick,eoswickag@npr.org,Female,$717151.67,432802399,PP
378,Ronnie,Normabell,rnormabellah@networksolutions.com,Male,$213493.97,700979293,IT
379,Michel,Rodliff,mrodliffai@posterous.com,Male,$279984.23,435657611,PP
380,Rodolfo,Doxsey,rdoxseyaj@last.fm,Male,$746754.09,672018608,IT
381,Robinett,MacNeilley,rmacneilleyak@163.com,Female,$731138.79,415866080,IT
382,Gilles,Merryman,gmerrymanal@oakley.com,Male,$732084.68,9589925,IT
383,Thaddus,Tatters,ttattersam@goo.ne.jp,Male,$676457.46,226085725,CC
384,Murdoch,Fleeman,mfleemanan@omniture.com,Male,$546709.55,333601040,PP
385,Dominic,Buddleigh,dbuddleighao@zimbio.com,Male,$771271.13,346734930,CC
386,Teador,Vigers,tvigersap@merriam-webster.com,Male,$774934.95,946124143,PP
387,Dionisio,Bishop,dbishopaq@blogspot.com,Male,$871252.53,897272663,PP
388,Sunny,Siveter,ssiveterar@census.gov,Male,$556844.45,331158309,PP
389,Gloriane,Bewshaw,gbewshawas@hatena.ne.jp,Female,$271035.99,281647128,PP
390,Sari,Bardnam,sbardnamat@1688.com,Female,$544526.85,330056198,PP
391,Bern,Gillion,bgillionau@virginia.edu,Male,$636274.01,301273074,PP
392,Sigismondo,Jenney,sjenneyav@businessweek.com,Male,$775241.63,985701874,CC
393,Wallis,Crowe,wcroweaw@dot.gov,Female,$550247.60,910773428,IT
394,Earlie,Wychard,ewychardax@biblegateway.com,Male,$869687.14,708762420,PP
395,Artus,Fulker,afulkeray@washingtonpost.com,Male,$127950.28,814684023,IT
396,Fred,Defty,fdeftyaz@soup.io,Male,$487699.01,200563339,IT
397,Rustie,Turone,rturoneb0@census.gov,Male,$453215.66,955227759,PP
398,Vidovic,Eagell,veagellb1@1und1.de,Male,$232361.07,677708755,CC
399,Nil,Rolfo,nrolfob2@uiuc.edu,Male,$928980.23,741916877,CC
400,Sylas,Willatt,swillattb3@wikimedia.org,Male,$674537.71,770280659,IT
401,Nettle,Thomelin,nthomelinb4@alexa.com,Female,$913103.73,364285732,PP
402,Diane,Sanchez,dsanchezb5@bloglovin.com,Female,$512790.62,602302464,PP
403,Carver,Avramovsky,cavramovskyb6@furl.net,Male,$247179.77,171454868,CC
404,Reuven,Meadway,rmeadwayb7@weather.com,Male,$367369.57,178720713,IT
405,Cash,Cuddehy,ccuddehyb8@live.com,Male,$763935.80,233034082,IT
406,Madison,Healks,mhealksb9@yellowpages.com,Male,$608105.49,222952245,IT
407,Aigneis,Ciementini,aciementiniba@ucla.edu,Female,$776166.50,653254158,CC
408,Ber,McKenna,bmckennabb@nydailynews.com,Male,$542312.50,99669240,CC
409,Drugi,Merit,dmeritbc@ycombinator.com,Male,$362605.44,171598157,PP
410,Marrissa,Penner,mpennerbd@marriott.com,Female,$104499.60,580823567,IT
411,Albert,Tomaello,atomaellobe@rediff.com,Male,$345821.76,140845362,CC
412,Tedmund,Ricardet,tricardetbf@imageshack.us,Male,$823774.15,1011305992,CC
413,Avrit,Conkay,aconkaybg@va.gov,Female,$787328.30,62805456,IT
414,Averill,Budget,abudgetbh@bloomberg.com,Male,$398647.96,902587871,CC
415,Wesley,Leipold,wleipoldbi@uol.com.br,Male,$565828.80,736315683,PP
416,George,Emsley,gemsleybj@mapquest.com,Female,$758751.60,345614217,CC
417,Cyndy,Ashworth,cashworthbk@jiathis.com,Female,$326291.44,105694280,CC
418,Huntington,Le Gassick,hlegassickbl@jiathis.com,Male,$232188.79,547985900,PP
419,Loni,MacConnel,lmacconnelbm@unesco.org,Female,$634523.46,1042588563,PP
420,Fabien,Cleen,fcleenbn@huffingtonpost.com,Male,$857105.68,786728889,PP
421,Hyatt,Birdfield,hbirdfieldbo@1und1.de,Male,$600394.94,461157410,IT
422,Walther,Boc,wbocbp@acquirethisname.com,Male,$558091.96,166128559,IT
423,Germain,Cleeve,gcleevebq@slashdot.org,Female,$493247.57,590420237,PP
424,Artemus,Waite,awaitebr@macromedia.com,Male,$295911.79,138809590,CC
425,Portia,Garrique,pgarriquebs@netlog.com,Female,$820647.98,365910989,CC
426,Brok,Wallbridge,bwallbridgebt@free.fr,Male,$890567.95,1006799404,IT
427,Corney,Thornewell,cthornewellbu@e-recht24.de,Male,$806593.85,188979591,IT
428,Ches,Binne,cbinnebv@umn.edu,Male,$781953.86,428707427,IT
429,Barth,Ansteys,bansteysbw@huffingtonpost.com,Male,$735790.50,921902709,IT
430,Adrianne,Ivankin,aivankinbx@jimdo.com,Female,$196022.45,575847902,CC
431,Raquel,Corradeschi,rcorradeschiby@slate.com,Female,$349467.71,672248438,IT
432,Prudence,Shelmardine,pshelmardinebz@cocolog-nifty.com,Female,$385980.44,363363456,CC
433,Purcell,Bonnick,pbonnickc0@dmoz.org,Male,$873586.85,166446167,PP
434,Willi,Bowling,wbowlingc1@technorati.com,Female,$609255.75,356467900,PP
435,Stefano,Rooney,srooneyc2@bing.com,Male,$294252.46,939018792,CC
436,Gwendolyn,McGown,gmcgownc3@bloglines.com,Female,$974751.56,868839367,CC
437,Carolan,Straker,cstrakerc4@marketwatch.com,Female,$585399.51,719768645,IT
438,Ryun,Foynes,rfoynesc5@java.com,Male,$971447.51,179617430,IT
439,Alejandra,Goddman,agoddmanc6@phoca.cz,Female,$184289.47,854252153,CC
440,Marcus,Swapp,mswappc7@furl.net,Male,$804233.99,824373163,IT
441,Julio,Mil,jmilc8@bbb.org,Male,$393030.53,434239116,PP
442,Elden,Gudgin,egudginc9@angelfire.com,Male,$905421.22,342635978,CC
443,Anica,Crinion,acrinionca@biblegateway.com,Female,$277788.14,680857719,IT
444,Patin,Screase,pscreasecb@163.com,Male,$777669.71,993051869,CC
445,Herb,Kilvington,hkilvingtoncc@telegraph.co.uk,Male,$124630.75,1013162537,PP
446,Tadd,Davidow,tdavidowcd@ucoz.ru,Male,$749095.09,413123285,IT
447,Abba,Parmenter,aparmenterce@ihg.com,Male,$471103.83,550170218,CC
448,Marjorie,Rablan,mrablancf@cnn.com,Female,$893173.38,529918325,PP
449,Arleta,Walding,awaldingcg@de.vu,Female,$420514.01,558054939,IT
450,Padget,Sillwood,psillwoodch@amazon.co.jp,Male,$513283.65,925854281,PP
451,Andres,McCreery,amccreeryci@github.io,Male,$657404.56,729307826,PP
452,Bernelle,Rapley,brapleycj@bigcartel.com,Female,$909793.19,1005889692,IT
453,Bobinette,Vass,bvassck@so-net.ne.jp,Female,$944063.96,883390773,PP
454,Carolan,Payfoot,cpayfootcl@imageshack.us,Female,$794722.01,202423489,IT
455,Denny,Preist,dpreistcm@wufoo.com,Female,$443358.87,844618455,PP
456,Arlana,Langfat,alangfatcn@i2i.jp,Female,$979924.74,581556925,IT
457,Colver,Murrill,cmurrillco@army.mil,Male,$334360.87,775502759,IT
458,Caz,Tomanek,ctomanekcp@scientificamerican.com,Male,$320774.45,33488668,PP
459,Birk,Toffts,btofftscq@nps.gov,Male,$197110.66,685747939,IT
460,Flossie,Banbrick,fbanbrickcr@japanpost.jp,Female,$339463.75,316409237,PP
461,Vinny,Axford,vaxfordcs@virginia.edu,Male,$910435.14,84099578,CC
462,Sunny,Bygrove,sbygrovect@tinyurl.com,Male,$115589.90,616247837,IT
463,Kelcy,Bassham,kbasshamcu@booking.com,Female,$673565.12,525194696,IT
464,Tressa,Picard,tpicardcv@ucoz.com,Female,$560359.13,706885483,IT
465,Barbey,Farloe,bfarloecw@sohu.com,Female,$229807.14,793349451,PP
466,Humphrey,Larway,hlarwaycx@quantcast.com,Male,$403349.89,1031692228,IT
467,Ulla,O'Sheeryne,uosheerynecy@edublogs.org,Female,$422421.10,840968481,CC
468,Lana,Lippiello,llippiellocz@pagesperso-orange.fr,Female,$881460.62,387487484,PP
469,Tod,Spark,tsparkd0@nba.com,Male,$971162.46,969857604,CC
470,Rand,Szapiro,rszapirod1@nhs.uk,Male,$206365.71,527920092,CC
471,Tabbi,Arderne,tarderned2@house.gov,Female,$194859.35,142494836,CC
472,Marji,Addie,maddied3@altervista.org,Female,$786428.53,61905549,CC
473,Henrie,Bresland,hbreslandd4@themeforest.net,Female,$354143.01,844102987,PP
474,Jocko,Penquet,jpenquetd5@sciencedirect.com,Male,$780611.40,900851237,PP
475,Chaddy,Gray,cgrayd6@sakura.ne.jp,Male,$510355.77,688519107,CC
476,Vivianne,Matokhnin,vmatokhnind7@instagram.com,Female,$859015.94,554463286,CC
477,Lodovico,Cleland,lclelandd8@smugmug.com,Male,$139801.47,266215329,PP
478,Stanwood,Manis,smanisd9@amazon.co.jp,Male,$357022.18,232537024,PP
479,Homerus,Davidge,hdavidgeda@fda.gov,Male,$530584.20,369981802,PP
480,Veronique,Bagworth,vbagworthdb@army.mil,Female,$793746.62,977871146,IT
481,Elvira,Loades,eloadesdc@cisco.com,Female,$205765.93,847529925,PP
482,Moore,Lounds,mloundsdd@umich.edu,Male,$974953.19,765979431,CC
483,Hamil,Korn,hkornde@techcrunch.com,Male,$841044.67,273918259,IT
484,Joshia,McDugal,jmcdugaldf@boston.com,Male,$447618.38,862957844,PP
485,Jorrie,Phillp,jphillpdg@kickstarter.com,Female,$744585.56,669982407,IT
486,Townsend,Marchand,tmarchanddh@ocn.ne.jp,Male,$109637.43,993170016,PP
487,Ruthi,Broseman,rbrosemandi@bloglines.com,Female,$594715.02,736579566,IT
488,Dara,Brachell,dbrachelldj@google.es,Female,$583894.52,113196344,CC
489,Shannon,Morrott,smorrottdk@behance.net,Female,$703520.30,963265408,CC
490,Hobart,Copyn,hcopyndl@cam.ac.uk,Male,$814039.96,894552444,IT
491,Luci,Gothrup,lgothrupdm@technorati.com,Female,$686169.83,857190025,IT
492,Bibi,Titterell,btitterelldn@hexun.com,Female,$565843.41,210151627,CC
493,Berna,Hanburry,bhanburrydo@surveymonkey.com,Female,$571615.86,234492925,PP
494,Janella,Leppingwell,jleppingwelldp@cargocollective.com,Female,$206516.37,558258969,CC
495,Cleavland,Riggert,criggertdq@jimdo.com,Male,$240322.67,948754743,PP
496,Reginald,Cale,rcaledr@homestead.com,Male,$866989.33,1002112110,PP
497,Curtis,Shakeshaft,cshakeshaftds@columbia.edu,Male,$427309.08,260100740,PP
498,Dill,Kettow,dkettowdt@mapy.cz,Male,$573732.85,518179888,CC
499,Margot,Beggan,mbeggandu@who.int,Female,$891469.09,560127793,CC
500,Ortensia,Stedall,ostedalldv@webeden.co.uk,Female,$501661.62,223899474,IT
501,Vivien,Sargison,vsargisondw@narod.ru,Female,$303418.71,984890183,PP
502,Wally,Domelow,wdomelowdx@webnode.com,Male,$975355.22,832036379,IT
503,Jude,Copyn,jcopyndy@goo.ne.jp,Male,$162472.89,851578008,IT
504,Mason,Grenville,mgrenvilledz@nps.gov,Male,$476452.77,145667007,IT
505,Holly,Eliff,heliffe0@netvibes.com,Male,$601484.67,179701876,PP
506,Tiebold,Ogbourne,togbournee1@nyu.edu,Male,$914913.45,356844715,CC
507,Flem,Rowth,frowthe2@huffingtonpost.com,Male,$847391.85,86794482,CC
508,Malinda,Kausche,mkauschee3@nationalgeographic.com,Female,$781578.41,842049280,CC
509,Joete,Rosander,jrosandere4@nature.com,Female,$358390.00,790158849,IT
510,Selby,Molohan,smolohane5@walmart.com,Male,$423876.35,875697330,PP
511,Delinda,Breinl,dbreinle6@cnet.com,Female,$651563.97,767221103,IT
512,Cathryn,Chadwell,cchadwelle7@bbb.org,Female,$887864.28,16862780,PP
513,Laney,Aucott,laucotte8@marketwatch.com,Female,$294031.61,612937141,IT
514,Thacher,Denyagin,tdenyagine9@toplist.cz,Male,$273302.39,956707353,PP
515,Luelle,Grossman,lgrossmanea@harvard.edu,Female,$322181.87,810455298,CC
516,Fanchon,Heinemann,fheinemanneb@ucla.edu,Female,$798932.04,196038915,CC
517,Halimeda,Kinnett,hkinnettec@google.com.au,Female,$538440.92,796640603,PP
518,Ives,Oertzen,ioertzened@tinyurl.com,Male,$995482.82,1005428031,CC
519,Hamlin,Healing,hhealingee@nifty.com,Male,$185790.65,528628083,PP
520,Jacintha,Palek,jpalekef@state.gov,Female,$460888.23,631480143,IT
521,Allyson,Mountcastle,amountcastleeg@symantec.com,Female,$924616.21,728356907,IT
522,Ahmed,Ezele,aezeleeh@sun.com,Male,$179887.05,147567209,IT
523,Price,O'Duggan,podugganei@de.vu,Male,$971666.46,1039712149,CC
524,Maris,Giovanni,mgiovanniej@rambler.ru,Female,$643019.95,885465762,CC
525,Alfy,Tompkin,atompkinek@npr.org,Male,$545371.70,888589592,PP
526,Michaeline,Pinchin,mpinchinel@oracle.com,Female,$185088.86,354002259,PP
527,Rozamond,Aucoate,raucoateem@gizmodo.com,Female,$366138.43,211049260,PP
528,Minnnie,Roget,mrogeten@theatlantic.com,Female,$620597.91,11208033,PP
529,Shea,Coetzee,scoetzeeeo@dell.com,Female,$883289.93,583244155,PP
530,Jacquie,Monery,jmoneryep@tuttocitta.it,Female,$587945.19,594593742,CC
531,Marijo,Regis,mregiseq@amazon.co.uk,Female,$498745.12,523977454,PP
532,Janene,O'Henehan,johenehaner@dmoz.org,Female,$346507.57,857661308,IT
533,Uta,Storck,ustorckes@wix.com,Female,$600695.43,173492178,PP
534,Delano,Bernasek,dbernaseket@ebay.co.uk,Male,$377041.69,70551990,CC
535,Ettie,Brayley,ebrayleyeu@indiatimes.com,Female,$770274.65,508004256,CC
536,Jena,Chapelhow,jchapelhowev@bravesites.com,Female,$482886.67,542066442,CC
537,Mateo,Franckton,mfrancktonew@howstuffworks.com,Male,$284791.43,170865128,PP
538,Fredra,Dik,fdikex@imdb.com,Female,$930035.17,377107244,IT
539,Alana,Rentz,arentzey@netscape.com,Female,$503409.76,216035123,PP
540,Larissa,Fretwell,lfretwellez@ca.gov,Female,$871155.89,553904729,IT
541,Devland,Heaney,dheaneyf0@cbslocal.com,Male,$302319.40,449367968,PP
542,Nikolas,Hurn,nhurnf1@netlog.com,Male,$642182.60,34154816,PP
543,Catarina,Kilshall,ckilshallf2@howstuffworks.com,Female,$392208.54,50644724,CC
544,Bernetta,Huffa,bhuffaf3@google.co.jp,Female,$519319.69,265961227,PP
545,Mei,Amyes,mamyesf4@earthlink.net,Female,$175612.91,569409504,CC
546,Isis,Giffaut,igiffautf5@nps.gov,Female,$937144.84,801638874,PP
547,Crawford,Burrell,cburrellf6@un.org,Male,$144972.15,483658223,CC
548,Giff,Garioch,ggariochf7@soundcloud.com,Male,$303943.06,764460849,IT
549,Amalle,Murrison,amurrisonf8@state.gov,Female,$562905.37,366600703,CC
550,Corty,Aleksandrov,caleksandrovf9@admin.ch,Male,$757321.55,694982255,CC
551,Neron,Morphet,nmorphetfa@msu.edu,Male,$670118.30,822890171,PP
552,Cory,Malt,cmaltfb@netscape.com,Female,$689961.89,997568326,PP
553,Mariquilla,Mervyn,mmervynfc@webeden.co.uk,Female,$737622.76,432838949,IT
554,Rosaleen,Grigoryev,rgrigoryevfd@cnn.com,Female,$262665.12,432581038,CC
555,Karisa,Bruckner,kbrucknerfe@smh.com.au,Female,$839067.25,480084030,IT
556,Bertine,Giacobilio,bgiacobilioff@home.pl,Female,$142610.23,834518881,IT
557,Quint,Bresland,qbreslandfg@who.int,Male,$417037.91,214226953,CC
558,Sutton,Cona,sconafh@webs.com,Male,$947657.11,1021361582,IT
559,Penrod,Climson,pclimsonfi@bing.com,Male,$690180.68,836062363,PP
560,Barby,Dallin,bdallinfj@issuu.com,Female,$982837.48,952583999,CC
561,Jonah,Grasha,jgrashafk@eepurl.com,Male,$395800.81,121569708,PP
562,Isador,Muncey,imunceyfl@indiegogo.com,Male,$721770.98,563091032,PP
563,Timmy,Oxterby,toxterbyfm@cdbaby.com,Female,$675947.74,979105590,PP
564,Jenelle,Skipperbottom,jskipperbottomfn@nydailynews.com,Female,$367261.82,889801940,IT
565,Nicki,Justis,njustisfo@mapquest.com,Female,$309556.15,715141149,IT
566,Laurette,Bundock,lbundockfp@msn.com,Female,$830038.41,877794546,PP
567,Miner,Alessandretti,malessandrettifq@amazon.co.jp,Male,$103284.23,776602649,IT
568,Zahara,Travis,ztravisfr@blogspot.com,Female,$716502.73,862015490,IT
569,Sashenka,Denacamp,sdenacampfs@acquirethisname.com,Female,$342568.83,58278340,CC
570,Ernesto,Itscovitz,eitscovitzft@1688.com,Male,$681526.83,148356619,IT
571,Raddy,Albiston,ralbistonfu@e-recht24.de,Male,$911740.96,154734314,IT
572,Fara,Fowles,ffowlesfv@zimbio.com,Female,$381801.14,800765922,IT
573,Eldin,Chazette,echazettefw@4shared.com,Male,$572835.38,836579201,CC
574,Glori,Daveley,gdaveleyfx@ebay.com,Female,$141398.19,659112432,PP
575,Elianore,Maynell,emaynellfy@engadget.com,Female,$725283.52,1000057792,CC
576,Nonnah,Shatliffe,nshatliffefz@engadget.com,Female,$667942.24,1014101516,CC
577,Sarajane,Kubec,skubecg0@163.com,Female,$817301.82,316094641,CC
578,Gauthier,Guyonnet,gguyonnetg1@blogtalkradio.com,Male,$817578.90,496688187,CC
579,Damian,Eburne,deburneg2@ow.ly,Male,$619573.88,430102593,PP
580,Errol,Firks,efirksg3@privacy.gov.au,Male,$556429.07,993020766,IT
581,Eli,Pau,epaug4@google.pl,Male,$420922.32,401541405,PP
582,Normie,Gittis,ngittisg5@epa.gov,Male,$691730.75,532513111,CC
583,Olympie,Honnicott,ohonnicottg6@slashdot.org,Female,$336253.76,928032399,IT
584,Cissiee,Kundert,ckundertg7@prnewswire.com,Female,$370178.44,902277880,IT
585,Morgun,Gittose,mgittoseg8@exblog.jp,Male,$820144.32,255650355,CC
586,Aura,Phelip,aphelipg9@jalbum.net,Female,$451626.34,1015740675,IT
587,Steffane,Freeborne,sfreebornega@boston.com,Female,$108966.91,753990175,CC
588,Casey,Brannigan,cbrannigangb@cdbaby.com,Male,$785219.67,409037612,PP
589,Marcelle,Evanson,mevansongc@netscape.com,Female,$709279.50,782573985,PP
590,Sharlene,Gwin,sgwingd@hugedomains.com,Female,$808609.87,485365314,CC
591,Zena,Tomashov,ztomashovge@chronoengine.com,Female,$488662.37,15575090,IT
592,Orrin,Fridd,ofriddgf@geocities.jp,Male,$701739.47,103282139,IT
593,Rosanna,Onn,ronngg@dmoz.org,Female,$842553.61,431107740,CC
594,Worthington,McKinless,wmckinlessgh@stumbleupon.com,Male,$576568.03,727997857,PP
595,Stern,Balfre,sbalfregi@eventbrite.com,Male,$493903.01,218861478,PP
596,Benedicto,Thame,bthamegj@gov.uk,Male,$320250.64,50922232,CC
597,Timmy,Agar,tagargk@mapquest.com,Male,$559841.04,656286395,PP
598,Tammie,Rickersy,trickersygl@bbc.co.uk,Male,$173432.85,137073614,IT
599,Demott,Blundell,dblundellgm@engadget.com,Male,$852344.94,599242210,PP
600,Hilario,Degli Antoni,hdegliantonign@independent.co.uk,Male,$112552.81,552910605,IT
601,Evan,Neaverson,eneaversongo@reuters.com,Male,$728689.34,874072050,PP
602,Arabelle,Pilipyak,apilipyakgp@dion.ne.jp,Female,$129317.12,732956684,IT
603,Hazlett,Attoe,hattoegq@de.vu,Male,$621989.25,1029676205,IT
604,Dulce,Bartosch,dbartoschgr@chron.com,Female,$503077.48,869671184,CC
605,Chiquia,Leathard,cleathardgs@cbc.ca,Female,$338231.51,250027221,IT
606,Elayne,Lewcock,elewcockgt@liveinternet.ru,Female,$284349.41,463329208,IT
607,Francisca,Wiggett,fwiggettgu@hud.gov,Female,$480176.52,562431716,IT
608,Rickie,Conechie,rconechiegv@ycombinator.com,Female,$212036.74,119825815,IT
609,Allyce,Gruszczak,agruszczakgw@msu.edu,Female,$853103.98,414951068,PP
610,Athena,Franzke,afranzkegx@umn.edu,Female,$911757.58,504960147,PP
611,Maddy,Hastler,mhastlergy@wix.com,Male,$154408.79,277176155,PP
612,Chiquita,Zamboniari,czamboniarigz@example.com,Female,$253664.12,830080457,PP
613,Waylen,Bescoby,wbescobyh0@pbs.org,Male,$813424.25,929541918,PP
614,Pace,Balint,pbalinth1@msu.edu,Male,$948634.08,17542701,PP
615,Christina,O'Gormley,cogormleyh2@acquirethisname.com,Female,$974564.75,1037349616,CC
616,Ileane,Easterfield,ieasterfieldh3@twitter.com,Female,$141071.49,419458808,IT
617,Anthea,Irons,aironsh4@canalblog.com,Female,$835795.69,413126371,CC
618,Onfre,Renol,orenolh5@wikia.com,Male,$742725.98,642774200,PP
619,Quinta,Alvin,qalvinh6@people.com.cn,Female,$904449.35,868142443,CC
620,Keri,Pieche,kpiecheh7@cbsnews.com,Female,$432816.96,1025577653,IT
621,Dick,Sharman,dsharmanh8@newyorker.com,Male,$604485.12,557853084,CC
622,Anabella,Dicty,adictyh9@apache.org,Female,$655945.90,771191512,PP
623,Edy,Addyman,eaddymanha@wikimedia.org,Female,$843149.14,824769750,IT
624,Carlen,Amis,camishb@noaa.gov,Female,$121998.88,1047568272,CC
625,Murray,Hayesman,mhayesmanhc@umich.edu,Male,$525950.11,539849925,PP
626,Far,Ryley,fryleyhd@state.tx.us,Male,$497491.31,209871765,IT
627,Gualterio,Wike,gwikehe@sina.com.cn,Male,$406849.75,53085300,IT
628,Lynsey,Neward,lnewardhf@squidoo.com,Female,$948707.85,961902178,CC
629,Marlon,Greenstock,mgreenstockhg@tripod.com,Male,$349308.33,388395832,IT
630,Manny,Edgeley,medgeleyhh@cafepress.com,Male,$488677.76,506802148,IT
631,Ozzie,Carolan,ocarolanhi@upenn.edu,Male,$806463.13,1013185776,PP
632,Winifred,Lamperd,wlamperdhj@hexun.com,Female,$333438.61,799298286,CC
633,Xever,Brittoner,xbrittonerhk@prnewswire.com,Male,$817179.66,615177089,IT
634,Else,Arnoud,earnoudhl@google.fr,Female,$159399.83,348713513,CC
635,Marin,Borzone,mborzonehm@nifty.com,Female,$615616.49,169439002,PP
636,Vinny,Leavy,vleavyhn@noaa.gov,Male,$195679.38,292463561,PP
637,Dexter,Tripe,dtripeho@facebook.com,Male,$624857.02,292113181,CC
638,Taite,Sturm,tsturmhp@quantcast.com,Male,$548007.93,200047803,PP
639,Nicole,Ramet,nramethq@amazon.co.jp,Female,$422842.36,948875927,IT
640,Christine,Nattriss,cnattrisshr@smugmug.com,Female,$727301.21,264750403,IT
641,Lionello,Narey,lnareyhs@archive.org,Male,$115668.93,505554003,CC
642,Lark,Scales,lscalesht@wikipedia.org,Female,$446794.33,1040986181,IT
643,Tate,Cluney,tcluneyhu@princeton.edu,Female,$212393.24,525232231,IT
644,Konstanze,Dinan,kdinanhv@github.io,Female,$895731.47,746788872,PP
645,Rutter,Woodhead,rwoodheadhw@eepurl.com,Male,$480467.55,323337746,IT
646,Issiah,Bentzen,ibentzenhx@howstuffworks.com,Male,$911464.74,920464568,PP
647,Staci,Kamiyama,skamiyamahy@house.gov,Female,$701296.97,240963674,CC
648,Ara,Bigadike,abigadikehz@sciencedirect.com,Male,$751605.85,374042604,PP
649,Alta,Murtell,amurtelli0@about.com,Female,$651654.37,600467458,IT
650,Obadias,Castiblanco,ocastiblancoi1@apache.org,Male,$586178.28,803203483,PP
651,Tabby,Dineen,tdineeni2@t-online.de,Female,$646987.95,207527540,IT
652,Berta,Blenkiron,bblenkironi3@bing.com,Female,$222149.56,65603549,PP
653,Candy,Morch,cmorchi4@statcounter.com,Female,$354483.39,739092151,PP
654,Jonah,Guidini,jguidinii5@newsvine.com,Male,$818324.70,916272545,PP
655,Durante,Rentz,drentzi6@privacy.gov.au,Male,$213836.33,939695047,PP
656,Wendeline,Shoubridge,wshoubridgei7@live.com,Female,$106587.10,537837371,PP
657,Jarrod,Smallcombe,jsmallcombei8@upenn.edu,Male,$587484.14,833321210,IT
658,Barbara,Gostall,bgostalli9@exblog.jp,Female,$201471.11,10560127,PP
659,Lemmy,Oliveras,loliverasia@godaddy.com,Male,$499323.43,495551610,CC
660,Roarke,Redding,rreddingib@behance.net,Male,$388864.38,557556922,PP
661,Tine,Christley,tchristleyic@cpanel.net,Female,$903477.81,432124668,IT
662,Lalo,Jancy,ljancyid@stanford.edu,Male,$190755.34,735218986,PP
663,Garret,Barttrum,gbarttrumie@newsvine.com,Male,$944363.40,428017860,IT
664,Carla,Melluish,cmelluishif@pinterest.com,Female,$573998.74,410769332,IT
665,Tatum,Sparling,tsparlingig@1und1.de,Female,$485140.35,818672319,PP
666,Ethelyn,Stonner,estonnerih@gravatar.com,Female,$939518.70,189008644,CC
667,Frasquito,Beazey,fbeazeyii@wp.com,Male,$974039.49,170480916,CC
668,Farand,Tustin,ftustinij@nifty.com,Female,$213962.88,496194315,IT
669,Hadrian,Jedrzejczyk,hjedrzejczykik@unc.edu,Male,$353686.19,928143224,CC
670,Joby,Kobierski,jkobierskiil@sina.com.cn,Female,$225771.00,415736035,IT
671,Alejandro,Torricina,atorricinaim@w3.org,Male,$998901.63,762361218,IT
672,Reinhold,Morris,rmorrisin@smugmug.com,Male,$499012.09,408188023,CC
673,Piper,Jolliffe,pjolliffeio@usa.gov,Female,$409224.43,617541650,PP
674,Sydney,Gannan,sgannanip@rambler.ru,Female,$842466.64,32005234,CC
675,Karlyn,Farry,kfarryiq@house.gov,Female,$702143.67,694514451,IT
676,Latrena,Winslett,lwinslettir@chron.com,Female,$385998.73,476745449,IT
677,Genny,Margrett,gmargrettis@cam.ac.uk,Female,$770203.89,127695234,CC
678,Lauralee,Koch,lkochit@list-manage.com,Female,$421823.90,940641396,CC
679,Shara,McGarrie,smcgarrieiu@google.es,Female,$856388.59,845904292,IT
680,James,Castard,jcastardiv@oracle.com,Male,$633132.96,615014464,CC
681,Estella,Dmitrovic,edmitroviciw@go.com,Female,$710750.69,563288981,IT
682,Eddie,Walesby,ewalesbyix@dailymail.co.uk,Male,$755494.54,527110398,CC
683,Cornelius,Detoc,cdetociy@phpbb.com,Male,$492748.83,108980894,CC
684,Tonnie,Heskin,theskiniz@washingtonpost.com,Male,$371451.04,627881561,PP
685,Berkie,Mengue,bmenguej0@un.org,Male,$527775.20,14422597,CC
686,Oliviero,Brumbie,obrumbiej1@scribd.com,Male,$777896.90,931816778,PP
687,Barny,Hucke,bhuckej2@cafepress.com,Male,$411244.25,103740666,PP
688,Meris,Wanden,mwandenj3@harvard.edu,Female,$928134.68,340987243,CC
689,Ardisj,Packer,apackerj4@google.com.hk,Female,$731483.77,882582541,PP
690,Rufus,Wyllie,rwylliej5@omniture.com,Male,$107190.80,292559832,CC
691,Aurore,Raye,arayej6@reuters.com,Female,$146958.26,709264715,PP
692,Yovonnda,Das,ydasj7@moonfruit.com,Female,$801213.48,578122034,PP
693,Vinni,Bendixen,vbendixenj8@networkadvertising.org,Female,$883788.49,859774353,IT
694,Mac,Frankom,mfrankomj9@utexas.edu,Male,$404139.32,507356835,PP
695,Brigid,Benedicto,bbenedictoja@geocities.com,Female,$787689.76,1014940433,IT
696,Kriste,Leiden,kleidenjb@statcounter.com,Female,$448314.92,44344526,IT
697,Zulema,Trighton,ztrightonjc@independent.co.uk,Female,$130798.73,50066440,CC
698,Emelia,Parradine,eparradinejd@usa.gov,Female,$338969.01,435994781,PP
699,Janine,Sellwood,jsellwoodje@elpais.com,Female,$311445.96,304194688,CC
700,Caye,Aspinal,caspinaljf@freewebs.com,Female,$857861.01,629555065,IT
701,Isaiah,Atwood,iatwoodjg@webnode.com,Male,$343699.73,624489773,IT
702,Gussie,Beagin,gbeaginjh@blogs.com,Female,$503353.37,941379761,PP
703,Brande,Legen,blegenji@sitemeter.com,Female,$354623.53,156864100,PP
704,Elliott,Fyldes,efyldesjj@loc.gov,Male,$343724.42,854863878,PP
705,Allx,Village,avillagejk@delicious.com,Female,$208753.07,514776883,CC
706,Shea,Koppke,skoppkejl@sun.com,Male,$548463.77,451850476,CC
707,Coletta,Nealand,cnealandjm@shop-pro.jp,Female,$418437.10,708512372,PP
708,Mord,Condliffe,mcondliffejn@cyberchimps.com,Male,$416759.28,506568616,IT
709,Yasmin,Drought,ydroughtjo@foxnews.com,Female,$776213.72,322362779,CC
710,Bradford,Kunrad,bkunradjp@nationalgeographic.com,Male,$986712.09,394452944,IT
711,Salvatore,Critch,scritchjq@vinaora.com,Male,$276150.60,992487085,IT
712,Paulie,Grewe,pgrewejr@csmonitor.com,Female,$756811.79,879537833,PP
713,Zolly,Mattedi,zmattedijs@cam.ac.uk,Male,$737959.16,78660921,IT
714,Bordie,Greave,bgreavejt@etsy.com,Male,$363075.69,883694677,PP
715,Derk,Brougham,dbroughamju@icq.com,Male,$922998.68,1044619748,IT
716,Barbara,Mulbry,bmulbryjv@github.com,Female,$508584.73,84002964,PP
717,Conroy,Brandenberg,cbrandenbergjw@infoseek.co.jp,Male,$836997.55,863393917,PP
718,Ketti,Folk,kfolkjx@bravesites.com,Female,$143963.08,998586589,CC
719,Selia,Ellesworthe,sellesworthejy@live.com,Female,$735704.65,278663986,PP
720,Salvatore,Bartaloni,sbartalonijz@vkontakte.ru,Male,$368783.28,842597064,PP
721,Adelind,Nock,anockk0@time.com,Female,$230542.43,684834427,IT
722,Hobey,Keywood,hkeywoodk1@about.me,Male,$215254.15,313575720,PP
723,Ellerey,Pidwell,epidwellk2@columbia.edu,Male,$354968.70,220479116,IT
724,Alejandro,Larmouth,alarmouthk3@aol.com,Male,$456623.26,881550842,CC
725,Sigfried,Fairn,sfairnk4@mail.ru,Male,$213915.03,1016486025,IT
726,Nicki,Bumfrey,nbumfreyk5@soundcloud.com,Female,$782981.55,761732392,PP
727,Reuven,Byrne,rbyrnek6@soup.io,Male,$722390.95,888447264,PP
728,Joane,Melliard,jmelliardk7@hexun.com,Female,$793898.49,449175824,PP
729,Rachael,Phoenix,rphoenixk8@tinyurl.com,Female,$461708.46,302630529,IT
730,Arri,Yitshak,ayitshakk9@livejournal.com,Male,$726337.11,41872056,CC
731,Lindi,Duddin,lduddinka@comsenz.com,Female,$750389.97,933581997,CC
732,Karie,Zannotelli,kzannotellikb@mac.com,Female,$268687.78,1010262827,IT
733,Sheelah,Kilian,skiliankc@jugem.jp,Female,$676056.89,119197306,IT
734,Jacky,Mattiazzi,jmattiazzikd@fotki.com,Female,$818313.30,373568476,CC
735,Manny,Tremmil,mtremmilke@accuweather.com,Male,$219302.79,486086640,PP
736,Shawn,Whitland,swhitlandkf@go.com,Male,$568466.29,119749499,PP
737,Yard,Maynard,ymaynardkg@gmpg.org,Male,$617430.73,520495622,IT
738,Joel,Tomasz,jtomaszkh@addthis.com,Male,$600850.68,780370990,PP
739,Madlin,Trime,mtrimeki@cnbc.com,Female,$600717.16,465329568,IT
740,Lovell,Stribling,lstriblingkj@cornell.edu,Male,$592855.23,47580989,CC
741,Eugenio,Hutable,ehutablekk@eepurl.com,Male,$550595.31,294383335,CC
742,Camey,Spearett,cspearettkl@narod.ru,Male,$825234.55,848945130,CC
743,Filberte,Tomasi,ftomasikm@amazon.co.jp,Male,$539354.86,165713782,PP
744,Lonnard,MacIlurick,lmacilurickkn@indiegogo.com,Male,$819430.80,748573629,IT
745,Axe,Larne,alarneko@cnbc.com,Male,$745105.71,172287745,PP
746,Humfrid,Hinkley,hhinkleykp@soundcloud.com,Male,$967199.14,201063805,PP
747,Ruby,Kunes,rkuneskq@twitter.com,Male,$713485.12,910605533,CC
748,Timi,Rountree,trountreekr@ifeng.com,Female,$805645.50,30626233,CC
749,Gretal,Gommowe,ggommoweks@newyorker.com,Female,$390405.76,972695386,CC
750,Lesly,Bissiker,lbissikerkt@plala.or.jp,Female,$175399.28,677766632,PP
751,Doris,Hartell,dhartellku@columbia.edu,Female,$711085.97,272600522,IT
752,Burty,Swann,bswannkv@alibaba.com,Male,$532954.26,447513944,PP
753,Shayla,Abelwhite,sabelwhitekw@jugem.jp,Female,$848358.96,135852379,CC
754,Myrwyn,Speariett,mspeariettkx@odnoklassniki.ru,Male,$820569.76,419179028,PP
755,Maiga,Spurling,mspurlingky@marriott.com,Female,$616089.26,771619378,CC
756,Valentijn,Mattson,vmattsonkz@wsj.com,Male,$835260.24,303607702,IT
757,Alys,Hodgon,ahodgonl0@clickbank.net,Female,$927234.61,206495673,IT
758,Jenny,Darrigrand,jdarrigrandl1@sitemeter.com,Female,$862293.72,7737880,IT
759,Raoul,Cardon,rcardonl2@bigcartel.com,Male,$972729.65,168288893,IT
760,Josepha,Wardington,jwardingtonl3@cnn.com,Female,$730331.00,700173127,CC
761,Colby,Ahrens,cahrensl4@examiner.com,Male,$364501.51,325145047,CC
762,Nickolai,Leaming,nleamingl5@wisc.edu,Male,$473554.18,266298978,PP
763,Torry,Dimont,tdimontl6@alexa.com,Male,$372119.30,288493010,PP
764,Joby,Blampied,jblampiedl7@mediafire.com,Female,$975431.83,808611079,PP
765,Lavina,Burtwhistle,lburtwhistlel8@bravesites.com,Female,$835603.66,781842441,PP
766,Darsie,Teece,dteecel9@washington.edu,Female,$419549.90,321871649,PP
767,Ki,Emig,kemigla@multiply.com,Female,$791133.48,339093354,PP
768,Wolfie,Nund,wnundlb@redcross.org,Male,$881386.33,454480037,PP
769,Adelina,Rysdale,arysdalelc@scribd.com,Female,$943245.65,855784507,PP
770,Starlin,Formby,sformbyld@dagondesign.com,Female,$123936.35,735714259,IT
771,Heinrik,Ellerbeck,hellerbeckle@addtoany.com,Male,$762513.39,115378207,PP
772,Jackelyn,O'Doireidh,jodoireidhlf@jimdo.com,Female,$552933.32,397766021,CC
773,Nike,Showler,nshowlerlg@exblog.jp,Female,$754367.42,513898595,CC
774,Idalia,Ancliffe,iancliffelh@ibm.com,Female,$606172.01,97507951,IT
775,Yorgo,Maplethorpe,ymaplethorpeli@businessweek.com,Male,$702801.52,403045790,IT
776,Saunder,Heilds,sheildslj@jiathis.com,Male,$290332.11,304039061,CC
777,Jamil,Sherratt,jsherrattlk@so-net.ne.jp,Male,$122413.11,555801160,PP
778,Boonie,Walburn,bwalburnll@domainmarket.com,Male,$894648.22,409186993,PP
779,Madlin,Tather,mtatherlm@answers.com,Female,$981683.23,466223472,CC
780,Shirlene,McCarrison,smccarrisonln@odnoklassniki.ru,Female,$674279.98,867653874,CC
781,Alic,Phebee,aphebeelo@sciencedirect.com,Male,$950297.05,89465889,IT
782,Ginger,Tossell,gtosselllp@behance.net,Male,$391343.30,946305812,CC
783,Sibelle,Hawsby,shawsbylq@dell.com,Female,$248156.83,625557097,PP
784,Harmonie,Liddell,hliddelllr@toplist.cz,Female,$876181.23,414992433,PP
785,Burk,Brookson,bbrooksonls@deliciousdays.com,Male,$962037.08,317882878,PP
786,Gallard,Arnall,garnalllt@sfgate.com,Male,$511830.04,28347517,PP
787,Omero,Culbert,oculbertlu@accuweather.com,Male,$189137.84,918301303,IT
788,L;urette,Cochet,lcochetlv@mayoclinic.com,Female,$416848.74,688482282,PP
789,Lyman,Gaunter,lgaunterlw@reverbnation.com,Male,$193138.90,47448878,IT
790,Charlena,Matzl,cmatzllx@youtube.com,Female,$593680.63,520348293,IT
791,Edwina,Foxen,efoxenly@people.com.cn,Female,$721871.99,931690253,IT
792,Joya,Reuble,jreublelz@friendfeed.com,Female,$769946.37,284602811,CC
793,Quillan,Kidby,qkidbym0@netlog.com,Male,$962207.04,922433431,PP
794,Wynn,MacLaig,wmaclaigm1@eepurl.com,Female,$199535.40,873271625,IT
795,Arabella,Cockell,acockellm2@wix.com,Female,$150205.63,595308921,CC
796,Augustine,Sasser,asasserm3@cbsnews.com,Male,$844457.86,203364835,CC
797,Kerby,Jephson,kjephsonm4@paginegialle.it,Male,$251335.99,200655111,CC
798,Harmonie,Kellock,hkellockm5@deviantart.com,Female,$297272.91,530029677,CC
799,Violette,Nadin,vnadinm6@house.gov,Female,$478038.06,958064092,PP
800,Jodie,Widdicombe,jwiddicombem7@nationalgeographic.com,Male,$522718.86,375897599,CC
801,Dewitt,Edson,dedsonm8@stumbleupon.com,Male,$720536.70,960448902,CC
802,Marji,Elie,meliem9@addtoany.com,Female,$706899.31,228682372,PP
803,Sharyl,Daveren,sdaverenma@friendfeed.com,Female,$586048.62,36462746,PP
804,Duffy,Droogan,ddrooganmb@icio.us,Male,$775970.81,150370517,CC
805,Emmott,Ayrton,eayrtonmc@reddit.com,Male,$942541.51,741420675,CC
806,Bord,Bartosinski,bbartosinskimd@noaa.gov,Male,$478055.32,537138950,CC
807,Curtis,MacKey,cmackeyme@fda.gov,Male,$498659.63,742385350,CC
808,Mike,Debold,mdeboldmf@cornell.edu,Male,$348646.81,13123934,CC
809,Vincent,MacRirie,vmacririemg@epa.gov,Male,$675699.80,236287659,PP
810,Angeli,Gealle,ageallemh@cdbaby.com,Male,$521611.12,29850156,CC
811,Tome,Brito,tbritomi@buzzfeed.com,Male,$694394.67,950215555,CC
812,Lars,Bartosch,lbartoschmj@state.tx.us,Male,$402831.36,945238893,PP
813,Leroi,Girardet,lgirardetmk@e-recht24.de,Male,$743743.09,249905609,IT
814,Blondy,Buckle,bbuckleml@tinyurl.com,Female,$180407.83,452874606,PP
815,Oswald,Scullin,oscullinmm@eepurl.com,Male,$988080.78,205444506,CC
816,Jehanna,Gonsalvo,jgonsalvomn@imageshack.us,Female,$762568.78,527449374,IT
817,Mellicent,Boards,mboardsmo@delicious.com,Female,$738462.00,582036884,CC
818,Frank,Drewery,fdrewerymp@slashdot.org,Male,$396074.88,559710260,CC
819,Zebulen,Tripp,ztrippmq@vk.com,Male,$968656.73,75890285,CC
820,Daren,Thams,dthamsmr@apache.org,Male,$124488.16,775539549,IT
821,Neale,Sheering,nsheeringms@timesonline.co.uk,Male,$891698.84,160242587,IT
822,Tracey,Puddin,tpuddinmt@ucoz.com,Male,$303545.11,1034107432,IT
823,Flss,Lefeuvre,flefeuvremu@tuttocitta.it,Female,$390054.49,120590921,PP
824,Jeremie,Le Marquand,jlemarquandmv@ca.gov,Male,$414817.70,244573278,IT
825,Aland,Trees,atreesmw@seesaa.net,Male,$192568.07,475394820,CC
826,Luca,Wicklen,lwicklenmx@tripadvisor.com,Male,$220209.21,790783075,IT
827,Saundra,Rennebeck,srennebeckmy@goodreads.com,Male,$109586.24,480068946,PP
828,Dell,Parbrook,dparbrookmz@rambler.ru,Female,$241960.75,698344292,IT
829,Abe,MacGeaney,amacgeaneyn0@blogspot.com,Male,$567780.69,69454389,IT
830,Ana,Hendrickx,ahendrickxn1@alexa.com,Female,$497964.94,676454567,CC
831,Tobe,Highton,thightonn2@bloglines.com,Male,$124331.25,976605658,PP
832,Lin,Tarpey,ltarpeyn3@ustream.tv,Female,$959450.29,328676587,CC
833,Vale,Jakuszewski,vjakuszewskin4@indiatimes.com,Female,$497032.79,764103124,PP
834,Randall,Hames,rhamesn5@topsy.com,Male,$404621.02,132385608,IT
835,Wyndham,Oldaker,woldakern6@miibeian.gov.cn,Male,$544698.47,208962714,CC
836,Virgie,Pedreschi,vpedreschin7@samsung.com,Female,$154001.70,416503803,PP
837,Rosene,Twyford,rtwyfordn8@dagondesign.com,Female,$334091.90,311718765,PP
838,Addi,Frances,afrancesn9@elegantthemes.com,Female,$849677.06,1002306671,CC
839,Peyter,Hallard,phallardna@state.tx.us,Male,$233212.71,35004688,PP
840,Gertie,St. Leger,gstlegernb@yahoo.co.jp,Female,$357420.66,801231863,PP
841,Phyllida,Landman,plandmannc@oracle.com,Female,$953237.10,394588093,PP
842,Gerard,Bowhay,gbowhaynd@nytimes.com,Male,$784094.48,118060437,CC
843,Fabian,Poppleton,fpoppletonne@tiny.cc,Male,$475855.04,574119926,CC
844,Bennett,Burbank,bburbanknf@patch.com,Male,$170611.99,473781799,CC
845,Jedidiah,Cowthart,jcowthartng@woothemes.com,Male,$649356.67,298006508,IT
846,Archibold,Probbings,aprobbingsnh@google.com.br,Male,$131094.99,733403483,CC
847,Tomi,Ouldred,touldredni@wiley.com,Female,$141685.32,661225042,PP
848,Fitzgerald,Meyer,fmeyernj@ucoz.ru,Male,$874720.37,855185612,IT
849,Analiese,Toffel,atoffelnk@weibo.com,Female,$734756.66,330397736,IT
850,Shirl,Serrurier,sserruriernl@nsw.gov.au,Female,$229918.03,575794488,CC
851,Bree,Pilmer,bpilmernm@github.com,Female,$763544.77,1039666022,PP
852,Murray,Barneville,mbarnevillenn@wikispaces.com,Male,$105398.22,819556041,IT
853,Bartolemo,Krolak,bkrolakno@scribd.com,Male,$430025.71,749181885,PP
854,Shannan,Genever,sgenevernp@exblog.jp,Male,$732961.46,118959132,IT
855,Frasquito,Donet,fdonetnq@wunderground.com,Male,$529388.87,973888963,IT
856,Kevina,Union,kunionnr@fda.gov,Female,$527933.26,1041865979,CC
857,Paddy,Clarricoates,pclarricoatesns@pinterest.com,Male,$797130.40,978782164,CC
858,Stacee,Fricke,sfrickent@tripod.com,Male,$530506.00,822304737,IT
859,Joice,Stringman,jstringmannu@eepurl.com,Female,$865297.69,1042733497,PP
860,Moselle,Daveran,mdaverannv@hubpages.com,Female,$303389.76,789661971,PP
861,Vern,Edgson,vedgsonnw@hc360.com,Male,$438158.72,891306980,IT
862,Lukas,Birchett,lbirchettnx@booking.com,Male,$736509.14,210976170,CC
863,Jackelyn,Pencost,jpencostny@wikispaces.com,Female,$943580.16,177091837,CC
864,Shepherd,Kupke,skupkenz@intel.com,Male,$833400.33,308926622,PP
865,Bronnie,Pyner,bpynero0@slate.com,Male,$582214.53,651274740,PP
866,Leola,Kinge,lkingeo1@prweb.com,Female,$509994.26,255845968,PP
867,Stephana,Guillet,sguilleto2@cnbc.com,Female,$282941.80,646370454,IT
868,Zeke,Grimsdell,zgrimsdello3@unicef.org,Male,$722162.26,647679677,IT
869,Phylis,Snedker,psnedkero4@answers.com,Female,$379677.90,136749072,IT
870,Stacy,Verriour,sverriouro5@latimes.com,Female,$572702.69,789120645,IT
871,Dickie,Meddick,dmeddicko6@amazonaws.com,Male,$809199.21,705042563,IT
872,Esra,Deekes,edeekeso7@gov.uk,Male,$925901.33,622909670,IT
873,Jimmie,Woolhouse,jwoolhouseo8@answers.com,Male,$465706.37,219227429,CC
874,Hartley,Dumphry,hdumphryo9@nps.gov,Male,$853671.63,133683640,CC
875,Jarred,Volkes,jvolkesoa@indiegogo.com,Male,$275342.80,511727444,IT
876,Debera,Kerman,dkermanob@youtu.be,Female,$525966.23,651988110,PP
877,Osbourn,Kuhnke,okuhnkeoc@github.com,Male,$635099.29,300418529,IT
878,Lorna,Pray,lprayod@ucsd.edu,Female,$133670.98,423928104,PP
879,Karol,Kervin,kkervinoe@apache.org,Female,$179198.21,306177208,PP
880,Ralf,Bentke,rbentkeof@usgs.gov,Male,$307489.02,926811264,IT
881,Pamela,Ausiello,pausielloog@ucoz.com,Female,$244270.21,1037910285,IT
882,Leon,Derwin,lderwinoh@cargocollective.com,Male,$423939.90,804269786,PP
883,Polly,Blown,pblownoi@accuweather.com,Female,$990335.12,991790327,CC
884,Yalonda,Langford,ylangfordoj@marriott.com,Female,$782927.69,964839913,CC
885,Toinette,Laugier,tlaugierok@tumblr.com,Female,$200192.43,761399488,PP
886,Tiffani,Mathew,tmathewol@multiply.com,Female,$640032.48,972564358,PP
887,Tansy,Ruckledge,truckledgeom@flavors.me,Female,$801590.25,504549189,IT
888,Giulio,Fessions,gfessionson@telegraph.co.uk,Male,$471007.48,757865095,CC
889,Gustie,Camilletti,gcamillettioo@nymag.com,Female,$314964.33,681017363,PP
890,Laurette,Alvarado,lalvaradoop@dot.gov,Female,$390161.54,480695431,PP
891,Madelle,Warmington,mwarmingtonoq@wunderground.com,Female,$429728.91,256127698,PP
892,Maryrose,Christal,mchristalor@wikia.com,Female,$561544.43,781394006,PP
893,Elianore,Garmey,egarmeyos@chicagotribune.com,Female,$752413.88,712324332,PP
894,Rosalie,Collumbell,rcollumbellot@nbcnews.com,Female,$257244.28,834607943,IT
895,Karlis,Bladder,kbladderou@msn.com,Male,$277803.25,542067378,PP
896,Nevile,Wonfor,nwonforov@pagesperso-orange.fr,Male,$726889.44,764711841,PP
897,Pearl,Seefeldt,pseefeldtow@vk.com,Female,$400192.94,253591888,PP
898,Wayne,Spores,wsporesox@sohu.com,Male,$467401.40,124231772,PP
899,Nat,Clitheroe,nclitheroeoy@apache.org,Male,$967813.19,510483395,IT
900,Leanor,Merrgen,lmerrgenoz@oracle.com,Female,$260038.58,87755204,CC
901,Blayne,Catto,bcattop0@jimdo.com,Male,$610305.80,604280288,PP
902,Ker,Spohrmann,kspohrmannp1@google.cn,Male,$671476.01,790185108,IT
903,Faun,Gallichan,fgallichanp2@usda.gov,Female,$772599.39,448008663,IT
904,Percival,Paley,ppaleyp3@techcrunch.com,Male,$486291.02,608302454,IT
905,Tomaso,Lenham,tlenhamp4@berkeley.edu,Male,$395351.64,109209422,IT
906,Alexandr,Ewebank,aewebankp5@list-manage.com,Male,$355012.81,353393370,CC
907,Dolph,Thynn,dthynnp6@globo.com,Male,$863006.75,624072413,PP
908,Job,Kinnerk,jkinnerkp7@sogou.com,Male,$673739.07,335777461,CC
909,Cly,Acarson,cacarsonp8@discuz.net,Male,$242054.42,362644793,CC
910,Granger,L'Hommee,glhommeep9@answers.com,Male,$406068.84,440675488,CC
911,Emile,Caser,ecaserpa@shutterfly.com,Male,$340844.34,216949938,PP
912,Delia,Woolfitt,dwoolfittpb@princeton.edu,Female,$245259.15,574027027,CC
913,Kattie,Grinaugh,kgrinaughpc@drupal.org,Female,$954524.84,814931770,IT
914,Gates,Faunt,gfauntpd@howstuffworks.com,Female,$548239.06,603751915,PP
915,Gay,Maber,gmaberpe@is.gd,Female,$715999.06,174709088,IT
916,Celestia,Vale,cvalepf@comcast.net,Female,$266201.62,144200632,PP
917,Giustino,Santostefano.,gsantostefanopg@vistaprint.com,Male,$264513.51,731831532,CC
918,Brandea,Spatoni,bspatoniph@odnoklassniki.ru,Female,$809937.83,887020409,IT
919,Porter,Darker,pdarkerpi@wisc.edu,Male,$203816.57,955327010,PP
920,Conrade,Duckels,cduckelspj@spiegel.de,Male,$469795.42,22472950,PP
921,Virge,Frodsam,vfrodsampk@state.tx.us,Male,$710275.95,412895402,IT
922,Rasia,Hollyard,rhollyardpl@weibo.com,Female,$165811.18,683955286,CC
923,Maressa,Coda,mcodapm@exblog.jp,Female,$605733.20,255388320,IT
924,Florry,Bourges,fbourgespn@symantec.com,Female,$743730.20,651938497,IT
925,Heddi,Colbrun,hcolbrunpo@ning.com,Female,$379599.09,715947808,CC
926,Adrien,Daye,adayepp@deliciousdays.com,Male,$144277.57,644863033,CC
927,Carver,Kyrkeman,ckyrkemanpq@wikipedia.org,Male,$815963.83,900283046,CC
928,Benton,Renfree,brenfreepr@elegantthemes.com,Male,$138528.26,437902904,IT
929,Ronna,Teers,rteersps@elpais.com,Female,$289156.34,679354140,IT
930,Vanni,Rishworth,vrishworthpt@mapy.cz,Female,$427008.15,560317020,PP
931,Clementius,Keddie,ckeddiepu@accuweather.com,Male,$762049.55,886635601,PP
932,Alameda,Christofe,achristofepv@pbs.org,Female,$819093.53,20436607,IT
933,Tillie,Connor,tconnorpw@live.com,Female,$668379.17,104786208,CC
934,Alwin,Spearman,aspearmanpx@ovh.net,Male,$953080.46,120187156,IT
935,Dena,Scamerdine,dscamerdinepy@jalbum.net,Female,$269445.31,229830944,IT
936,Meara,Roswarn,mroswarnpz@guardian.co.uk,Female,$125788.92,133880627,PP
937,Mattie,Gathercole,mgathercoleq0@apache.org,Female,$182603.50,849292194,PP
938,Mag,Snazel,msnazelq1@naver.com,Female,$777871.81,1044011662,PP
939,Louisa,Darell,ldarellq2@jiathis.com,Female,$772903.41,946597010,PP
940,Alanson,Maslen,amaslenq3@seattletimes.com,Male,$833089.60,1028182705,CC
941,Culver,O'Hare,cohareq4@ftc.gov,Male,$127978.43,859000468,PP
942,Ichabod,Walling,iwallingq5@state.tx.us,Male,$558345.43,45902250,PP
943,Merrill,MacGuiness,mmacguinessq6@dot.gov,Female,$809665.87,300724524,IT
944,Roderick,Kinnaird,rkinnairdq7@ucoz.ru,Male,$409728.54,136981260,PP
945,Anthe,Ohms,aohmsq8@chicagotribune.com,Female,$693305.58,1025133947,IT
946,Lou,Decourt,ldecourtq9@intel.com,Male,$374744.14,87789563,PP
947,Jamie,Freddi,jfreddiqa@berkeley.edu,Male,$109478.97,662455445,PP
948,Lelia,Minkin,lminkinqb@sfgate.com,Female,$161105.17,564032872,CC
949,Renado,Edmonston,redmonstonqc@linkedin.com,Male,$160125.00,368268527,IT
950,Catrina,Thornthwaite,cthornthwaiteqd@marriott.com,Female,$216959.97,647275224,IT
951,Clayson,Dunbabin,cdunbabinqe@disqus.com,Male,$351110.13,819473136,CC
952,Ruy,Faithfull,rfaithfullqf@imgur.com,Male,$432637.54,670262694,CC
953,Padgett,Gildersleeve,pgildersleeveqg@desdev.cn,Male,$670824.41,701082025,CC
954,Darrell,Else,delseqh@apache.org,Male,$390898.09,480101037,PP
955,Loydie,Noseworthy,lnoseworthyqi@cornell.edu,Male,$495733.09,531392212,PP
956,Waylon,Lydiard,wlydiardqj@google.it,Male,$785137.44,566289090,IT
957,Wilie,Dauncey,wdaunceyqk@chron.com,Female,$423561.23,783222868,CC
958,Kelbee,Ekless,keklessql@cisco.com,Male,$466183.80,988092457,CC
959,Mellisent,Farnes,mfarnesqm@techcrunch.com,Female,$978206.98,645398711,IT
960,Kassie,Brislane,kbrislaneqn@huffingtonpost.com,Female,$781848.73,997876362,CC
961,Kermie,Willatt,kwillattqo@ca.gov,Male,$203636.41,366400387,PP
962,Edd,Joliffe,ejoliffeqp@list-manage.com,Male,$935768.28,672790088,PP
963,Annelise,Bennie,abennieqq@pen.io,Female,$121759.60,162672495,IT
964,Dominica,Lilford,dlilfordqr@cbsnews.com,Female,$918900.36,549260377,CC
965,Jillayne,Champ,jchampqs@sakura.ne.jp,Female,$746208.96,478243547,CC
966,Jamil,Ellicock,jellicockqt@gnu.org,Male,$417342.85,118588207,PP
967,Ingamar,Mouan,imouanqu@csmonitor.com,Male,$333237.09,1026004958,PP
968,Randy,Sarre,rsarreqv@answers.com,Female,$341872.80,1012255409,PP
969,Alexandro,Lindsley,alindsleyqw@chronoengine.com,Male,$871837.61,941026645,PP
970,Kendall,Balint,kbalintqx@weebly.com,Male,$791106.58,599282959,CC
971,Garret,Ventris,gventrisqy@google.com.hk,Male,$782302.55,879861113,IT
972,Drusy,Trump,dtrumpqz@hhs.gov,Female,$180066.22,724327001,CC
973,Vlad,Walters,vwaltersr0@google.fr,Male,$489490.79,514749977,CC
974,Mil,Dwyer,mdwyerr1@google.com.br,Female,$586489.17,332378591,CC
975,Luigi,Pyser,lpyserr2@ucsd.edu,Male,$944823.52,45153691,CC
976,Torin,Van der Baaren,tvanderbaarenr3@home.pl,Male,$227632.26,972808004,PP
977,Veronique,Tamblingson,vtamblingsonr4@behance.net,Female,$204971.26,700569564,CC
978,Caye,Sotheby,csothebyr5@prweb.com,Female,$651382.66,601111465,CC
979,Salvatore,De Roos,sderoosr6@sciencedaily.com,Male,$742452.51,362701983,PP
980,Natka,Keable,nkeabler7@tinyurl.com,Female,$249092.92,631318389,CC
981,Jaimie,Lescop,jlescopr8@patch.com,Female,$157676.81,282073798,IT
982,Isaac,Boshere,ibosherer9@reverbnation.com,Male,$503868.39,556699609,IT
983,Loralyn,Kerswill,lkerswillra@github.com,Female,$812887.51,114412057,CC
984,Darci,Briton,dbritonrb@cisco.com,Female,$994941.87,935389100,IT
985,Katalin,Prier,kprierrc@ox.ac.uk,Female,$710701.40,540838313,IT
986,Arabella,Caro,acarord@ustream.tv,Female,$379813.73,433118092,IT
987,Barbi,Ryles,brylesre@illinois.edu,Female,$109670.90,1002950741,IT
988,Aubert,Thorlby,athorlbyrf@wordpress.org,Male,$320171.97,248157183,CC
989,Reece,Nunnerley,rnunnerleyrg@webs.com,Male,$858831.34,346207663,PP
990,Tyne,Runnicles,trunniclesrh@blogs.com,Female,$205231.98,620421999,IT
991,Ivie,Flexman,iflexmanri@multiply.com,Female,$258075.13,348348929,CC
992,Faulkner,De Lisle,fdelislerj@blogs.com,Male,$744723.19,119994282,PP
993,Rickie,Delany,rdelanyrk@intel.com,Female,$347607.62,944836285,CC
994,Chaddie,McKeaney,cmckeaneyrl@cafepress.com,Male,$642934.43,359516054,CC
995,Clint,Valentine,cvalentinerm@pbs.org,Male,$545281.67,1022546774,CC
996,Leisha,Doberer,ldobererrn@mediafire.com,Female,$386623.23,723508548,CC
997,Yuma,Scarth,yscarthro@jalbum.net,Male,$903473.11,244738455,CC
998,Baudoin,Swalwell,bswalwellrp@g.co,Male,$904852.51,830007793,CC
999,Baillie,Syncke,bsynckerq@washingtonpost.com,Male,$893282.66,939374842,IT
1000,Dion,Winders,dwindersrr@liveinternet.ru,Female,$604437.26,495667288,IT
