id,nombre,apellido,email,genero,valor_tx,numero_identificacion,tipo_identificacion
1,Elke,Pohling,epohling0@prweb.com,Female,$984527.87,332978707,CC
2,Britta,Pauncefort,bpauncefort1@twitter.com,Female,$278900.74,672311620,CC
3,Mikaela,Pogosian,mpogosian2@oaic.gov.au,Female,$705172.59,928976892,CC
4,Burr,Goly,bgoly3@marketwatch.com,Male,$138313.50,390694453,IT
5,Clementine,Alywin,calywin4@gov.uk,Female,$399738.06,274901331,CC
6,Roxi,Buckberry,rbuckberry5@tripadvisor.com,Female,$915242.84,48501108,CC
7,Worthy,Cristoferi,wcristoferi6@unc.edu,Male,$717615.49,82839233,IT
8,Niki,Flux,nflux7@seattletimes.com,Female,$832951.38,690607966,IT
9,Rianon,Temprell,rtemprell8@creativecommons.org,Female,$190812.43,356606892,CC
10,Reese,Gregoretti,rgregoretti9@yolasite.com,Male,$278252.73,594681915,IT
11,Biddie,Bole,bbolea@craigslist.org,Female,$639066.84,366004872,IT
12,Rodina,Sear,rsearb@blogger.com,Female,$944400.26,500911999,PP
13,Dulcie,Eadon,deadonc@illinois.edu,Female,$778147.25,476413674,PP
14,Rodolphe,Coulthart,rcoulthartd@guardian.co.uk,Male,$186886.67,732587614,IT
15,Analiese,Mannooch,amannooche@epa.gov,Female,$696868.47,689150194,IT
16,Jonie,Raff,jrafff@meetup.com,Female,$540099.61,66650420,IT
17,Valaree,Lobbe,vlobbeg@wunderground.com,Female,$366176.26,661608408,IT
18,Massimiliano,Eastway,meastwayh@cmu.edu,Male,$312559.00,873882076,CC
19,Lemmie,Atterbury,latterburyi@psu.edu,Male,$344989.00,663096615,IT
20,Finley,Notman,fnotmanj@yandex.ru,Male,$340039.93,71790493,IT
21,Franky,Brogini,fbroginik@over-blog.com,Female,$406956.44,715268261,PP
22,Monroe,Twelvetrees,mtwelvetreesl@google.fr,Male,$865475.42,953313244,CC
23,Tad,Pottinger,tpottingerm@smugmug.com,Male,$669093.08,327620209,CC
24,Brandise,Manshaw,bmanshawn@nifty.com,Female,$975968.58,460006455,IT
25,Laurent,Fusco,lfuscoo@un.org,Male,$142580.28,66704661,IT
26,Carlotta,Lemonby,clemonbyp@addthis.com,Female,$305402.57,300882042,PP
27,Dmitri,Jachimczak,djachimczakq@lulu.com,Male,$612774.42,339529299,PP
28,Marybelle,Moakes,mmoakesr@vk.com,Female,$824764.90,203999898,PP
29,Darla,Crockatt,dcrockatts@mediafire.com,Female,$542637.32,298681223,IT
30,Sheba,Lenthall,slenthallt@stumbleupon.com,Female,$144971.28,765095797,PP
31,Doti,Sammars,dsammarsu@webmd.com,Female,$116222.47,338194271,CC
32,Gleda,Baldacchino,gbaldacchinov@people.com.cn,Female,$642054.10,702905194,IT
33,Agna,Goosnell,agoosnellw@cnn.com,Female,$386317.55,275470369,CC
34,Liliane,Bulfoy,lbulfoyx@scribd.com,Female,$294741.77,368703427,IT
35,Kristy,OIlier,koiliery@jimdo.com,Female,$698192.16,693157315,PP
36,Rossy,Francie,rfranciez@cmu.edu,Male,$792386.58,184368293,IT
37,Adrian,Kinforth,akinforth10@archive.org,Male,$158444.93,193129841,IT
38,Hyatt,Mustchin,hmustchin11@bbb.org,Male,$223150.10,939422705,CC
39,Arleta,Cornelleau,acornelleau12@si.edu,Female,$342199.18,503249105,CC
40,Angie,Vardie,avardie13@typepad.com,Male,$227488.54,192616891,PP
41,My,Maletratt,mmaletratt14@fc2.com,Male,$480161.98,961991790,PP
42,Blondie,Uc,buc15@chronoengine.com,Female,$502362.15,269199865,IT
43,Nertie,Corr,ncorr16@desdev.cn,Female,$806743.23,741343833,IT
44,Ellwood,Carswell,ecarswell17@skype.com,Male,$845012.29,50443338,CC
45,Consolata,Groveham,cgroveham18@nasa.gov,Female,$316841.25,129159669,CC
46,Ayn,Matresse,amatresse19@wikia.com,Female,$604560.36,64318930,IT
47,Marc,Aldwich,maldwich1a@skyrock.com,Male,$201678.46,541368433,CC
48,Hatty,Pugsley,hpugsley1b@ebay.com,Female,$497689.39,562567628,IT
49,Briney,Coleford,bcoleford1c@stanford.edu,Female,$735123.75,325100525,PP
50,Yvonne,Hail,yhail1d@nature.com,Female,$763223.94,989514387,IT
51,Fritz,Martinet,fmartinet1e@fc2.com,Male,$183980.63,61101920,CC
52,Hobart,Levis,hlevis1f@delicious.com,Male,$935175.05,947888844,IT
53,Atalanta,Petegree,apetegree1g@google.cn,Female,$692222.81,750900854,IT
54,Hanson,Fust,hfust1h@arizona.edu,Male,$696408.07,53498269,PP
55,Maurene,Gumery,mgumery1i@hp.com,Female,$324018.68,1034647984,CC
56,Burl,Papps,bpapps1j@issuu.com,Male,$130256.95,579899763,PP
57,Tandi,Dunthorn,tdunthorn1k@amazon.co.uk,Female,$193169.41,145798642,IT
58,Joan,Lambin,jlambin1l@stanford.edu,Female,$806192.11,447468388,PP
59,Cy,Fewings,cfewings1m@comsenz.com,Male,$204727.57,69211652,IT
60,Hatti,Atteridge,hatteridge1n@si.edu,Female,$554445.06,329345837,IT
61,Suzann,Leyland,sleyland1o@homestead.com,Female,$795592.94,118180528,IT
62,Brooke,Antonietti,bantonietti1p@drupal.org,Male,$949525.89,148125305,CC
63,Slade,Vamplus,svamplus1q@instagram.com,Male,$637441.54,962044669,IT
64,Carly,Elsip,celsip1r@ebay.co.uk,Female,$302944.49,657425636,IT
65,Nevil,Brinsden,nbrinsden1s@businessweek.com,Male,$802717.71,30887474,CC
66,Garfield,Wakley,gwakley1t@1688.com,Male,$739061.85,224917918,CC
67,Yetty,Vodden,yvodden1u@opensource.org,Female,$356123.53,656745426,CC
68,Mabelle,Meyrick,mmeyrick1v@nytimes.com,Female,$728492.44,687633803,IT
69,Bondon,Ghion,bghion1w@army.mil,Male,$386575.31,1046970590,IT
70,Gallagher,Paulot,gpaulot1x@prnewswire.com,Male,$294250.78,997814594,CC
71,Schuyler,Fincher,sfincher1y@so-net.ne.jp,Male,$688696.43,392232247,CC
72,Kari,Ashbridge,kashbridge1z@etsy.com,Female,$395264.55,836158294,CC
73,Barnabe,Cluatt,bcluatt20@ft.com,Male,$833644.13,631562646,PP
74,Ring,Lennie,rlennie21@paypal.com,Male,$430105.46,376514329,CC
75,Umberto,Agett,uagett22@cpanel.net,Male,$721396.19,839662578,IT
76,Flint,Woodyeare,fwoodyeare23@goodreads.com,Male,$613542.17,440356372,CC
77,Roosevelt,Supple,rsupple24@economist.com,Male,$574214.23,476057798,PP
78,Valeda,Adamo,vadamo25@usnews.com,Female,$162780.33,707987133,PP
79,Anders,Bradshaw,abradshaw26@bizjournals.com,Male,$695643.66,1005604835,IT
80,Rickey,Banthorpe,rbanthorpe27@t-online.de,Male,$225242.96,310933804,IT
81,Elly,Coyne,ecoyne28@earthlink.net,Female,$233647.77,37443658,CC
82,Vyky,Wyd,vwyd29@behance.net,Female,$200267.99,481407821,PP
83,Malinde,Harefoot,mharefoot2a@google.com.au,Female,$883855.61,802911038,CC
84,Donella,Choppen,dchoppen2b@skyrock.com,Female,$310740.23,860156836,PP
85,Massimiliano,Limb,mlimb2c@state.tx.us,Male,$192831.21,16134740,IT
86,Tim,McGuffie,tmcguffie2d@xinhuanet.com,Male,$724079.27,276530435,CC
87,Amii,Litchmore,alitchmore2e@blogspot.com,Female,$248254.77,860009396,IT
88,Dedra,Baythorp,dbaythorp2f@imageshack.us,Female,$806688.50,767893009,PP
89,Mord,Bohlin,mbohlin2g@a8.net,Male,$772229.21,886927572,CC
90,Harmonie,Doddrell,hdoddrell2h@joomla.org,Female,$453077.22,213750933,IT
91,Boy,Stonhewer,bstonhewer2i@ftc.gov,Male,$375869.66,1026230227,PP
92,Etan,Munkley,emunkley2j@nba.com,Male,$182719.17,856583276,PP
93,Biddie,Kunrad,bkunrad2k@walmart.com,Female,$329029.54,1033093865,CC
94,Betta,Morriss,bmorriss2l@yolasite.com,Female,$622168.80,167274046,PP
95,Annadiane,Tondeur,atondeur2m@baidu.com,Female,$214336.54,647208473,CC
96,Katti,Keyzman,kkeyzman2n@home.pl,Female,$233609.28,944112986,IT
97,Hephzibah,Linkin,hlinkin2o@alibaba.com,Female,$830542.70,243029719,PP
98,Ambrosius,Follin,afollin2p@ft.com,Male,$478181.79,996423008,IT
99,Fernande,MacDearmont,fmacdearmont2q@seattletimes.com,Female,$985331.58,742011310,IT
100,Kikelia,Hakonsen,khakonsen2r@woothemes.com,Female,$142919.69,451533145,PP
101,Regen,Moir,rmoir2s@si.edu,Male,$721646.10,321000697,PP
102,Petronilla,Spykins,pspykins2t@wired.com,Female,$182131.56,870093814,CC
103,Ingelbert,Cristofol,icristofol2u@digg.com,Male,$970357.30,228197545,CC
104,Edan,Somerlie,esomerlie2v@netvibes.com,Male,$312698.35,1047675896,IT
105,Phillip,Winskill,pwinskill2w@icq.com,Male,$487062.04,93813214,IT
106,Cobby,Ybarra,cybarra2x@utexas.edu,Male,$257454.73,1046902746,PP
107,Frank,Pedrick,fpedrick2y@blogs.com,Male,$828210.01,820385904,IT
108,Katlin,Westmerland,kwestmerland2z@google.pl,Female,$521638.34,791215534,IT
109,Laurianne,Spearett,lspearett30@sina.com.cn,Female,$377111.61,195070596,PP
110,Gabie,Monroe,gmonroe31@japanpost.jp,Male,$386709.56,895610844,IT
111,Feodora,Adamsky,fadamsky32@vkontakte.ru,Female,$398178.52,930513081,PP
112,Laryssa,Mc Trusty,lmctrusty33@list-manage.com,Female,$527541.04,675111456,CC
113,Tripp,Miko,tmiko34@pinterest.com,Male,$642399.10,395936610,IT
114,Warren,Anton,wanton35@paypal.com,Male,$844829.69,199053272,CC
115,Filberte,Pietrowicz,fpietrowicz36@t.co,Male,$959943.83,444828865,CC
116,Roley,Knappe,rknappe37@ycombinator.com,Male,$586323.03,261942303,CC
117,Laurence,Benettini,lbenettini38@rediff.com,Male,$368833.14,44936393,CC
118,Emelda,Keneleyside,ekeneleyside39@bizjournals.com,Female,$564945.32,829290801,PP
119,Felisha,Stobbe,fstobbe3a@google.nl,Female,$427599.23,162467918,IT
120,Ofelia,Eagleston,oeagleston3b@themeforest.net,Female,$539274.90,502905086,IT
121,Lisle,Denekamp,ldenekamp3c@apache.org,Male,$776077.12,609811681,PP
122,Karlens,Cardon,kcardon3d@guardian.co.uk,Male,$128438.18,50559150,IT
123,Ode,Geertje,ogeertje3e@senate.gov,Male,$954281.89,666766884,PP
124,Georgeanna,Rosenfelder,grosenfelder3f@storify.com,Female,$437110.52,345430265,IT
125,Isadora,Sherrum,isherrum3g@cornell.edu,Female,$259189.11,332717015,IT
126,Xenos,Pinwill,xpinwill3h@wiley.com,Male,$621416.60,539170951,CC
127,Sidoney,Crossfeld,scrossfeld3i@comsenz.com,Female,$960771.77,709279438,IT
128,Jeri,Critchell,jcritchell3j@mit.edu,Female,$111466.74,327953552,CC
129,Leonanie,Raft,lraft3k@wix.com,Female,$595863.34,38544632,IT
130,Niccolo,Mongain,nmongain3l@nifty.com,Male,$148794.77,988621170,CC
131,Sheffy,Doers,sdoers3m@ted.com,Male,$454147.52,92062704,CC
132,Sindee,Rugieri,srugieri3n@answers.com,Female,$754081.11,853689022,PP
133,Ibby,Piborn,ipiborn3o@delicious.com,Female,$554300.28,85712415,IT
134,Ashli,Ironmonger,aironmonger3p@elpais.com,Female,$779877.83,480667553,PP
135,Brandais,Bratty,bbratty3q@flavors.me,Female,$199542.18,501891951,PP
136,Kassie,Gregorace,kgregorace3r@wp.com,Female,$175746.15,306834577,CC
137,Weider,Rowett,wrowett3s@sakura.ne.jp,Male,$392852.07,453426532,CC
138,Garald,Mauchline,gmauchline3t@huffingtonpost.com,Male,$411893.18,638081201,IT
139,Moss,Frantsev,mfrantsev3u@nytimes.com,Male,$248764.39,834902571,CC
140,Claudina,Tournay,ctournay3v@chronoengine.com,Female,$422216.71,752255340,IT
141,Carlye,Ertel,certel3w@imageshack.us,Female,$432857.79,725144708,IT
142,Stanwood,Nimmo,snimmo3x@wiley.com,Male,$296148.55,579077412,CC
143,Marin,Bowcher,mbowcher3y@tripod.com,Female,$322278.67,40086657,CC
144,Berny,Predohl,bpredohl3z@jigsy.com,Male,$476522.26,646224220,PP
145,Hedwig,Petzolt,hpetzolt40@adobe.com,Female,$843917.43,467830080,CC
146,Ber,Barnham,bbarnham41@mayoclinic.com,Male,$167821.29,445298653,PP
147,Ginelle,Hurd,ghurd42@google.es,Female,$514223.87,541493943,PP
148,Denny,Huet,dhuet43@state.gov,Female,$968109.01,841020835,IT
149,Jermain,Reboulet,jreboulet44@google.com.au,Male,$899880.20,957166893,IT
150,Krispin,Diche,kdiche45@elegantthemes.com,Male,$159845.82,494422719,CC
151,Bebe,Rauprich,brauprich46@ucsd.edu,Female,$748008.19,554853591,IT
152,Sonny,Heustice,sheustice47@reddit.com,Female,$192887.60,200331907,PP
153,Bondon,O'Rodane,borodane48@wordpress.org,Male,$855693.27,211233674,IT
154,Vere,Arrow,varrow49@desdev.cn,Female,$966146.75,915790471,IT
155,Amelia,Fines,afines4a@netscape.com,Female,$299774.04,543231279,PP
156,Lexine,Kubicka,lkubicka4b@cbslocal.com,Female,$721364.75,1006242168,IT
157,Julius,Gideon,jgideon4c@cafepress.com,Male,$906400.21,886704428,PP
158,Nicholas,Gent,ngent4d@php.net,Male,$414980.53,893561241,IT
159,Anita,Larrett,alarrett4e@ocn.ne.jp,Female,$507566.47,766938747,PP
160,Orv,Bartlosz,obartlosz4f@cyberchimps.com,Male,$923613.23,453885888,PP
161,Hurleigh,Flay,hflay4g@chicagotribune.com,Male,$648208.43,996912410,PP
162,Ancell,Woolsey,awoolsey4h@icq.com,Male,$729979.34,922300903,PP
163,Yancey,Yegorchenkov,yyegorchenkov4i@boston.com,Male,$549057.72,140133008,IT
164,Alvinia,Pavek,apavek4j@dailymotion.com,Female,$303624.04,393488072,IT
165,Paola,Bartali,pbartali4k@tripod.com,Female,$888786.12,519308984,PP
166,Ysabel,Blench,yblench4l@amazon.de,Female,$106869.02,59107600,IT
167,Eleanor,Ashford,eashford4m@weibo.com,Female,$260586.63,832321469,PP
168,Amata,Andre,aandre4n@wp.com,Female,$736389.99,748445530,PP
169,Chantalle,Fenny,cfenny4o@adobe.com,Female,$229288.57,39174395,IT
170,Huntlee,Elstow,helstow4p@webeden.co.uk,Male,$704971.20,172101345,CC
171,Brianne,Custed,bcusted4q@privacy.gov.au,Female,$889475.84,628526958,CC
172,Nicol,Bentzen,nbentzen4r@youtu.be,Female,$199749.90,486574390,PP
173,Valerie,Haynesford,vhaynesford4s@macromedia.com,Female,$249332.80,1027728591,IT
174,Albie,Ebbetts,aebbetts4t@irs.gov,Male,$348542.26,46202460,PP
175,Ralph,Moriarty,rmoriarty4u@wikia.com,Male,$699162.92,358651620,PP
176,Sunshine,Allsep,sallsep4v@tripadvisor.com,Female,$204147.15,104543431,IT
177,Merrili,Whiskin,mwhiskin4w@geocities.com,Female,$539185.80,694838635,PP
178,Cross,Gusney,cgusney4x@forbes.com,Male,$584000.83,517375594,IT
179,Hamil,Whines,hwhines4y@symantec.com,Male,$149793.80,751050340,IT
180,Calvin,Crebbin,ccrebbin4z@bigcartel.com,Male,$808348.33,286331225,PP
181,Cammy,Lyard,clyard50@printfriendly.com,Male,$429791.46,910505197,IT
182,Derrick,Fenge,dfenge51@dmoz.org,Male,$778236.31,40220047,CC
183,Krysta,Philipard,kphilipard52@slate.com,Female,$819810.99,603799025,IT
184,Gertrude,McClancy,gmcclancy53@freewebs.com,Female,$421910.81,508965399,CC
185,Estrella,Wanstall,ewanstall54@skype.com,Female,$173769.76,1039839658,PP
186,Raeann,Weildish,rweildish55@jugem.jp,Female,$417070.28,900017555,CC
187,Nada,Bullas,nbullas56@printfriendly.com,Female,$770645.21,28528156,CC
188,Leroi,Jerson,ljerson57@constantcontact.com,Male,$477744.34,809260875,IT
189,Conrado,Habbin,chabbin58@cbslocal.com,Male,$189291.21,479162911,PP
190,Jeno,Gomm,jgomm59@canalblog.com,Male,$475370.57,518380662,IT
191,Wilbert,Wainwright,wwainwright5a@w3.org,Male,$792561.79,434277269,PP
192,Toddy,Aves,taves5b@mashable.com,Male,$857702.60,88471342,IT
193,Meier,Wortley,mwortley5c@netlog.com,Male,$904586.32,548721769,CC
194,Tiebout,Crowdy,tcrowdy5d@hostgator.com,Male,$219092.80,852018334,IT
195,Junette,Wadmore,jwadmore5e@fc2.com,Female,$542884.62,640241876,IT
196,Lamont,Frear,lfrear5f@etsy.com,Male,$266743.27,811043571,PP
197,Augusta,Huntress,ahuntress5g@senate.gov,Female,$980059.31,855484507,PP
198,Kimbra,Raper,kraper5h@feedburner.com,Female,$603998.66,96058733,IT
199,Hilton,Belchambers,hbelchambers5i@usda.gov,Male,$106019.62,349095965,IT
200,Ludovika,Culp,lculp5j@chron.com,Female,$630128.97,347505451,PP
201,Konstanze,Haskayne,khaskayne5k@admin.ch,Female,$133083.48,927342580,PP
202,Berny,Brookshaw,bbrookshaw5l@livejournal.com,Male,$897013.42,464167903,PP
203,Earlie,Plumb,eplumb5m@nyu.edu,Male,$183473.13,83183659,CC
204,Claresta,Itzcovich,citzcovich5n@shinystat.com,Female,$408173.71,638031400,CC
205,Colver,Yoxall,cyoxall5o@google.co.jp,Male,$554128.96,512089722,PP
206,Sharity,Ledgerton,sledgerton5p@dailymail.co.uk,Female,$442818.94,316497808,PP
207,Hercule,Beceril,hbeceril5q@e-recht24.de,Male,$545362.00,444559561,CC
208,Derry,Guiden,dguiden5r@skype.com,Male,$240479.91,404864976,PP
209,Tessi,Cudmore,tcudmore5s@china.com.cn,Female,$698012.28,124325382,IT
210,Jourdain,Ship,jship5t@nasa.gov,Male,$510025.04,568371373,PP
211,Solomon,Lambis,slambis5u@bluehost.com,Male,$637122.26,153065721,CC
212,Laurella,Hain,lhain5v@people.com.cn,Female,$480739.88,871578702,CC
213,Jobi,Gittins,jgittins5w@cornell.edu,Female,$356162.38,1002268376,IT
214,Anna,Escale,aescale5x@mashable.com,Female,$992996.34,122125235,PP
215,Nikolai,Mollindinia,nmollindinia5y@weather.com,Male,$805520.50,413371574,CC
216,Ber,Farryan,bfarryan5z@clickbank.net,Male,$340187.06,370531500,PP
217,Andrea,Fagge,afagge60@linkedin.com,Male,$363661.96,126054545,IT
218,Tucker,Archley,tarchley61@ox.ac.uk,Male,$815300.64,8674181,CC
219,Lela,Gilding,lgilding62@netscape.com,Female,$679279.07,981579546,IT
220,Odelle,Redfield,oredfield63@oaic.gov.au,Female,$912318.07,664424124,PP
221,Stanleigh,McKeran,smckeran64@so-net.ne.jp,Male,$201236.84,229448166,CC
222,Frederic,McGuffie,fmcguffie65@who.int,Male,$792234.05,321279260,CC
223,Henriette,Raxworthy,hraxworthy66@umich.edu,Female,$768946.32,827913457,PP
224,Wilt,Hatherell,whatherell67@irs.gov,Male,$827886.43,664120097,PP
225,Biron,Gaddes,bgaddes68@e-recht24.de,Male,$605605.35,327593539,IT
226,Gail,Lindfors,glindfors69@buzzfeed.com,Male,$529542.55,281476417,PP
227,Florida,Grzelczak,fgrzelczak6a@zdnet.com,Female,$543120.30,425858930,PP
228,Luis,Florentine,lflorentine6b@mozilla.org,Male,$910406.02,797425269,PP
229,Roselia,Browett,rbrowett6c@diigo.com,Female,$118609.41,56247703,CC
230,Cobb,Ready,cready6d@npr.org,Male,$681607.20,732258424,IT
231,Rourke,Knutsen,rknutsen6e@shareasale.com,Male,$821585.52,587367002,CC
232,Bethena,Lothean,blothean6f@imgur.com,Female,$462195.14,726381314,PP
233,Mari,Gossipin,mgossipin6g@sphinn.com,Female,$226480.66,382980142,PP
234,Roberto,Conaghy,rconaghy6h@purevolume.com,Male,$401470.30,495247309,IT
235,Willdon,Prestedge,wprestedge6i@irs.gov,Male,$218950.59,466890572,CC
236,Gregorius,Emmitt,gemmitt6j@so-net.ne.jp,Male,$499104.08,780137193,PP
237,Cornie,Hudspith,chudspith6k@so-net.ne.jp,Male,$528192.95,937146579,CC
238,Cammy,Iwanicki,ciwanicki6l@devhub.com,Male,$646125.02,464015444,CC
239,Bea,Caldero,bcaldero6m@cam.ac.uk,Female,$158192.03,572957471,IT
240,Juli,Brinkworth,jbrinkworth6n@google.com,Female,$109900.84,164897113,IT
241,Shea,Sisneros,ssisneros6o@cocolog-nifty.com,Female,$550772.22,665668427,IT
242,Phyllis,Willcock,pwillcock6p@sakura.ne.jp,Female,$756526.99,952780521,PP
243,Ned,Laurent,nlaurent6q@apache.org,Male,$189600.43,36682666,PP
244,Marcy,Searle,msearle6r@prlog.org,Female,$325700.72,570976752,IT
245,Allix,Cabrara,acabrara6s@ebay.co.uk,Female,$740163.93,326353897,PP
246,Starlene,Rehor,srehor6t@netscape.com,Female,$260591.52,153152267,IT
247,Mil,Burcombe,mburcombe6u@latimes.com,Female,$894892.45,923763171,IT
248,Ivan,Densey,idensey6v@gmpg.org,Male,$827346.89,258719582,CC
249,Frankie,Henriques,fhenriques6w@360.cn,Male,$480289.63,30554877,CC
250,Seka,Sapwell,ssapwell6x@deviantart.com,Female,$822760.35,734392154,IT
251,Marianne,Kitchinghan,mkitchinghan6y@netscape.com,Female,$133771.60,460944946,CC
252,Clemmy,Vanetti,cvanetti6z@patch.com,Female,$299601.77,48552315,IT
253,Westleigh,Daveley,wdaveley70@mlb.com,Male,$717012.80,873020727,PP
254,Fleming,Furneaux,ffurneaux71@icio.us,Male,$260503.66,42824048,PP
255,Egor,Dionsetti,edionsetti72@usgs.gov,Male,$843075.66,550214634,PP
256,Trix,Grimstead,tgrimstead73@sfgate.com,Female,$399677.34,154257029,CC
257,Craggie,Fockes,cfockes74@ustream.tv,Male,$974363.75,450339310,CC
258,Emyle,Loughren,eloughren75@slideshare.net,Female,$306546.46,474611721,CC
259,Waylen,Kindred,wkindred76@independent.co.uk,Male,$914442.43,359046870,PP
260,Laughton,Vella,lvella77@sun.com,Male,$987329.56,319932092,CC
261,Adolphus,Byne,abyne78@discovery.com,Male,$130020.58,343887878,CC
262,Yvonne,Bartlosz,ybartlosz79@about.com,Female,$503647.86,936287524,CC
263,Wait,Tildesley,wtildesley7a@nature.com,Male,$368291.51,245074924,PP
264,Loralee,Bill,lbill7b@freewebs.com,Female,$904432.86,531499238,CC
265,Ronda,Epps,repps7c@techcrunch.com,Female,$608390.88,562651929,IT
266,Keir,Bamling,kbamling7d@cocolog-nifty.com,Male,$347274.68,806475675,CC
267,Melli,Baldacchi,mbaldacchi7e@youtu.be,Female,$350639.74,966557603,IT
268,Tuckie,Jeannesson,tjeannesson7f@symantec.com,Male,$977668.20,684162181,IT
269,Bastian,Gilston,bgilston7g@a8.net,Male,$818137.13,125504426,PP
270,Mara,MacFarland,mmacfarland7h@people.com.cn,Female,$458458.33,1029203707,PP
271,Dacey,Kabos,dkabos7i@tumblr.com,Female,$751828.26,427305812,PP
272,Saul,Wimbridge,swimbridge7j@multiply.com,Male,$707417.11,955803644,PP
273,Joelly,Skelcher,jskelcher7k@patch.com,Female,$678424.72,264608695,IT
274,Haze,Kilbey,hkilbey7l@eepurl.com,Male,$621542.83,194606299,PP
275,Vasily,Almack,valmack7m@ihg.com,Male,$879027.78,268096983,IT
276,Kristy,Etienne,ketienne7n@hp.com,Female,$830161.11,660023037,PP
277,Bengt,Twycross,btwycross7o@blogtalkradio.com,Male,$748091.34,73809249,IT
278,Karna,Heindle,kheindle7p@admin.ch,Female,$339532.38,126957468,CC
279,Ardelle,Hrihorovich,ahrihorovich7q@wikia.com,Female,$370985.40,735126636,PP
280,Lyndsie,Pakeman,lpakeman7r@indiegogo.com,Female,$835563.76,60012452,CC
281,Philbert,Loache,ploache7s@jiathis.com,Male,$870561.52,647529520,IT
282,Abner,Huish,ahuish7t@nbcnews.com,Male,$751938.78,278718007,CC
283,Goldarina,Zarfati,gzarfati7u@tmall.com,Female,$884589.44,1015191896,PP
284,Mitchel,Vaneev,mvaneev7v@clickbank.net,Male,$505282.89,337051664,PP
285,Marcellus,Eldershaw,meldershaw7w@photobucket.com,Male,$450273.43,875077632,CC
286,Worthington,Cristofanini,wcristofanini7x@va.gov,Male,$569697.68,598373885,IT
287,Nanine,Wrassell,nwrassell7y@ucsd.edu,Female,$889664.48,860842675,IT
288,Phylys,Boullen,pboullen7z@timesonline.co.uk,Female,$375095.13,393460293,PP
289,Derek,Ceschini,dceschini80@acquirethisname.com,Male,$330360.83,1001626341,PP
290,Olivette,Satterfitt,osatterfitt81@spiegel.de,Female,$675929.62,625330462,PP
291,Luelle,Skirrow,lskirrow82@seattletimes.com,Female,$389485.49,917580265,IT
292,Regan,Gillopp,rgillopp83@blogspot.com,Female,$919013.05,178875001,CC
293,Meryl,Marmyon,mmarmyon84@1und1.de,Female,$145135.62,346208906,PP
294,Rutledge,Tustin,rtustin85@pcworld.com,Male,$643106.41,18667154,CC
295,Melanie,Marking,mmarking86@xing.com,Female,$340095.74,306231153,PP
296,Bren,Burnel,bburnel87@slideshare.net,Male,$743246.73,985558104,IT
297,Pavla,Geeritz,pgeeritz88@umn.edu,Female,$212630.26,727653372,IT
298,Natale,Bradd,nbradd89@webs.com,Male,$808891.53,441169100,CC
299,Gram,McKeller,gmckeller8a@a8.net,Male,$338142.31,804697469,PP
300,Gerta,Manvelle,gmanvelle8b@trellian.com,Female,$571081.26,1001120870,IT
301,Marnie,McIlraith,mmcilraith8c@harvard.edu,Female,$453518.44,505832934,CC
302,Mercie,Grgic,mgrgic8d@seesaa.net,Female,$647126.48,995464827,CC
303,Thain,Faithfull,tfaithfull8e@go.com,Male,$503308.90,132528761,CC
304,Consuelo,Gundrey,cgundrey8f@smugmug.com,Female,$476093.10,987302114,CC
305,Marja,Zannotelli,mzannotelli8g@vimeo.com,Female,$248952.46,534923100,IT
306,Arther,Sambals,asambals8h@icio.us,Male,$545841.68,399547494,PP
307,Laurence,Nurdin,lnurdin8i@163.com,Male,$273252.07,283242863,CC
308,Udall,Spanton,uspanton8j@mapy.cz,Male,$496745.36,375692657,IT
309,Sebastian,Borwick,sborwick8k@nymag.com,Male,$814805.88,354785548,CC
310,Tuesday,Littlefair,tlittlefair8l@baidu.com,Female,$730976.24,287161494,PP
311,Vinny,Ballard,vballard8m@weebly.com,Male,$439408.97,981690765,IT
312,Cindy,Santori,csantori8n@nps.gov,Female,$934870.32,451749771,PP
313,Chicky,Cannop,ccannop8o@weibo.com,Male,$911348.36,282175381,CC
314,Rand,Kennealy,rkennealy8p@newsvine.com,Male,$906844.83,196079544,IT
315,Myron,Spain,mspain8q@indiatimes.com,Male,$913667.71,201203697,IT
316,Niall,Kyngdon,nkyngdon8r@nsw.gov.au,Male,$210651.91,42974598,IT
317,Consuela,Chainey,cchainey8s@printfriendly.com,Female,$163935.02,363593790,PP
318,Clem,Raymond,craymond8t@is.gd,Male,$151707.67,227926600,IT
319,Evangelin,Redmond,eredmond8u@goo.gl,Female,$643177.87,18451481,IT
320,Raddie,Faughey,rfaughey8v@themeforest.net,Male,$937345.42,533650464,IT
321,Derril,Yantsev,dyantsev8w@barnesandnoble.com,Male,$361229.68,420217326,PP
322,Gusella,Lanbertoni,glanbertoni8x@accuweather.com,Female,$970838.56,652122977,PP
323,Caroline,Oldfield,coldfield8y@archive.org,Female,$288273.11,145100022,CC
324,Goober,Gertz,ggertz8z@dedecms.com,Male,$322426.33,1015765959,IT
325,Edie,Torresi,etorresi90@cpanel.net,Female,$226168.92,634059408,IT
326,Calley,Fatkin,cfatkin91@github.com,Female,$297764.86,780468872,CC
327,Alica,Wedgwood,awedgwood92@businesswire.com,Female,$736686.89,978716337,IT
328,Saidee,Traske,straske93@domainmarket.com,Female,$980215.81,556199238,CC
329,Mattias,Strahan,mstrahan94@imgur.com,Male,$299953.04,921893368,PP
330,Claudette,Cozens,ccozens95@nyu.edu,Female,$859443.78,556074361,PP
331,Townie,Robshaw,trobshaw96@gmpg.org,Male,$601382.88,1038544099,PP
332,Corby,Bradbury,cbradbury97@cbsnews.com,Male,$516121.14,390225329,IT
333,Tristam,Giottini,tgiottini98@gizmodo.com,Male,$688231.61,418868311,CC
334,Jozef,Dictus,jdictus99@independent.co.uk,Male,$319381.21,53666235,PP
335,Kennie,Appleyard,kappleyard9a@harvard.edu,Male,$161745.13,531703128,CC
336,Ray,Brims,rbrims9b@vkontakte.ru,Female,$682963.41,676424611,IT
337,Galen,Jeeves,gjeeves9c@people.com.cn,Male,$602846.36,888898022,CC
338,Rois,Duesberry,rduesberry9d@creativecommons.org,Female,$892362.67,338134138,IT
339,Hayden,Maffioni,hmaffioni9e@chicagotribune.com,Male,$538087.59,755680676,PP
340,Oswald,D'Onise,odonise9f@google.com.br,Male,$457295.74,956722294,IT
341,Niki,Reedick,nreedick9g@istockphoto.com,Male,$436430.68,940413151,PP
342,Sherwood,Mate,smate9h@360.cn,Male,$797748.93,1002355451,PP
343,Alain,Omond,aomond9i@google.ru,Male,$804008.64,885725397,PP
344,Dee dee,Cossom,dcossom9j@nba.com,Female,$883153.97,238161331,PP
345,Rheta,Wildman,rwildman9k@dyndns.org,Female,$166586.06,247982459,PP
346,Adrian,Allner,aallner9l@fastcompany.com,Male,$857419.95,1001088812,IT
347,Oralla,Martijn,omartijn9m@typepad.com,Female,$358342.12,150132516,IT
348,Brody,Ashington,bashington9n@slashdot.org,Male,$181787.87,844612051,CC
349,Allsun,Lennie,alennie9o@usgs.gov,Female,$255525.29,850718971,PP
350,Carita,Buxsey,cbuxsey9p@thetimes.co.uk,Female,$972452.32,821442018,CC
351,Emelia,Orsay,eorsay9q@yale.edu,Female,$513432.80,89510015,CC
352,Carolin,Cockings,ccockings9r@vistaprint.com,Female,$157013.23,578037896,CC
353,Conn,Corneliussen,ccorneliussen9s@alexa.com,Male,$950499.43,978404373,CC
354,Jori,Hughf,jhughf9t@paginegialle.it,Female,$978575.83,756819883,IT
355,Emerson,Kopacek,ekopacek9u@google.co.uk,Male,$250909.90,999769510,IT
356,Idell,Fincken,ifincken9v@state.gov,Female,$354072.92,843640485,IT
357,Silvia,Bellward,sbellward9w@buzzfeed.com,Female,$871658.87,992883202,IT
358,Orsola,Drewet,odrewet9x@domainmarket.com,Female,$835259.47,589886201,CC
359,Meriel,Roe,mroe9y@chicagotribune.com,Female,$104158.05,497852288,CC
360,Leticia,Lindblom,llindblom9z@noaa.gov,Female,$962199.79,462230227,PP
361,Tara,Gorini,tgorinia0@storify.com,Female,$652598.23,962772469,CC
362,Powell,Vauls,pvaulsa1@psu.edu,Male,$350477.78,507336283,PP
363,Phineas,Millican,pmillicana2@ebay.co.uk,Male,$207094.92,897164932,IT
364,Sergio,Dods,sdodsa3@disqus.com,Male,$297334.34,969463188,IT
365,Marcella,Arckoll,marckolla4@wufoo.com,Female,$737301.27,86422350,CC
366,Mallory,Bachelor,mbachelora5@nhs.uk,Female,$319113.38,539536206,CC
367,Shaughn,Massei,smasseia6@imdb.com,Male,$981041.02,150740615,IT
368,Kylila,Spofford,kspofforda7@weebly.com,Female,$157629.71,474651231,IT
369,Enoch,Waddy,ewaddya8@ocn.ne.jp,Male,$638894.36,908089260,PP
370,Concettina,Dechelle,cdechellea9@google.it,Female,$520007.33,708526271,CC
371,Ilyse,Kennermann,ikennermannaa@nbcnews.com,Female,$442426.47,323285119,PP
372,Vivie,Gowlett,vgowlettab@tripadvisor.com,Female,$397702.46,587976114,PP
373,Theo,Craisford,tcraisfordac@berkeley.edu,Male,$680169.32,915039727,IT
374,Daniel,Basley,dbasleyad@hhs.gov,Male,$224322.17,425625769,CC
375,Aurie,Junkinson,ajunkinsonae@woothemes.com,Female,$703823.36,882723534,CC
376,Neysa,Ivankin,nivankinaf@studiopress.com,Female,$883212.65,1032466712,PP
377,Killie,Shama,kshamaag@cornell.edu,Male,$922604.92,154819058,IT
378,Leonardo,Marqyes,lmarqyesah@ow.ly,Male,$765830.26,1029217274,CC
379,Archie,Bowerman,abowermanai@netlog.com,Male,$823346.29,275646501,PP
380,Berk,Nelsen,bnelsenaj@yahoo.com,Male,$127906.74,913311740,CC
381,Jacobo,Patchett,jpatchettak@xinhuanet.com,Male,$421232.04,644500679,CC
382,Janie,De Maine,jdemaineal@imageshack.us,Female,$421390.23,944789280,IT
383,Sterling,Horsewood,shorsewoodam@dailymail.co.uk,Male,$101076.85,580317343,CC
384,Freida,Buckston,fbuckstonan@so-net.ne.jp,Female,$601544.96,47605126,IT
385,Freemon,Echallier,fechallierao@imageshack.us,Male,$862917.63,489777590,PP
386,Kaiser,Martinello,kmartinelloap@a8.net,Male,$724596.41,83190521,IT
387,Gradey,Oret,goretaq@mit.edu,Male,$456273.81,717158814,PP
388,Valenka,Dafydd,vdafyddar@pen.io,Female,$754154.31,620853895,CC
389,Melisandra,McVicker,mmcvickeras@goo.ne.jp,Female,$496359.38,147632361,IT
390,Kay,Clemot,kclemotat@eepurl.com,Female,$338535.80,164613940,CC
391,Annetta,Balfour,abalfourau@cbslocal.com,Female,$935963.07,105445519,PP
392,Hilliary,Borge,hborgeav@cbslocal.com,Female,$822186.89,720583042,PP
393,Rhetta,Snelgar,rsnelgaraw@sciencedirect.com,Female,$126717.04,735288287,IT
394,Rowen,Fagan,rfaganax@yahoo.co.jp,Male,$309776.61,737353447,PP
395,Carmina,Burt,cburtay@jimdo.com,Female,$477940.48,804233142,PP
396,Pierette,Hindes,phindesaz@accuweather.com,Female,$999561.87,473860816,IT
397,Deanne,Edgeson,dedgesonb0@over-blog.com,Female,$799362.93,508282034,PP
398,Garvy,Erangey,gerangeyb1@shutterfly.com,Male,$485989.96,530351844,PP
399,Kent,Scurfield,kscurfieldb2@amazon.de,Male,$466338.21,734926177,PP
400,Theodoric,Ribeiro,tribeirob3@imgur.com,Male,$838450.20,275275452,IT
401,Corny,Pudding,cpuddingb4@wisc.edu,Female,$809044.46,33007322,IT
402,Giuseppe,Von Helmholtz,gvonhelmholtzb5@pbs.org,Male,$835920.98,155808112,IT
403,Son,Biddles,sbiddlesb6@abc.net.au,Male,$965100.05,718649282,IT
404,Mellie,Strewthers,mstrewthersb7@live.com,Female,$486326.27,660045485,CC
405,Tim,Repp,treppb8@tuttocitta.it,Female,$588986.16,782305688,IT
406,Hamnet,Dinis,hdinisb9@theguardian.com,Male,$909296.89,468281850,IT
407,Yardley,Baison,ybaisonba@vkontakte.ru,Male,$336706.31,770923830,IT
408,Bord,Vasiljevic,bvasiljevicbb@yahoo.co.jp,Male,$680021.89,134843349,IT
409,Ravid,Sewter,rsewterbc@msu.edu,Male,$717499.97,67509982,PP
410,Britni,Skeates,bskeatesbd@blog.com,Female,$509011.49,204443080,IT
411,Verena,Housecroft,vhousecroftbe@omniture.com,Female,$910340.81,288707717,CC
412,Alidia,Durtnell,adurtnellbf@w3.org,Female,$462479.99,1019966689,IT
413,Bradley,Cole,bcolebg@wikipedia.org,Male,$524334.57,330796974,PP
414,Rikki,O'Dulchonta,rodulchontabh@woothemes.com,Female,$382817.68,311529525,CC
415,Tracy,Bezemer,tbezemerbi@washingtonpost.com,Female,$548388.10,797292083,CC
416,Stephanus,Ellum,sellumbj@pen.io,Male,$160562.35,1044837933,PP
417,Jody,Beane,jbeanebk@businesswire.com,Female,$213766.30,175607277,IT
418,Carlin,Jarvie,cjarviebl@chicagotribune.com,Male,$835400.65,501399261,PP
419,Francois,Nolot,fnolotbm@hibu.com,Male,$158931.45,426382773,PP
420,Joane,Fincke,jfinckebn@geocities.com,Female,$570886.91,1042095990,PP
421,Russ,Reinard,rreinardbo@shareasale.com,Male,$214509.99,961312164,IT
422,Briney,Jopson,bjopsonbp@abc.net.au,Female,$913872.41,58775065,CC
423,Dale,Camin,dcaminbq@geocities.jp,Female,$668504.23,631707459,PP
424,Bogey,McGlynn,bmcglynnbr@exblog.jp,Male,$618557.56,366740571,CC
425,Meris,Spavon,mspavonbs@booking.com,Female,$318699.24,1005209907,PP
426,Mackenzie,Rosenzveig,mrosenzveigbt@live.com,Male,$272874.91,947247919,IT
427,Fanechka,MacClancey,fmacclanceybu@ovh.net,Female,$759764.62,839879523,PP
428,Rudd,Merlin,rmerlinbv@pcworld.com,Male,$764437.27,339102712,CC
429,Cindelyn,Lamzed,clamzedbw@ucoz.com,Female,$592803.33,1047619913,PP
430,Simone,Klicher,sklicherbx@last.fm,Female,$500876.54,472597784,PP
431,Virgie,Beardmore,vbeardmoreby@mac.com,Female,$224725.81,599196013,IT
432,Roth,O'Carran,rocarranbz@uol.com.br,Male,$104627.39,255890183,CC
433,Enrique,Szymanski,eszymanskic0@narod.ru,Male,$962580.01,600572286,PP
434,Karie,Woosnam,kwoosnamc1@cbslocal.com,Female,$824368.79,260937122,IT
435,Ingar,Featherstonehaugh,ifeatherstonehaughc2@netlog.com,Male,$292883.73,698138351,IT
436,Chrissie,Cristofano,ccristofanoc3@census.gov,Female,$226636.58,632665802,CC
437,Cirillo,Curl,ccurlc4@apache.org,Male,$886370.84,914510989,PP
438,Kaile,McQuin,kmcquinc5@posterous.com,Female,$732452.41,507317226,PP
439,Augustin,Serjent,aserjentc6@cbslocal.com,Male,$670343.24,793527925,IT
440,Gabie,Corsar,gcorsarc7@dailymail.co.uk,Male,$366408.32,679413079,IT
441,Timmy,Follan,tfollanc8@godaddy.com,Male,$354684.09,912660009,CC
442,Avictor,Hick,ahickc9@myspace.com,Male,$813136.49,379249693,IT
443,Ofelia,Lundbech,olundbechca@google.es,Female,$189479.61,724947996,PP
444,Lotti,Horribine,lhorribinecb@discuz.net,Female,$433104.17,851988234,PP
445,Jeremy,Battaille,jbattaillecc@phoca.cz,Male,$800774.72,361212188,CC
446,Alanna,Hanhard,ahanhardcd@slideshare.net,Female,$224104.72,885187546,CC
447,Brander,Twells,btwellsce@plala.or.jp,Male,$577530.71,84456637,PP
448,Den,Maccaddie,dmaccaddiecf@lycos.com,Male,$713546.40,796864649,PP
449,Marven,Patroni,mpatronicg@sakura.ne.jp,Male,$709456.99,447134186,CC
450,Rand,Jamme,rjammech@hexun.com,Male,$715446.30,127152525,PP
451,Wendell,Gathercoal,wgathercoalci@ebay.co.uk,Male,$930020.02,268281361,IT
452,Orville,Meadows,omeadowscj@irs.gov,Male,$816058.06,420012970,PP
453,Margaux,Gulleford,mgullefordck@dailymail.co.uk,Female,$966053.20,762525938,CC
454,Felicdad,McWhan,fmcwhancl@imgur.com,Female,$508336.51,18294263,IT
455,Selena,McEwan,smcewancm@jigsy.com,Female,$560043.68,568520325,PP
456,Beulah,Tapp,btappcn@usa.gov,Female,$197804.38,303124051,CC
457,Rupert,Tincombe,rtincombeco@answers.com,Male,$847708.80,21306681,PP
458,Lana,Bosher,lboshercp@squarespace.com,Female,$764284.40,86829621,CC
459,Haskell,Bointon,hbointoncq@blinklist.com,Male,$860952.15,846701345,CC
460,Ellswerth,Vint,evintcr@yahoo.com,Male,$468166.45,794081312,IT
461,Sigrid,Caygill,scaygillcs@newsvine.com,Female,$496724.03,573954827,IT
462,Marj,Besantie,mbesantiect@wufoo.com,Female,$520219.03,955144708,PP
463,Aline,Lightbody,alightbodycu@smugmug.com,Female,$118083.98,154911060,CC
464,Lanny,Cansdell,lcansdellcv@biblegateway.com,Male,$448591.68,1027919204,PP
465,Lazare,Popplestone,lpopplestonecw@indiegogo.com,Male,$106394.78,482844601,PP
466,Joyous,Dyet,jdyetcx@github.com,Female,$739874.90,910276105,CC
467,Adara,Reide,areidecy@discovery.com,Female,$833853.08,385395190,PP
468,Gwenni,Stilgoe,gstilgoecz@eventbrite.com,Female,$670597.09,669718948,IT
469,Tremayne,Dacres,tdacresd0@npr.org,Male,$130880.51,308761416,CC
470,Brannon,Clues,bcluesd1@github.com,Male,$194773.65,785840536,CC
471,Izzy,O'Hoolahan,iohoolahand2@yahoo.com,Male,$579199.21,104953118,PP
472,Adrien,Insole,ainsoled3@multiply.com,Male,$591345.10,738863063,IT
473,Felice,Sturgis,fsturgisd4@xinhuanet.com,Female,$861423.92,46515636,PP
474,Northrup,Lunt,nluntd5@squidoo.com,Male,$636076.80,18514450,CC
475,Gypsy,Pren,gprend6@jalbum.net,Female,$532846.68,787044505,CC
476,Cilka,Congreve,ccongreved7@icq.com,Female,$360563.38,912096776,IT
477,Kaitlynn,Sleet,ksleetd8@google.pl,Female,$882547.83,620268841,IT
478,Christan,Doel,cdoeld9@sun.com,Female,$602539.84,838499745,PP
479,Rayner,Ramey,rrameyda@ezinearticles.com,Male,$622380.96,880034499,IT
480,Nari,Janus,njanusdb@nationalgeographic.com,Female,$140322.71,250317657,CC
481,Lefty,Gent,lgentdc@google.nl,Male,$162601.63,670729565,CC
482,Monty,ffrench Beytagh,mffrenchbeytaghdd@is.gd,Male,$972976.63,919291702,IT
483,Niven,Tremollet,ntremolletde@amazon.co.uk,Male,$162616.68,252158633,IT
484,Theo,Haffard,thaffarddf@twitter.com,Female,$261813.21,842125671,PP
485,Karlene,Raxworthy,kraxworthydg@example.com,Female,$318271.93,275413451,CC
486,Gilles,Craine,gcrainedh@walmart.com,Male,$471469.56,296660204,CC
487,Benjamin,Coleyshaw,bcoleyshawdi@examiner.com,Male,$564699.67,968935507,IT
488,Jayson,MacAlester,jmacalesterdj@smugmug.com,Male,$154119.88,122792306,PP
489,Sherman,Galland,sgallanddk@paginegialle.it,Male,$704428.25,304171461,CC
490,Mano,Tezure,mtezuredl@alexa.com,Male,$773127.81,688882789,PP
491,Candy,Pettus,cpettusdm@usda.gov,Female,$563888.01,328334410,CC
492,Kimbell,Reasce,kreascedn@nba.com,Male,$877482.50,567335765,CC
493,Langsdon,Hargitt,lhargittdo@geocities.com,Male,$401859.23,1040585439,CC
494,Bianca,Carsey,bcarseydp@soundcloud.com,Female,$672758.18,185450872,IT
495,Lennie,Wolfer,lwolferdq@census.gov,Male,$546388.00,111491952,IT
496,Bronny,Maldin,bmaldindr@mashable.com,Male,$667716.84,566841217,PP
497,Antons,Starkey,astarkeyds@networksolutions.com,Male,$753584.80,883205397,PP
498,Layney,Schule,lschuledt@jiathis.com,Female,$553917.48,215966939,CC
499,Betsey,Marcinkus,bmarcinkusdu@marketwatch.com,Female,$212886.65,762599257,PP
500,Korey,Janak,kjanakdv@php.net,Male,$334439.58,613821649,IT
501,Sharleen,O'Hagirtie,sohagirtiedw@behance.net,Female,$406759.68,592455582,PP
502,Darrel,Ollie,dolliedx@loc.gov,Male,$593158.05,731341817,IT
503,Odell,Laybourne,olaybournedy@github.io,Male,$583250.78,810638443,PP
504,Marna,Fusedale,mfusedaledz@blinklist.com,Female,$667621.78,466572423,PP
505,Noreen,Roscam,nroscame0@youtube.com,Female,$726558.25,576030793,CC
506,Averil,Schnitter,aschnittere1@seattletimes.com,Male,$775018.90,57400179,IT
507,Donia,Davidzon,ddavidzone2@youtube.com,Female,$371328.14,596978509,PP
508,Merwin,Osbiston,mosbistone3@pbs.org,Male,$730006.97,800448715,PP
509,Hazel,Rame,hramee4@over-blog.com,Female,$490263.97,877149170,PP
510,Joya,Whaymand,jwhaymande5@macromedia.com,Female,$572467.22,5887952,IT
511,Carmine,Gilardi,cgilardie6@smh.com.au,Male,$628966.68,251043931,IT
512,Leland,Fishby,lfishbye7@mysql.com,Female,$313088.95,376495880,PP
513,Artemis,Whisson,awhissone8@plala.or.jp,Male,$908207.11,359281722,IT
514,Peyter,Halford,phalforde9@icq.com,Male,$407989.13,273406080,CC
515,Shell,Culpan,sculpanea@salon.com,Male,$729567.13,991906334,IT
516,Skyler,Pretty,sprettyeb@tinypic.com,Male,$497511.63,31462160,IT
517,Laure,Matthias,lmatthiasec@imageshack.us,Female,$389391.35,710562394,CC
518,Waly,Kalaher,wkalahered@craigslist.org,Female,$115947.59,1032242359,CC
519,Goldarina,Brosi,gbrosiee@kickstarter.com,Female,$456171.65,730725011,IT
520,Wald,Sanday,wsandayef@globo.com,Male,$725320.64,525703320,PP
521,Ermin,Binley,ebinleyeg@stumbleupon.com,Male,$162940.38,1022568572,CC
522,Cliff,Stell,cstelleh@shop-pro.jp,Male,$260320.64,622462486,CC
523,Moshe,Cammack,mcammackei@dyndns.org,Male,$164953.85,259246216,CC
524,Roslyn,Feaster,rfeasterej@huffingtonpost.com,Female,$428016.16,808909929,IT
525,Agatha,Jobern,ajobernek@unesco.org,Female,$211593.74,684098734,IT
526,Donalt,Rumbellow,drumbellowel@nytimes.com,Male,$881390.62,80008945,IT
527,Jdavie,Sergant,jsergantem@theatlantic.com,Male,$698283.32,970262522,CC
528,Hester,Van Der Straaten,hvanderstraatenen@intel.com,Female,$906562.90,707835420,PP
529,Alanson,Greensted,agreenstedeo@yandex.ru,Male,$518171.72,42516827,PP
530,Hugh,Plascott,hplascottep@dot.gov,Male,$358874.48,722925423,CC
531,Sheena,Rubinsky,srubinskyeq@homestead.com,Female,$109344.89,49097182,PP
532,Gilbertina,Cruddas,gcruddaser@360.cn,Female,$544815.18,217631952,PP
533,Erna,Valentin,evalentines@51.la,Female,$110075.21,342410806,IT
534,Maxwell,Cocher,mcocheret@desdev.cn,Male,$858442.63,261294095,IT
535,Stepha,Gresley,sgresleyeu@altervista.org,Female,$371568.79,684178206,IT
536,Demott,Feely,dfeelyev@fema.gov,Male,$790742.58,77334785,PP
537,Vanni,Unthank,vunthankew@cafepress.com,Female,$427443.77,528772493,CC
538,Say,Wagerfield,swagerfieldex@mapquest.com,Male,$594549.19,838322717,CC
539,Symon,Brownlie,sbrownlieey@apple.com,Male,$625389.61,290923841,CC
540,Berny,Ings,bingsez@sfgate.com,Male,$752585.69,439780634,IT
541,Tamiko,Grunder,tgrunderf0@slate.com,Female,$174145.25,328373348,IT
542,Gill,Billingsly,gbillingslyf1@arizona.edu,Male,$883169.46,762137722,IT
543,Lissa,Rosenbusch,lrosenbuschf2@geocities.com,Female,$953325.20,501718323,IT
544,Cazzie,Brunning,cbrunningf3@hatena.ne.jp,Male,$873307.45,257184857,CC
545,Alonzo,Fawdrie,afawdrief4@narod.ru,Male,$460222.70,655623849,CC
546,Mona,Billingham,mbillinghamf5@senate.gov,Female,$138421.03,86367861,PP
547,Cointon,Choke,cchokef6@alexa.com,Male,$467378.13,502547196,CC
548,Jenelle,Moscrop,jmoscropf7@aol.com,Female,$327352.37,6481280,IT
549,Clari,Jakobssen,cjakobssenf8@miitbeian.gov.cn,Female,$127054.08,865025869,CC
550,Joannes,Mc Coughan,jmccoughanf9@cmu.edu,Female,$557675.24,945656159,CC
551,Papageno,Lockhurst,plockhurstfa@va.gov,Male,$264162.01,870176360,CC
552,Flss,Garvin,fgarvinfb@github.com,Female,$295488.08,730028276,PP
553,Otto,Rodway,orodwayfc@newyorker.com,Male,$735907.83,463743268,CC
554,Edwin,Muckersie,emuckersiefd@mozilla.org,Male,$328789.18,465893236,IT
555,Ethelind,Govett,egovettfe@forbes.com,Female,$581703.33,807802550,PP
556,Cyrus,Emmerson,cemmersonff@delicious.com,Male,$825717.48,388089960,IT
557,Elden,Wardall,ewardallfg@hubpages.com,Male,$622588.49,484365303,IT
558,Vita,Strutley,vstrutleyfh@amazon.com,Female,$506194.60,1003038749,IT
559,Ben,Greenhaugh,bgreenhaughfi@diigo.com,Male,$978043.46,1034909542,CC
560,Maria,Playden,mplaydenfj@so-net.ne.jp,Female,$443154.88,556175539,IT
561,Jacquette,Suarez,jsuarezfk@rediff.com,Female,$401186.23,665609717,IT
562,Rasla,Loving,rlovingfl@yahoo.co.jp,Female,$628890.41,545369881,CC
563,Hallie,Penrith,hpenrithfm@usa.gov,Female,$311592.86,988660801,PP
564,Philippa,Mellonby,pmellonbyfn@geocities.jp,Female,$832016.56,1007647314,IT
565,Nicol,Klass,nklassfo@guardian.co.uk,Female,$953638.51,661313795,IT
566,Filberto,Brockie,fbrockiefp@netvibes.com,Male,$289722.53,74151104,PP
567,Vasily,Youngman,vyoungmanfq@census.gov,Male,$825400.99,146942272,CC
568,Glennie,Benz,gbenzfr@house.gov,Female,$653227.52,510565285,IT
569,Ewen,Grcic,egrcicfs@behance.net,Male,$889911.19,365931962,CC
570,Viv,Heims,vheimsft@ucoz.ru,Female,$830808.13,889459724,PP
571,Finlay,Rathbone,frathbonefu@nature.com,Male,$423069.74,579255229,IT
572,Floyd,Lemar,flemarfv@eventbrite.com,Male,$492861.11,1013695167,PP
573,Nickey,Winfrey,nwinfreyfw@wsj.com,Male,$478517.26,219665111,CC
574,Carmon,Heimann,cheimannfx@cornell.edu,Female,$140292.00,161283592,IT
575,Rodina,Simenot,rsimenotfy@tuttocitta.it,Female,$833792.65,847878027,PP
576,Abagail,Lovstrom,alovstromfz@harvard.edu,Female,$742473.16,393195122,PP
577,Theodora,Ritter,tritterg0@t-online.de,Female,$928674.10,405086288,IT
578,Binni,Gudgeon,bgudgeong1@hostgator.com,Female,$261855.33,499141333,CC
579,Claybourne,Meggison,cmeggisong2@va.gov,Male,$871922.88,703356092,CC
580,Beryle,Allaker,ballakerg3@reuters.com,Female,$620723.76,192563920,CC
581,Tamera,O'Feeny,tofeenyg4@example.com,Female,$659419.64,754570581,PP
582,Ianthe,Sommerscales,isommerscalesg5@xrea.com,Female,$616146.56,176263817,IT
583,Kati,Kermeen,kkermeeng6@reverbnation.com,Female,$811622.39,663864015,CC
584,Jaquelyn,Delle,jdelleg7@1688.com,Female,$315021.18,206701525,PP
585,Sarine,Tailby,stailbyg8@comcast.net,Female,$145336.81,420666979,IT
586,Tamarah,Burthom,tburthomg9@desdev.cn,Female,$284284.46,230669076,CC
587,Jackie,Kiley,jkileyga@google.it,Female,$401526.90,532765642,PP
588,Muriel,Janczewski,mjanczewskigb@4shared.com,Female,$843429.80,58545097,IT
589,Elysha,Axby,eaxbygc@un.org,Female,$451121.37,88858979,CC
590,Conrad,Stockall,cstockallgd@mail.ru,Male,$836556.41,523015967,IT
591,Christan,Lightbody,clightbodyge@telegraph.co.uk,Female,$931925.30,975065594,IT
592,Betta,Norris,bnorrisgf@samsung.com,Female,$525734.75,907012972,IT
593,Candie,Kener,ckenergg@about.me,Female,$697892.26,574559161,PP
594,Pamella,Petrelli,ppetrelligh@youtube.com,Female,$736364.70,376271555,CC
595,Ryley,Waszkiewicz,rwaszkiewiczgi@about.com,Male,$251134.49,525342432,CC
596,Aubry,Thatcher,athatchergj@admin.ch,Female,$222690.14,993646972,CC
597,Leon,Brownhill,lbrownhillgk@examiner.com,Male,$972790.96,533855225,CC
598,Odelinda,Cains,ocainsgl@paginegialle.it,Female,$343145.54,421136305,IT
599,Quincy,Quickenden,qquickendengm@qq.com,Male,$215970.09,633217605,CC
600,Gabriel,Ferrettini,gferrettinign@google.ca,Female,$276302.68,280490074,CC
601,Pippy,Deason,pdeasongo@unc.edu,Female,$945769.78,801688557,IT
602,Oliviero,Kaliszewski,okaliszewskigp@purevolume.com,Male,$801347.97,450245702,PP
603,Fonz,Ruggieri,fruggierigq@zimbio.com,Male,$938051.30,680453734,PP
604,Elvera,Straughan,estraughangr@admin.ch,Female,$380596.31,939829561,IT
605,Winona,Penner,wpennergs@e-recht24.de,Female,$893171.77,382393944,IT
606,Harriot,Mulmuray,hmulmuraygt@umich.edu,Female,$103321.45,366425590,IT
607,Teirtza,Saltman,tsaltmangu@360.cn,Female,$740011.34,959131783,PP
608,Marin,Creegan,mcreegangv@usgs.gov,Female,$647507.03,443568319,PP
609,Ode,Skitteral,oskitteralgw@chron.com,Male,$220109.90,803538358,PP
610,Bee,Lowe,blowegx@google.com,Female,$158489.01,781983389,CC
611,Jere,Aitkin,jaitkingy@bloglines.com,Male,$594845.80,666632592,PP
612,Ichabod,Highway,ihighwaygz@miitbeian.gov.cn,Male,$368235.37,648310156,IT
613,Ruddy,Bagguley,rbagguleyh0@ft.com,Male,$728927.91,887947252,PP
614,Milo,Seaking,mseakingh1@vkontakte.ru,Male,$163404.43,765993090,IT
615,Lutero,Gleave,lgleaveh2@clickbank.net,Male,$531625.77,791232352,CC
616,Richardo,Ferencowicz,rferencowiczh3@google.it,Male,$113622.99,74398703,CC
617,Jayme,Cohn,jcohnh4@google.co.jp,Male,$713233.51,193710480,IT
618,Moll,Kob,mkobh5@dyndns.org,Female,$217803.79,85181368,IT
619,Melli,Esselin,messelinh6@vistaprint.com,Female,$643254.86,110929715,PP
620,Julina,Behnen,jbehnenh7@hao123.com,Female,$163204.68,474177689,IT
621,Rudie,Weiser,rweiserh8@mozilla.org,Male,$125792.56,579512975,IT
622,Burr,Sackey,bsackeyh9@si.edu,Male,$258243.58,331625236,PP
623,Jewelle,Chapleo,jchapleoha@dell.com,Female,$682661.73,169862869,CC
624,Jobina,Noweak,jnoweakhb@ed.gov,Female,$988458.71,648687671,CC
625,Kiele,Touzey,ktouzeyhc@reverbnation.com,Female,$514137.86,913138759,IT
626,Katlin,Alexsandrovich,kalexsandrovichhd@last.fm,Female,$143860.42,773670843,PP
627,Roxana,Polamontayne,rpolamontaynehe@netlog.com,Female,$397115.54,890446979,IT
628,Reuben,Lowden,rlowdenhf@ibm.com,Male,$465543.98,855285377,PP
629,Kalina,Whymark,kwhymarkhg@linkedin.com,Female,$998833.93,371789174,IT
630,Stanwood,Haig,shaighh@tuttocitta.it,Male,$483733.34,369440902,CC
631,Ambur,Stolberg,astolberghi@bluehost.com,Female,$583978.83,40793173,IT
632,Percival,McGroarty,pmcgroartyhj@goo.ne.jp,Male,$869634.45,759878726,PP
633,Ozzie,Whiterod,owhiterodhk@phoca.cz,Male,$425711.58,1013863652,CC
634,Feodora,Blore,fblorehl@twitpic.com,Female,$364548.17,405520924,PP
635,Daune,Mc Caughan,dmccaughanhm@buzzfeed.com,Female,$316480.23,138289812,PP
636,Hunfredo,Buchan,hbuchanhn@nifty.com,Male,$782125.97,574027540,IT
637,Tamar,Kempster,tkempsterho@mashable.com,Female,$727535.96,18094796,CC
638,Janaya,Faircliff,jfaircliffhp@miitbeian.gov.cn,Female,$557260.58,836398986,CC
639,Skippy,Laurenz,slaurenzhq@ted.com,Male,$713849.40,567678135,IT
640,Min,Skellington,mskellingtonhr@pagesperso-orange.fr,Female,$381665.30,553945295,PP
641,Cullen,Flukes,cflukeshs@irs.gov,Male,$331419.37,873275839,PP
642,Mackenzie,De Cristoforo,mdecristoforoht@blogspot.com,Male,$224330.75,408668191,CC
643,Eziechiele,Shyram,eshyramhu@g.co,Male,$332329.73,12985769,PP
644,Kirstin,Cogdon,kcogdonhv@bigcartel.com,Female,$941084.06,54136924,CC
645,Jennilee,Trase,jtrasehw@etsy.com,Female,$990819.21,1013788332,PP
646,Ingelbert,Durant,iduranthx@diigo.com,Male,$743241.68,814874661,CC
647,Timofei,Garraway,tgarrawayhy@indiatimes.com,Male,$296842.56,110186197,CC
648,Janette,Kilbane,jkilbanehz@trellian.com,Female,$582172.07,1041574877,CC
649,Lanie,McGuirk,lmcguirki0@amazon.com,Female,$227877.89,425644152,CC
650,Sherwood,Bodesson,sbodessoni1@ftc.gov,Male,$815520.72,221088147,PP
651,Benedicto,Goodered,bgooderedi2@liveinternet.ru,Male,$562237.87,833330081,CC
652,Meara,Fargie,mfargiei3@indiatimes.com,Female,$880574.78,576892143,CC
653,Nedda,Rau,nraui4@miitbeian.gov.cn,Female,$971180.65,632029590,CC
654,Brittni,St Angel,bstangeli5@businessweek.com,Female,$293375.18,1043410048,CC
655,Rudolf,Jockle,rjocklei6@usatoday.com,Male,$909059.44,360538900,PP
656,Devora,Evensden,devensdeni7@cpanel.net,Female,$315614.48,1033606129,IT
657,Nobie,Blenkinship,nblenkinshipi8@wikipedia.org,Male,$303124.62,443915914,IT
658,Marion,Von Welldun,mvonwellduni9@arstechnica.com,Male,$333460.53,383223421,IT
659,Oates,Forman,oformania@ucoz.com,Male,$776557.70,789107586,PP
660,Rabbi,Beeckx,rbeeckxib@shutterfly.com,Male,$874791.81,128010659,PP
661,Darline,Tewkesbury.,dtewkesburyic@de.vu,Female,$466012.50,572478701,PP
662,Mariellen,Cordeau,mcordeauid@digg.com,Female,$628585.97,574550277,PP
663,Heath,Cornall,hcornallie@google.nl,Female,$598764.62,1047119197,PP
664,Laney,Ashelford,lashelfordif@google.fr,Female,$790709.12,993260037,IT
665,Reed,Sloey,rsloeyig@npr.org,Male,$125772.59,711254035,CC
666,Octavius,Skupinski,oskupinskiih@apache.org,Male,$149947.28,77860155,PP
667,Nye,Sarjeant,nsarjeantii@prweb.com,Male,$572913.76,87367937,IT
668,Nealy,Tinston,ntinstonij@merriam-webster.com,Male,$107158.95,51939838,PP
669,Vonni,Attwater,vattwaterik@webnode.com,Female,$990203.97,39922381,CC
670,Bethany,Woolaghan,bwoolaghanil@zimbio.com,Female,$513800.44,300364083,IT
671,Shayla,Exrol,sexrolim@reuters.com,Female,$637080.85,984926356,PP
672,Raye,Calbert,rcalbertin@goo.gl,Female,$981743.77,734497359,CC
673,Valle,Folcarelli,vfolcarelliio@free.fr,Male,$588692.40,723068926,PP
674,Shelly,Fitzer,sfitzerip@independent.co.uk,Female,$854146.02,764715673,CC
675,Caitrin,Piatti,cpiattiiq@quantcast.com,Female,$182391.23,732493126,PP
676,Kendricks,Welfair,kwelfairir@4shared.com,Male,$536017.08,60424451,PP
677,Israel,Fraulo,ifraulois@time.com,Male,$582382.06,327164702,IT
678,Howard,Kusick,hkusickit@cnbc.com,Male,$324917.36,945137390,CC
679,Gayleen,Dreakin,gdreakiniu@scientificamerican.com,Female,$601475.83,1048893374,IT
680,Caroljean,Heap,cheapiv@home.pl,Female,$637691.24,601275523,IT
681,Osborn,Morby,omorbyiw@army.mil,Male,$814196.63,67228221,PP
682,Nicholas,Langrish,nlangrishix@paginegialle.it,Male,$322264.75,113229658,IT
683,Tara,Shortall,tshortalliy@cdbaby.com,Female,$246331.54,337408505,CC
684,Farica,Insworth,finsworthiz@drupal.org,Female,$614255.73,802892067,PP
685,Odette,Alder,oalderj0@admin.ch,Female,$835521.69,595457945,CC
686,North,Rahl,nrahlj1@bloglovin.com,Male,$616179.59,773640115,PP
687,Hamish,Siman,hsimanj2@topsy.com,Male,$555665.99,793906676,PP
688,Dollie,Neighbour,dneighbourj3@naver.com,Female,$922232.60,789194098,PP
689,Corabel,Stanbrooke,cstanbrookej4@howstuffworks.com,Female,$545941.53,998009239,IT
690,Eal,Berzin,eberzinj5@vistaprint.com,Male,$327303.47,155832100,IT
691,Carolan,Guiett,cguiettj6@yandex.ru,Female,$922171.72,702622295,PP
692,Caril,Khomishin,ckhomishinj7@oakley.com,Female,$608251.50,650140939,IT
693,Reilly,Broadbere,rbroadberej8@g.co,Male,$480301.11,954383764,PP
694,Tracey,Anlay,tanlayj9@friendfeed.com,Female,$949085.23,357168071,PP
695,Prescott,Hourihan,phourihanja@gizmodo.com,Male,$283768.71,387621071,IT
696,Annabel,Crowdace,acrowdacejb@i2i.jp,Female,$292672.92,45172866,PP
697,Felita,Swyer,fswyerjc@who.int,Female,$102612.63,807339752,CC
698,Emili,Stormouth,estormouthjd@amazon.de,Female,$308275.30,981342331,IT
699,Harland,Andryszczak,handryszczakje@bloglines.com,Male,$416666.64,577182557,CC
700,Patience,O'Rodane,porodanejf@indiatimes.com,Female,$589322.28,593770022,CC
701,Phil,Vaggs,pvaggsjg@dailymotion.com,Female,$794636.01,962828487,PP
702,Darrin,Falcus,dfalcusjh@gov.uk,Male,$873369.15,770925967,IT
703,Shaine,Hansell,shansellji@netlog.com,Female,$376000.55,390475421,PP
704,Arin,Saunter,asaunterjj@twitpic.com,Male,$926455.10,452688478,IT
705,Filberto,Maureen,fmaureenjk@nymag.com,Male,$661161.75,144726221,IT
706,Pail,Saw,psawjl@aboutads.info,Male,$374790.74,111450607,PP
707,Tiffani,Stilldale,tstilldalejm@hubpages.com,Female,$108145.16,649741698,CC
708,Mead,Walesa,mwalesajn@canalblog.com,Male,$935239.91,755993977,CC
709,Danit,Pashbee,dpashbeejo@discuz.net,Female,$825812.47,301484978,CC
710,Rhetta,Motherwell,rmotherwelljp@a8.net,Female,$414314.12,204087266,CC
711,Wallie,Petticrow,wpetticrowjq@hc360.com,Female,$111337.12,1031247911,CC
712,Gill,Stannett,gstannettjr@hugedomains.com,Male,$149028.89,367400960,CC
713,Phaidra,Haythornthwaite,phaythornthwaitejs@ehow.com,Female,$783827.51,888619242,IT
714,Tani,Dowsey,tdowseyjt@businessweek.com,Female,$664581.64,590543653,CC
715,Maison,Biasio,mbiasioju@twitpic.com,Male,$637367.20,79585475,PP
716,Aridatha,Showen,ashowenjv@reddit.com,Female,$558380.10,837920273,IT
717,Freddy,Dollard,fdollardjw@google.co.jp,Male,$792121.94,834321568,CC
718,Lea,Kivelhan,lkivelhanjx@opensource.org,Female,$114674.67,187636173,CC
719,Gideon,Sodeau,gsodeaujy@github.com,Male,$315740.17,330182086,PP
720,Si,Ghest,sghestjz@ehow.com,Male,$506208.15,760533055,PP
721,Udell,Shearwood,ushearwoodk0@goo.gl,Male,$306593.10,577226256,IT
722,Lorilee,Creasey,lcreaseyk1@trellian.com,Female,$396445.62,409584672,IT
723,Winifield,Staines,wstainesk2@rambler.ru,Male,$447411.20,494149218,PP
724,Caye,Tidswell,ctidswellk3@geocities.com,Female,$296558.17,783730015,IT
725,Fanni,Bohin,fbohink4@google.com.br,Female,$299366.68,564709740,PP
726,Gerrie,Broadbent,gbroadbentk5@toplist.cz,Female,$679685.06,891402381,CC
727,Cissy,Mastrantone,cmastrantonek6@google.co.uk,Female,$537288.71,666710613,CC
728,Zenia,Whetton,zwhettonk7@nasa.gov,Female,$159210.98,965111686,CC
729,Lek,Ilyasov,lilyasovk8@surveymonkey.com,Male,$519870.17,365222284,PP
730,Micheil,Olczak,molczakk9@youtu.be,Male,$256337.92,896426670,PP
731,Marlena,Peace,mpeaceka@opensource.org,Female,$607971.52,39151967,CC
732,Stephenie,Toohey,stooheykb@miibeian.gov.cn,Female,$431461.44,139365424,CC
733,Caddric,Tuckie,ctuckiekc@webnode.com,Male,$201721.20,764130558,IT
734,Bernarr,Euels,beuelskd@wikia.com,Male,$388893.24,560637981,CC
735,Ernestus,Conew,econewke@weather.com,Male,$745358.07,1025663539,CC
736,Jen,Hendren,jhendrenkf@usnews.com,Female,$637952.97,477486032,PP
737,Jessamyn,Boyat,jboyatkg@mtv.com,Female,$408186.88,1007390819,IT
738,Reeta,Stein,rsteinkh@360.cn,Female,$361218.40,990711413,CC
739,Paquito,Woodsford,pwoodsfordki@dailymotion.com,Male,$157464.17,904294626,PP
740,Matti,Braam,mbraamkj@irs.gov,Female,$106581.65,603028671,PP
741,Minda,Embery,memberykk@live.com,Female,$706626.35,76368540,CC
742,Ervin,Roj,erojkl@ucoz.com,Male,$350181.03,82129619,PP
743,Brock,Osmint,bosmintkm@etsy.com,Male,$116317.90,646695467,CC
744,Danny,Whitecross,dwhitecrosskn@sakura.ne.jp,Male,$561713.34,329636961,CC
745,Kendricks,Idle,kidleko@51.la,Male,$774180.50,85502785,PP
746,Mord,Sigg,msiggkp@uiuc.edu,Male,$144458.62,868340367,CC
747,Jeffry,Mellonby,jmellonbykq@skyrock.com,Male,$702522.46,947995669,CC
748,Robinia,Mewett,rmewettkr@unesco.org,Female,$860309.01,145674656,IT
749,Sheree,Shelton,ssheltonks@upenn.edu,Female,$388861.28,845886727,CC
750,Norry,McCracken,nmccrackenkt@redcross.org,Female,$888289.45,445358152,IT
751,Betteann,Switland,bswitlandku@independent.co.uk,Female,$961184.96,685361773,CC
752,Johnny,Kiffe,jkiffekv@cafepress.com,Male,$322591.92,743418434,CC
753,Knox,Albrooke,kalbrookekw@shop-pro.jp,Male,$785166.68,816477144,PP
754,Mallissa,Lutty,mluttykx@webmd.com,Female,$628845.29,993220121,CC
755,Dorolisa,Ould,douldky@cbslocal.com,Female,$792770.45,968373514,PP
756,Putnem,Dorrins,pdorrinskz@wufoo.com,Male,$329022.83,153829010,IT
757,Kaycee,Hudleston,khudlestonl0@skyrock.com,Female,$943702.77,427908420,IT
758,Iggie,Dunridge,idunridgel1@time.com,Male,$715660.75,614774192,IT
759,Sybil,Schmidt,sschmidtl2@princeton.edu,Female,$904371.65,514603861,IT
760,Arthur,Snewin,asnewinl3@soundcloud.com,Male,$293217.77,1018454394,CC
761,Glyn,MacAloren,gmacalorenl4@freewebs.com,Male,$278773.83,295508564,PP
762,Worthy,Grinnell,wgrinnelll5@thetimes.co.uk,Male,$146200.91,667334676,PP
763,Wyatt,Blanc,wblancl6@bloglines.com,Male,$303092.46,761166435,IT
764,Oliviero,Iremonger,oiremongerl7@fda.gov,Male,$291244.71,466867980,IT
765,Case,Baumert,cbaumertl8@php.net,Male,$675899.03,377088790,CC
766,Giffie,Kezar,gkezarl9@pbs.org,Male,$505037.86,462890598,CC
767,Tripp,Boyes,tboyesla@bigcartel.com,Male,$812040.59,651974505,CC
768,Asia,Kennady,akennadylb@mayoclinic.com,Female,$647267.38,435286010,CC
769,Upton,Vasilov,uvasilovlc@cmu.edu,Male,$612428.93,270618591,IT
770,Gwyneth,Buggs,gbuggsld@google.com.hk,Female,$279896.54,535250482,PP
771,Marmaduke,Blomefield,mblomefieldle@redcross.org,Male,$686621.24,590635901,PP
772,Dora,Towll,dtowlllf@dagondesign.com,Female,$169553.52,95674792,IT
773,Gualterio,Katz,gkatzlg@chron.com,Male,$133564.78,1049469566,PP
774,Ezequiel,Malster,emalsterlh@spiegel.de,Male,$721369.03,324395190,IT
775,Antony,Loutheane,aloutheaneli@chron.com,Male,$219017.96,412201392,IT
776,Regina,Hesey,rheseylj@constantcontact.com,Female,$328704.94,761555895,IT
777,Iago,Normabell,inormabelllk@jiathis.com,Male,$391247.75,351544175,IT
778,Trumann,Beedom,tbeedomll@uol.com.br,Male,$770494.51,992789916,PP
779,Brnaby,McCarter,bmccarterlm@is.gd,Male,$823146.25,842455698,CC
780,Terri,Gipps,tgippsln@intel.com,Male,$611515.00,910056650,PP
781,Catherina,Smitheman,csmithemanlo@mayoclinic.com,Female,$512561.73,428244105,CC
782,Fawne,Pocknoll,fpocknolllp@mozilla.com,Female,$322311.30,479694253,CC
783,Codi,Scambler,cscamblerlq@blogtalkradio.com,Male,$627049.59,626356120,PP
784,Bruno,Hufton,bhuftonlr@samsung.com,Male,$713308.66,888474891,PP
785,Ario,Levington,alevingtonls@microsoft.com,Male,$726403.27,923404130,CC
786,Claiborne,Allanby,callanbylt@reddit.com,Male,$127822.34,633525421,IT
787,Gene,Jeger,gjegerlu@independent.co.uk,Female,$527638.47,99335766,PP
788,Alie,Skill,askilllv@ning.com,Female,$320846.47,1032987438,CC
789,Darb,Finnis,dfinnislw@msn.com,Female,$795232.28,250534217,IT
790,Winfield,Blackleech,wblackleechlx@umich.edu,Male,$142357.42,197882674,CC
791,Dallis,Bouzan,dbouzanly@mapy.cz,Male,$765686.13,583158961,CC
792,Delila,Melonby,dmelonbylz@squarespace.com,Female,$523973.59,282923002,IT
793,Mitchael,Gosland,mgoslandm0@mlb.com,Male,$673753.23,759951143,CC
794,Kai,Ecclesall,kecclesallm1@blogtalkradio.com,Female,$188516.56,926889423,PP
795,Jeanne,Armitt,jarmittm2@tmall.com,Female,$461980.70,745089528,CC
796,Willette,Finnimore,wfinnimorem3@ifeng.com,Female,$621313.41,822029622,CC
797,Genna,Piers,gpiersm4@diigo.com,Female,$123410.59,524901656,IT
798,Zola,Middleton,zmiddletonm5@google.com.hk,Female,$839570.12,389089349,PP
799,Shell,Wilshire,swilshirem6@rambler.ru,Male,$816092.35,147452943,IT
800,Tanya,Gartin,tgartinm7@shutterfly.com,Female,$552471.32,96318146,PP
801,Engelbert,Noell,enoellm8@nih.gov,Male,$830248.30,152447288,PP
802,Cyrille,Ebben,cebbenm9@google.com,Male,$165143.10,927448388,IT
803,Eldin,Camsey,ecamseyma@slideshare.net,Male,$918387.66,713492028,IT
804,Skippy,Feldbrin,sfeldbrinmb@eepurl.com,Male,$590820.45,199739500,CC
805,Maia,Boyton,mboytonmc@constantcontact.com,Female,$117224.32,426975247,IT
806,Dari,Verner,dvernermd@wunderground.com,Female,$622552.79,649671210,IT
807,Latrina,Lipsett,llipsettme@goo.ne.jp,Female,$802780.11,921982129,IT
808,Harlene,Neiland,hneilandmf@addthis.com,Female,$343981.87,467177445,CC
809,Roley,Alsop,ralsopmg@baidu.com,Male,$488319.73,624742970,IT
810,Rodge,Roscher,rroschermh@wikimedia.org,Male,$447186.06,956412175,IT
811,Farlay,Kidde,fkiddemi@cnet.com,Male,$575893.02,180131221,CC
812,Reginauld,Driscoll,rdriscollmj@ustream.tv,Male,$275349.85,814632584,CC
813,Nollie,Marples,nmarplesmk@woothemes.com,Male,$990596.35,232867956,CC
814,Ilyse,Norrey,inorreyml@archive.org,Female,$322380.23,403957260,CC
815,Shadow,Gricks,sgricksmm@twitpic.com,Male,$997126.93,278100186,IT
816,Baxter,Delgardillo,bdelgardillomn@ucsd.edu,Male,$263566.90,969285560,IT
817,Jermaine,Spenley,jspenleymo@tamu.edu,Male,$452934.76,971755894,IT
818,Humbert,Whanstall,hwhanstallmp@answers.com,Male,$198832.48,521026678,PP
819,Diandra,Patullo,dpatullomq@mysql.com,Female,$138587.13,255847726,CC
820,Jillayne,Belasco,jbelascomr@bravesites.com,Female,$543615.17,390723966,CC
821,Carce,Ridgeway,cridgewayms@pbs.org,Male,$941949.17,997618540,IT
822,Sacha,Camden,scamdenmt@wordpress.com,Female,$395598.72,723205856,PP
823,Alexandra,Redpath,aredpathmu@bravesites.com,Female,$616279.50,592286747,PP
824,Artur,Cheston,achestonmv@wikispaces.com,Male,$139549.19,782861083,CC
825,Ardra,Dunridge,adunridgemw@google.com.br,Female,$789839.91,388273623,IT
826,Ronni,Mabbett,rmabbettmx@pbs.org,Female,$872865.09,353042633,IT
827,Persis,Durning,pdurningmy@cargocollective.com,Female,$959812.61,586377375,IT
828,Cash,Morrow,cmorrowmz@sciencedaily.com,Male,$590970.17,337375072,PP
829,Malvin,Compfort,mcompfortn0@apple.com,Male,$477647.17,917513143,PP
830,Elna,Albin,ealbinn1@biglobe.ne.jp,Female,$736677.19,662976073,IT
831,Leighton,Lyle,llylen2@desdev.cn,Male,$474720.27,185814973,IT
832,Puff,Kopmann,pkopmannn3@elegantthemes.com,Male,$957513.21,953027138,PP
833,Celestyn,Norsister,cnorsistern4@apache.org,Female,$943943.22,754196288,CC
834,Spence,Hughland,shughlandn5@live.com,Male,$808938.67,960487876,PP
835,Siobhan,Stringer,sstringern6@sogou.com,Female,$911659.75,971880995,CC
836,Ferrel,Pischoff,fpischoffn7@rakuten.co.jp,Male,$805047.07,122161218,CC
837,Benedict,Oldfield,boldfieldn8@deliciousdays.com,Male,$658839.89,429727681,CC
838,Ali,Simison,asimisonn9@amazon.co.jp,Male,$317168.80,20899762,IT
839,Pierce,Yeoland,pyeolandna@accuweather.com,Male,$999351.61,336939328,CC
840,Amalia,Cusack,acusacknb@aboutads.info,Female,$929140.46,704625131,PP
841,Jaymie,Housley,jhousleync@geocities.jp,Male,$404519.72,745074688,CC
842,Dall,Chudleigh,dchudleighnd@nasa.gov,Male,$486530.68,287382579,PP
843,Diahann,Darnborough,ddarnboroughne@icio.us,Female,$412333.95,732641026,CC
844,Vladimir,Collman,vcollmannf@newsvine.com,Male,$449118.91,512111168,CC
845,Winni,Bendare,wbendareng@skype.com,Female,$750518.68,992662267,CC
846,Dilan,Seagar,dseagarnh@pagesperso-orange.fr,Male,$614714.24,467750920,IT
847,Rosaline,Stonbridge,rstonbridgeni@nhs.uk,Female,$287600.57,389901941,IT
848,Gilberto,Benian,gbeniannj@miibeian.gov.cn,Male,$934401.89,806654771,PP
849,Laryssa,Teenan,lteenannk@earthlink.net,Female,$531681.08,497198889,CC
850,Roley,Quinton,rquintonnl@wunderground.com,Male,$652954.40,937140365,CC
851,Timothee,covino,tcovinonm@seesaa.net,Male,$325075.95,896915743,PP
852,Curtis,Hentze,chentzenn@nsw.gov.au,Male,$859104.97,445225800,CC
853,Traci,Di Giacomettino,tdigiacomettinono@adobe.com,Female,$173834.38,1012697992,IT
854,Pamela,Gioan,pgioannp@who.int,Female,$699189.53,1017485673,CC
855,Ailee,Alldritt,aalldrittnq@bluehost.com,Female,$724347.16,917337540,IT
856,Sephira,Howen,showennr@cnet.com,Female,$922922.36,357166042,PP
857,Elijah,Bastie,ebastiens@cdbaby.com,Male,$841352.82,1006216138,CC
858,Valerye,Dublin,vdublinnt@1688.com,Female,$380835.60,730814462,CC
859,Jeniece,Viant,jviantnu@exblog.jp,Female,$769408.15,106065230,IT
860,Kamilah,Rignold,krignoldnv@hubpages.com,Female,$942418.04,820241583,CC
861,Eleanor,Legg,eleggnw@yelp.com,Female,$870695.95,536664216,IT
862,Natalie,Isaacs,nisaacsnx@nytimes.com,Female,$142381.91,976545255,PP
863,Gratia,Henaughan,ghenaughanny@fema.gov,Female,$510570.94,356535569,CC
864,Bern,Bellwood,bbellwoodnz@oakley.com,Male,$141360.40,552543912,IT
865,Stillmann,Bril,sbrilo0@cyberchimps.com,Male,$890231.63,30552190,CC
866,Kynthia,Aysh,kaysho1@dailymail.co.uk,Female,$869702.20,546759823,PP
867,Tome,Greenside,tgreensideo2@123-reg.co.uk,Male,$296932.45,90858287,PP
868,Lotti,Kroon,lkroono3@studiopress.com,Female,$410610.32,735274065,IT
869,Roddy,Gallihaulk,rgallihaulko4@mapy.cz,Male,$499665.80,638786004,CC
870,Marianna,Risman,mrismano5@vk.com,Female,$865868.18,233211683,IT
871,Sloane,O'Ruane,soruaneo6@bloglines.com,Male,$286643.81,737331028,IT
872,Rossie,Vasilevich,rvasilevicho7@spiegel.de,Male,$617734.05,666644081,IT
873,Biron,Brammall,bbrammallo8@dailymotion.com,Male,$169406.46,486708224,PP
874,Faythe,Rogliero,froglieroo9@springer.com,Female,$611966.36,1031694427,IT
875,Gerry,Stoate,gstoateoa@infoseek.co.jp,Female,$434073.18,36262940,CC
876,Janene,Woodus,jwoodusob@wordpress.org,Female,$240904.40,905650444,PP
877,Davidson,Sporle,dsporleoc@salon.com,Male,$853480.45,388803807,PP
878,Fulton,Quayle,fquayleod@guardian.co.uk,Male,$785651.82,858701116,PP
879,Bard,Jewks,bjewksoe@house.gov,Male,$430347.67,508795205,IT
880,Toby,Austick,taustickof@un.org,Female,$461467.39,91484096,PP
881,Leisha,Gorwood,lgorwoodog@addtoany.com,Female,$843029.67,200045918,CC
882,Geri,Chesterman,gchestermanoh@ning.com,Male,$201839.28,565784315,CC
883,Brion,O'Sheilds,bosheildsoi@phoca.cz,Male,$797890.35,898626559,IT
884,Lian,Regorz,lregorzoj@ustream.tv,Female,$374232.98,831272669,IT
885,Innis,Towns,itownsok@addtoany.com,Male,$704233.55,950158516,IT
886,Tyler,Bothie,tbothieol@wsj.com,Male,$809250.71,220439065,PP
887,Blayne,Kedwell,bkedwellom@indiegogo.com,Male,$191924.14,17712885,IT
888,Lorette,Berardt,lberardton@goo.ne.jp,Female,$735528.58,643193379,CC
889,Emanuel,Gurling,egurlingoo@usatoday.com,Male,$576583.71,680213037,PP
890,Chere,Erswell,cerswellop@github.com,Female,$117474.19,426035836,CC
891,Rutherford,Spuner,rspuneroq@timesonline.co.uk,Male,$290932.04,895673014,IT
892,Con,Laviste,clavisteor@chron.com,Male,$905398.21,990821863,CC
893,Dannel,Ginnaly,dginnalyos@washington.edu,Male,$853139.46,805783749,CC
894,Ariel,Bouette,abouetteot@gov.uk,Female,$997414.06,928543961,IT
895,Zita,Daunter,zdaunterou@bbc.co.uk,Female,$521794.22,6208000,PP
896,Tadd,Challicum,tchallicumov@drupal.org,Male,$369823.22,194035838,IT
897,Lyman,MacDaid,lmacdaidow@bizjournals.com,Male,$989407.90,326849548,CC
898,Gannie,Grelak,ggrelakox@soundcloud.com,Male,$184988.25,703428093,IT
899,Blinny,Sweynson,bsweynsonoy@google.nl,Female,$358228.12,238179299,PP
900,Dorthy,Mellanby,dmellanbyoz@ehow.com,Female,$290807.04,765735032,PP
901,Jorgan,Crepin,jcrepinp0@blogger.com,Male,$781791.69,440150995,CC
902,Michaelina,Kane,mkanep1@github.io,Female,$834188.81,450900179,PP
903,Theadora,Stanner,tstannerp2@quantcast.com,Female,$227492.63,777357904,IT
904,Robers,Mabone,rmabonep3@answers.com,Male,$196830.92,39771597,CC
905,Shelley,Ivashin,sivashinp4@nationalgeographic.com,Female,$690274.31,847405033,CC
906,Tim,Laffling,tlafflingp5@sohu.com,Male,$892106.79,756216609,IT
907,Georgeta,Germon,ggermonp6@usda.gov,Female,$930604.50,5415735,IT
908,Kylynn,Frowde,kfrowdep7@paypal.com,Female,$736725.51,666135682,CC
909,Sheff,Larham,slarhamp8@geocities.com,Male,$870432.07,91558666,CC
910,Missy,Snipe,msnipep9@tumblr.com,Female,$248033.17,429382342,IT
911,Monroe,Chilvers,mchilverspa@sakura.ne.jp,Male,$383113.08,540519656,CC
912,Nappie,Coppo,ncoppopb@printfriendly.com,Male,$191909.25,719175004,CC
913,Lucio,Nafziger,lnafzigerpc@wsj.com,Male,$938161.51,590607006,IT
914,Sal,Strover,sstroverpd@opensource.org,Male,$893597.95,367707319,IT
915,Clarey,Escalante,cescalantepe@uol.com.br,Female,$261076.65,299311198,IT
916,Aurlie,Pieracci,apieraccipf@cnet.com,Female,$334242.72,942981884,PP
917,Breena,Kuhnt,bkuhntpg@google.com.hk,Female,$496606.42,470958698,PP
918,Chuck,Maric,cmaricph@wikia.com,Male,$916843.90,370215734,CC
919,Genny,Housecraft,ghousecraftpi@myspace.com,Female,$837506.59,733103771,CC
920,Far,Cassius,fcassiuspj@bbb.org,Male,$940889.19,828933090,IT
921,Merrilee,Gillio,mgilliopk@howstuffworks.com,Female,$736306.26,106695249,IT
922,Addison,Bedson,abedsonpl@github.com,Male,$218085.24,896545785,CC
923,Tedie,Loutheane,tloutheanepm@hubpages.com,Male,$315412.49,294031131,CC
924,Marlin,Battle,mbattlepn@imgur.com,Male,$678993.94,47053901,PP
925,Marshall,Kinavan,mkinavanpo@cafepress.com,Male,$878628.77,487951483,CC
926,Ingrim,Bockman,ibockmanpp@java.com,Male,$876244.42,703469947,IT
927,Reinhard,Torel,rtorelpq@cyberchimps.com,Male,$642343.48,240153026,IT
928,Bowie,Bleibaum,bbleibaumpr@t-online.de,Male,$251727.26,131862666,CC
929,Si,Crispin,scrispinps@google.com.hk,Male,$431413.41,922584712,PP
930,Bonnee,Ostler,bostlerpt@hubpages.com,Female,$647045.43,294386862,CC
931,Gunter,Senton,gsentonpu@google.de,Male,$929895.92,204693511,CC
932,Brock,Kenningham,bkenninghampv@github.io,Male,$142731.90,756314831,IT
933,Kally,Loachhead,kloachheadpw@yahoo.co.jp,Female,$616969.62,552750056,IT
934,Gawain,Switsur,gswitsurpx@microsoft.com,Male,$709970.99,434907624,CC
935,Schuyler,Jerche,sjerchepy@irs.gov,Male,$353763.83,84773866,PP
936,Meghann,Von Welldun,mvonwelldunpz@chronoengine.com,Female,$458584.63,469366545,PP
937,Timoteo,Sorsby,tsorsbyq0@webnode.com,Male,$356824.63,1035929909,CC
938,Barnett,Avent,baventq1@senate.gov,Male,$297774.81,146085313,CC
939,Rudolph,Berriman,rberrimanq2@microsoft.com,Male,$385365.04,719543020,PP
940,Coleen,MacKill,cmackillq3@time.com,Female,$864245.00,152522280,PP
941,Allie,Croce,acroceq4@usa.gov,Male,$776201.14,202787932,IT
942,Gonzales,Guy,gguyq5@comcast.net,Male,$656242.07,686860058,PP
943,Irita,Blakeslee,iblakesleeq6@fda.gov,Female,$337449.77,262620810,PP
944,Ludovico,Brookzie,lbrookzieq7@who.int,Male,$782680.13,245011568,PP
945,Bryn,Gilbert,bgilbertq8@microsoft.com,Male,$727080.41,51710081,PP
946,Aretha,Butterley,abutterleyq9@washingtonpost.com,Female,$466443.64,157276652,CC
947,Myrna,Casbourne,mcasbourneqa@facebook.com,Female,$872663.85,206711218,PP
948,Helaina,Coffelt,hcoffeltqb@elegantthemes.com,Female,$915356.13,1023746188,CC
949,Sheri,Maddison,smaddisonqc@biblegateway.com,Female,$510266.17,294167274,IT
950,Robin,Reynault,rreynaultqd@photobucket.com,Female,$945519.01,571057751,CC
951,Minor,Bithany,mbithanyqe@unicef.org,Male,$646742.31,1001317427,PP
952,Devin,Horney,dhorneyqf@paginegialle.it,Male,$733397.34,892947590,IT
953,Emilia,Bocken,ebockenqg@imageshack.us,Female,$221505.64,328773721,PP
954,Steffie,Selman,sselmanqh@uiuc.edu,Female,$252566.17,480169973,PP
955,Ginger,Halewood,ghalewoodqi@mlb.com,Female,$750495.32,21629602,CC
956,Samantha,Tunny,stunnyqj@altervista.org,Female,$522687.13,999624980,IT
957,Baxter,Thon,bthonqk@t-online.de,Male,$264025.04,679325599,IT
958,Uta,Loxly,uloxlyql@youtu.be,Female,$901739.38,684492052,CC
959,Toby,Iacovo,tiacovoqm@apple.com,Male,$150584.22,670701820,PP
960,Sanders,Shyres,sshyresqn@google.co.uk,Male,$358815.66,33159947,IT
961,Debbi,Hagan,dhaganqo@dell.com,Female,$248990.39,241640380,PP
962,Annie,Humphris,ahumphrisqp@rakuten.co.jp,Female,$558137.79,453844578,PP
963,Mag,Hercules,mherculesqq@cam.ac.uk,Female,$311226.50,145088194,CC
964,Brandais,Netting,bnettingqr@51.la,Female,$818530.93,888895870,IT
965,Rennie,Harkus,rharkusqs@lulu.com,Female,$942022.71,584603392,PP
966,Taber,Altimas,taltimasqt@wunderground.com,Male,$135362.72,568615699,PP
967,Englebert,Siaspinski,esiaspinskiqu@vinaora.com,Male,$313197.93,976729336,CC
968,Obadiah,Bettenay,obettenayqv@columbia.edu,Male,$305982.76,37536587,IT
969,Svend,Anger,sangerqw@multiply.com,Male,$365809.78,712146272,PP
970,Agnes,Bard,abardqx@skype.com,Female,$431958.94,433208097,IT
971,Richy,Himsworth,rhimsworthqy@miibeian.gov.cn,Male,$874001.72,228241449,CC
972,Darius,Derill,dderillqz@google.com.au,Male,$732402.34,697009805,CC
973,Alie,O'Lennachain,aolennachainr0@hostgator.com,Female,$977246.40,712039769,CC
974,Marlowe,Catlow,mcatlowr1@earthlink.net,Male,$121750.04,17453679,IT
975,Janine,Hallam,jhallamr2@ocn.ne.jp,Female,$937685.76,642248259,CC
976,Petronille,Hamshar,phamsharr3@aol.com,Female,$634258.35,88913832,CC
977,Cordie,Truett,ctruettr4@ucsd.edu,Female,$799093.52,57317455,IT
978,Ulrick,Manuaud,umanuaudr5@abc.net.au,Male,$919635.23,45756989,PP
979,Ira,Twine,itwiner6@amazonaws.com,Female,$599710.78,413314770,PP
980,Alfy,Escalante,aescalanter7@about.com,Female,$884824.36,168497044,CC
981,Bess,Capstick,bcapstickr8@sciencedirect.com,Female,$815483.66,692098647,CC
982,Gabie,Lukes,glukesr9@typepad.com,Male,$339625.54,754480462,IT
983,Sandy,Thames,sthamesra@about.com,Male,$484464.41,200690554,PP
984,Ronni,Scogings,rscogingsrb@dell.com,Female,$509405.84,685692842,CC
985,Brier,Beevis,bbeevisrc@jiathis.com,Female,$142586.55,187392621,CC
986,Coriss,Fishpool,cfishpoolrd@smh.com.au,Female,$972163.05,989423552,IT
987,Reed,Blanking,rblankingre@google.cn,Male,$108806.49,825501134,CC
988,Tirrell,Cregan,tcreganrf@whitehouse.gov,Male,$838544.91,63986099,PP
989,Roddie,McVitty,rmcvittyrg@prlog.org,Male,$824050.07,553745857,CC
990,Gale,Polly,gpollyrh@narod.ru,Female,$811091.69,641937368,CC
991,Benn,Folds,bfoldsri@hud.gov,Male,$855141.99,219083627,PP
992,Anna-diane,Roistone,aroistonerj@netscape.com,Female,$662680.03,926277811,CC
993,Ramsey,Hilliam,rhilliamrk@twitpic.com,Male,$229411.10,107883786,PP
994,Cherey,Bartalot,cbartalotrl@google.ru,Female,$107851.96,813783680,CC
995,Carleen,Gallen,cgallenrm@guardian.co.uk,Female,$412512.83,829524543,IT
996,Hana,Jatczak,hjatczakrn@google.it,Female,$781889.74,304599475,IT
997,Garrek,Oris,gorisro@google.com.au,Male,$257885.00,280728483,PP
998,Pepita,Haugh,phaughrp@creativecommons.org,Female,$752204.02,607547970,CC
999,Sax,Fishley,sfishleyrq@instagram.com,Male,$289591.44,244813876,PP
1000,Jamesy,Dowry,jdowryrr@skype.com,Male,$184165.79,322542038,IT
