id,nombre,apellido,email,genero,valor_tx,numero_identificacion,tipo_identificacion
1,Tommie,McIlveen,tmcilveen0@alexa.com,Male,$816724.93,278673339,CC
2,Emogene,Lindroos,elindroos1@creativecommons.org,Female,$498359.58,322733812,PP
3,Marilyn,Petegre,mpetegre2@youtu.be,Female,$418994.42,17852922,PP
4,Davin,Winger,dwinger3@fda.gov,Male,$123153.17,938685732,CC
5,Ola,Mattersley,omattersley4@ocn.ne.jp,Female,$993549.40,52980829,CC
6,Gerhard,Swadlinge,gswadlinge5@twitter.com,Male,$506396.95,578432754,CC
7,Currie,Aleksich,caleksich6@360.cn,Male,$660858.51,950613986,PP
8,Ladonna,Antonomoli,lantonomoli7@youtu.be,Female,$345041.13,277729353,PP
9,Con,Radki,cradki8@aboutads.info,Female,$496964.12,154601209,IT
10,Franny,Czaja,fczaja9@fotki.com,Male,$150065.74,689689823,IT
11,Hobart,Finnis,hfinnisa@wordpress.org,Male,$994978.21,10678184,CC
12,Ignaz,O'Fairy,iofairyb@studiopress.com,Male,$812711.08,683533315,CC
13,Vasilis,Westmore,vwestmorec@prlog.org,Male,$115979.18,657428879,CC
14,Shermie,Arpur,sarpurd@hao123.com,Male,$127419.26,582457697,PP
15,Romona,Toffts,rtofftse@independent.co.uk,Female,$279885.23,185530975,PP
16,Niel,Cleugh,ncleughf@hostgator.com,Male,$527321.20,350256096,IT
17,Hallie,Longmate,hlongmateg@virginia.edu,Female,$327490.73,396050521,CC
18,Florinda,Downing,fdowningh@mapquest.com,Female,$980919.46,874460152,PP
19,Paddy,Stebbings,pstebbingsi@kickstarter.com,Male,$926265.34,388034484,CC
20,Barrie,Ambroix,bambroixj@spotify.com,Male,$634039.41,171427542,PP
21,Steffi,Mobbs,smobbsk@barnesandnoble.com,Female,$835433.98,200546263,PP
22,Lorie,Oxherd,loxherdl@ameblo.jp,Female,$398014.73,55282787,CC
23,Lizabeth,Ruse,lrusem@uiuc.edu,Female,$105151.66,535503883,CC
24,Cointon,Winston,cwinstonn@bandcamp.com,Male,$326169.13,876372756,IT
25,Sam,Deavin,sdeavino@github.io,Male,$871770.23,706156082,CC
26,Margarita,Stannett,mstannettp@census.gov,Female,$274892.69,296232847,PP
27,Lombard,Elwin,lelwinq@ucsd.edu,Male,$244258.02,396532758,CC
28,Harrison,Wincott,hwincottr@posterous.com,Male,$404491.67,362704869,IT
29,Drusy,Castanaga,dcastanagas@newyorker.com,Female,$316891.87,979462560,PP
30,Iggie,Deares,idearest@cisco.com,Male,$971744.42,617838400,IT
31,Eldredge,Pipping,epippingu@constantcontact.com,Male,$393648.17,161056810,IT
32,Cindi,Liffe,cliffev@unc.edu,Female,$354374.94,567758965,CC
33,Trisha,Ridges,tridgesw@imdb.com,Female,$706662.76,740629195,PP
34,Carina,Bhar,cbharx@constantcontact.com,Female,$391758.76,439336276,CC
35,Adams,McLae,amclaey@netvibes.com,Male,$670239.66,282673122,CC
36,Licha,Folkes,lfolkesz@constantcontact.com,Female,$485403.29,916650346,PP
37,Reagen,Oldridge,roldridge10@typepad.com,Male,$573620.75,13278097,IT
38,Fabian,De la Yglesias,fdelayglesias11@dagondesign.com,Male,$648845.36,762217835,IT
39,Tildi,Chasles,tchasles12@patch.com,Female,$768274.47,45156620,IT
40,Axe,Limpricht,alimpricht13@360.cn,Male,$972235.41,74967864,PP
41,Donnamarie,Punshon,dpunshon14@wikimedia.org,Female,$695316.29,316850344,PP
42,Margareta,Delleschi,mdelleschi15@sakura.ne.jp,Female,$389332.44,34449007,PP
43,Booth,Haddinton,bhaddinton16@google.fr,Male,$943787.70,881704456,IT
44,Bailie,Helin,bhelin17@google.de,Male,$314839.36,139440738,CC
45,Ronna,Priestland,rpriestland18@hc360.com,Female,$428024.37,894936629,IT
46,Elnora,Mainds,emainds19@yellowpages.com,Female,$764366.41,406905267,CC
47,Cesare,Grosier,cgrosier1a@bravesites.com,Male,$513513.94,948218617,PP
48,Meara,Natte,mnatte1b@netvibes.com,Female,$628995.70,344334907,PP
49,Marie,Redsell,mredsell1c@epa.gov,Female,$993318.81,748559417,CC
50,Barby,Temblett,btemblett1d@booking.com,Female,$826987.07,750041736,CC
51,Abeu,Chadbourne,achadbourne1e@cbslocal.com,Male,$561586.51,856326140,PP
52,Misti,Pridham,mpridham1f@va.gov,Female,$714050.02,330227988,IT
53,Phyllys,Edgley,pedgley1g@gnu.org,Female,$628505.89,855824819,PP
54,Andres,Kondratyuk,akondratyuk1h@salon.com,Male,$534371.14,102704730,PP
55,Bruno,Leverson,bleverson1i@unblog.fr,Male,$802313.77,428145174,PP
56,Josepha,Attfield,jattfield1j@odnoklassniki.ru,Female,$826822.27,340158970,CC
57,Godart,Matiebe,gmatiebe1k@blog.com,Male,$316557.17,76400142,PP
58,Phillis,Novic,pnovic1l@reverbnation.com,Female,$431240.03,106376475,IT
59,Joseito,MacGovern,jmacgovern1m@blogger.com,Male,$431012.14,871865078,IT
60,Keefe,Gilbert,kgilbert1n@hostgator.com,Male,$317084.26,764581882,IT
61,Palmer,Pollins,ppollins1o@adobe.com,Male,$782624.01,584063163,PP
62,Merla,Farden,mfarden1p@alibaba.com,Female,$529690.66,802520393,IT
63,Darcy,Jaquiss,djaquiss1q@cdc.gov,Male,$962507.39,1013415639,IT
64,Jayme,Lyptratt,jlyptratt1r@kickstarter.com,Female,$531737.72,348376638,PP
65,Eada,Gallifont,egallifont1s@loc.gov,Female,$346454.64,561090450,IT
66,Griswold,Castro,gcastro1t@nydailynews.com,Male,$248127.16,114857913,PP
67,Dagny,Desseine,ddesseine1u@dedecms.com,Male,$750894.91,990084020,PP
68,Lynett,Phizakarley,lphizakarley1v@cbslocal.com,Female,$946618.81,731767369,IT
69,Clemmie,Novik,cnovik1w@chron.com,Female,$488918.06,634745000,CC
70,Elfreda,Freyne,efreyne1x@auda.org.au,Female,$335535.17,877113896,PP
71,Dionisio,Barks,dbarks1y@g.co,Male,$493388.89,905314179,PP
72,Lorri,Loram,lloram1z@amazon.co.jp,Female,$985015.60,836211701,PP
73,Peterus,Crack,pcrack20@redcross.org,Male,$964412.45,459486360,IT
74,Sky,Shortt,sshortt21@alibaba.com,Male,$876810.81,345247786,CC
75,Delmore,Biaggi,dbiaggi22@jugem.jp,Male,$770662.14,851926290,IT
76,Virgina,Goodenough,vgoodenough23@about.com,Female,$225909.52,675356367,CC
77,Calhoun,Egglestone,cegglestone24@ocn.ne.jp,Male,$145474.90,49244184,IT
78,Paddy,Hannabus,phannabus25@ebay.co.uk,Male,$171475.94,629815080,PP
79,Aloysia,Berthon,aberthon26@wordpress.com,Female,$589898.92,430243906,IT
80,Harald,Segebrecht,hsegebrecht27@chronoengine.com,Male,$988940.00,406826649,PP
81,Christiana,Burkert,cburkert28@hao123.com,Female,$228997.81,597049382,PP
82,Brear,Cawdron,bcawdron29@reverbnation.com,Female,$899451.19,347551431,PP
83,Jordana,Orhrt,jorhrt2a@ning.com,Female,$476236.74,100299717,CC
84,Matelda,Bogey,mbogey2b@rambler.ru,Female,$563773.28,449858436,PP
85,Bobby,Luna,bluna2c@merriam-webster.com,Female,$918997.02,416348857,PP
86,Doralynn,McIlherran,dmcilherran2d@google.co.uk,Female,$382681.38,7542040,CC
87,Inga,Howis,ihowis2e@cnbc.com,Female,$446706.20,760013610,CC
88,Tonie,Hugill,thugill2f@weebly.com,Female,$192466.30,1013097798,PP
89,Wolfy,Oattes,woattes2g@ucla.edu,Male,$157665.48,412346271,CC
90,Dougy,Dagwell,ddagwell2h@wikimedia.org,Male,$639265.54,863103548,PP
91,Adolphus,Musk,amusk2i@booking.com,Male,$730229.78,611055156,CC
92,Jae,Perel,jperel2j@ucoz.ru,Male,$975898.52,688892084,CC
93,Kim,Lynnett,klynnett2k@apache.org,Male,$204487.20,240399091,CC
94,Roley,Glanz,rglanz2l@shareasale.com,Male,$257804.74,613931646,IT
95,Dewey,Burgne,dburgne2m@oracle.com,Male,$726760.99,494904054,IT
96,Emmy,Jacmard,ejacmard2n@amazon.de,Female,$101385.25,809237989,CC
97,Ralf,Heathfield,rheathfield2o@cornell.edu,Male,$144762.35,436803128,IT
98,Aridatha,Elford,aelford2p@princeton.edu,Female,$261405.40,178558133,PP
99,Thadeus,Leahair,tleahair2q@msn.com,Male,$488059.89,202853652,PP
100,Gaile,Huckell,ghuckell2r@rakuten.co.jp,Male,$891296.76,105080669,IT
101,Cobb,Mustoe,cmustoe2s@timesonline.co.uk,Male,$384213.60,1015490321,CC
102,Ana,Lindenberg,alindenberg2t@blinklist.com,Female,$226867.73,252716093,PP
103,Adlai,Jackways,ajackways2u@themeforest.net,Male,$722223.24,930220806,IT
104,Shelia,Durram,sdurram2v@domainmarket.com,Female,$349757.37,564529306,PP
105,Lorant,Joutapavicius,ljoutapavicius2w@apache.org,Male,$978503.90,979663649,CC
106,Peadar,Trevithick,ptrevithick2x@drupal.org,Male,$302529.76,16624655,PP
107,Palmer,Whiting,pwhiting2y@liveinternet.ru,Male,$334008.35,996596594,PP
108,Coreen,Behnen,cbehnen2z@reuters.com,Female,$345631.71,670479660,IT
109,Aime,McGilbon,amcgilbon30@twitter.com,Female,$266744.41,489039700,PP
110,Trace,Brigge,tbrigge31@netscape.com,Male,$658231.36,991799382,IT
111,Moise,Stripp,mstripp32@toplist.cz,Male,$310593.27,743831746,PP
112,Corbet,Dionsetto,cdionsetto33@facebook.com,Male,$815887.29,58982087,PP
113,Audry,Stoakley,astoakley34@twitpic.com,Female,$386615.85,537820876,PP
114,Ely,Eakley,eeakley35@xing.com,Male,$754706.82,1007738814,CC
115,Caressa,Skeath,cskeath36@xinhuanet.com,Female,$848361.67,835400797,PP
116,Karolina,Applewhite,kapplewhite37@skyrock.com,Female,$584027.62,924621238,PP
117,Rooney,Broadhead,rbroadhead38@123-reg.co.uk,Male,$355676.39,273263048,PP
118,Gilles,Rickell,grickell39@microsoft.com,Male,$759276.09,126258927,CC
119,Kevon,Stood,kstood3a@state.gov,Male,$522490.34,570865339,IT
120,Lucius,De Marchi,ldemarchi3b@facebook.com,Male,$870131.98,591632558,CC
121,Alard,Dibson,adibson3c@ocn.ne.jp,Male,$388665.95,543374716,CC
122,Fredia,Scholey,fscholey3d@purevolume.com,Female,$331953.24,850476420,CC
123,Cammy,McCrea,cmccrea3e@google.it,Female,$565054.22,1026459461,CC
124,Cleavland,Erskin,cerskin3f@sciencedaily.com,Male,$553194.58,319494377,PP
125,Cordy,Goodbanne,cgoodbanne3g@vistaprint.com,Male,$575582.35,160501666,CC
126,Gregorio,Blake,gblake3h@yahoo.com,Male,$959065.05,552040052,PP
127,Michale,Shimuk,mshimuk3i@lycos.com,Male,$871922.84,111543744,IT
128,Norby,Rivallant,nrivallant3j@plala.or.jp,Male,$164395.59,753249915,IT
129,Gun,Fayerbrother,gfayerbrother3k@ehow.com,Male,$358224.81,264643270,CC
130,Arie,Montier,amontier3l@icio.us,Male,$218299.74,30860629,PP
131,Calli,Smythin,csmythin3m@indiatimes.com,Female,$734779.83,686111411,PP
132,Kyrstin,Harriot,kharriot3n@rakuten.co.jp,Female,$201903.34,886980149,CC
133,Arne,Wales,awales3o@flavors.me,Male,$184021.53,996350199,CC
134,Giustino,Farnes,gfarnes3p@springer.com,Male,$578166.70,24581994,CC
135,Shem,Tibalt,stibalt3q@bravesites.com,Male,$327605.30,507463887,CC
136,Phaedra,Leroy,pleroy3r@cargocollective.com,Female,$800155.38,596810876,CC
137,Adelind,Fakes,afakes3s@moonfruit.com,Female,$654038.11,825929139,PP
138,Giles,Geering,ggeering3t@springer.com,Male,$933346.10,194774823,PP
139,Karie,Serck,kserck3u@dagondesign.com,Female,$576344.03,486079700,PP
140,Carolann,Sandison,csandison3v@wikimedia.org,Female,$972517.00,288550439,CC
141,Harp,Hallgath,hhallgath3w@zdnet.com,Male,$641112.97,641466931,PP
142,Timothea,Melbury,tmelbury3x@un.org,Female,$617066.27,178349340,IT
143,Man,Brockley,mbrockley3y@sphinn.com,Male,$337799.13,691392464,IT
144,Jasun,Bristowe,jbristowe3z@samsung.com,Male,$809128.34,659335046,IT
145,Baudoin,Selesnick,bselesnick40@npr.org,Male,$812302.00,144787009,IT
146,Fawnia,Druhan,fdruhan41@e-recht24.de,Female,$855917.15,84674635,IT
147,Kaylee,Farry,kfarry42@netvibes.com,Female,$688605.91,1033730264,CC
148,Rasla,Wootton,rwootton43@gnu.org,Female,$298815.29,203679155,CC
149,Carla,Pinnington,cpinnington44@vkontakte.ru,Female,$333518.24,486526028,IT
150,Merola,Aberhart,maberhart45@mashable.com,Female,$482238.88,736683306,IT
151,Jessee,Gepson,jgepson46@canalblog.com,Male,$342791.72,551514187,PP
152,Shelley,Toor,stoor47@aboutads.info,Male,$683528.62,174204318,PP
153,Dion,Stinchcombe,dstinchcombe48@google.nl,Male,$979804.99,697708072,IT
154,Grata,Farrears,gfarrears49@phoca.cz,Female,$107689.28,441962794,IT
155,Jacintha,Hufton,jhufton4a@e-recht24.de,Female,$341383.09,549195292,IT
156,Farleigh,MacAllan,fmacallan4b@mit.edu,Male,$336179.99,665762322,PP
157,Early,Hudspith,ehudspith4c@so-net.ne.jp,Male,$875006.20,904791762,CC
158,Madlin,Martschik,mmartschik4d@virginia.edu,Female,$413975.80,829253777,CC
159,Waldemar,Shoulder,wshoulder4e@cdc.gov,Male,$679003.07,816468964,IT
160,Johnath,Lomond,jlomond4f@tmall.com,Female,$938038.33,338216679,PP
161,Giustino,Corbishley,gcorbishley4g@arizona.edu,Male,$187423.31,526840724,CC
162,Muriel,Nuschke,mnuschke4h@soup.io,Female,$510712.38,1039471761,PP
163,Luce,Kimmings,lkimmings4i@purevolume.com,Male,$447830.42,108240094,PP
164,Ambur,Smidmoor,asmidmoor4j@ucsd.edu,Female,$223363.87,814745838,IT
165,Pascal,Hallut,phallut4k@paypal.com,Male,$530624.98,417585569,IT
166,Ariel,Gilkes,agilkes4l@engadget.com,Female,$628641.67,586475481,PP
167,Madelon,Corderoy,mcorderoy4m@latimes.com,Female,$779563.92,1004127357,IT
168,Braden,Do,bdo4n@census.gov,Male,$925211.24,275912472,CC
169,Marve,Bourget,mbourget4o@netlog.com,Male,$553595.90,36201265,IT
170,Annalee,Gaunt,agaunt4p@wisc.edu,Female,$596546.26,43591976,CC
171,Paxon,Woolacott,pwoolacott4q@berkeley.edu,Male,$387222.71,14111981,CC
172,Julio,Ramalho,jramalho4r@google.com.br,Male,$945270.93,828986153,PP
173,Yancey,Harper,yharper4s@acquirethisname.com,Male,$771437.88,1017131249,PP
174,Pennie,Linkin,plinkin4t@theatlantic.com,Male,$314022.92,696813716,IT
175,Fulton,Cripin,fcripin4u@51.la,Male,$299823.50,383802646,PP
176,Lionel,Coupland,lcoupland4v@zdnet.com,Male,$315449.15,871340703,CC
177,Boone,Krauze,bkrauze4w@vinaora.com,Male,$836132.10,191308025,CC
178,Juliann,Gomes,jgomes4x@prweb.com,Female,$783222.88,726671618,IT
179,Winny,Paulou,wpaulou4y@toplist.cz,Male,$659593.62,509460046,CC
180,Dalis,Armistead,darmistead4z@netscape.com,Male,$964155.34,47610736,PP
181,Leigha,Wiley,lwiley50@godaddy.com,Female,$670665.04,286092851,CC
182,Korey,Beadell,kbeadell51@google.co.jp,Male,$139581.71,116419766,IT
183,Lily,Tomasutti,ltomasutti52@about.me,Female,$520844.75,137791421,PP
184,Petra,Rubica,prubica53@clickbank.net,Female,$194259.18,555002484,IT
185,Druci,McNiven,dmcniven54@privacy.gov.au,Female,$402045.02,325843590,IT
186,Theo,Abdey,tabdey55@cargocollective.com,Female,$240729.33,824907044,IT
187,Gery,MacGown,gmacgown56@lycos.com,Male,$785386.56,534524856,IT
188,Iormina,Hickisson,ihickisson57@delicious.com,Female,$791057.89,468975997,PP
189,Wolfy,Benford,wbenford58@alibaba.com,Male,$377182.02,975367771,CC
190,Kimball,Jeannesson,kjeannesson59@ovh.net,Male,$737625.23,53750665,PP
191,Aksel,Roony,aroony5a@hubpages.com,Male,$630141.43,1034074241,PP
192,Lorant,Fairbourn,lfairbourn5b@spiegel.de,Male,$141884.72,937430308,IT
193,Jillene,Chamberlin,jchamberlin5c@hud.gov,Female,$490174.64,87778998,IT
194,Harley,Lunk,hlunk5d@xinhuanet.com,Female,$246959.57,255154117,CC
195,Cari,McGarvey,cmcgarvey5e@amazonaws.com,Female,$575766.60,706473389,CC
196,Urbanus,Hutchason,uhutchason5f@technorati.com,Male,$913451.67,413673420,CC
197,Xavier,Hawes,xhawes5g@berkeley.edu,Male,$115719.62,895295833,PP
198,Zoe,Birkbeck,zbirkbeck5h@bloomberg.com,Female,$628601.70,9432431,CC
199,Erny,Cosbey,ecosbey5i@instagram.com,Male,$582117.00,178873338,CC
200,Lon,Boydell,lboydell5j@comcast.net,Male,$294881.33,975741138,IT
201,Susann,Herche,sherche5k@arizona.edu,Female,$513330.47,196387596,CC
202,Waiter,Riep,wriep5l@ameblo.jp,Male,$783227.47,779525052,IT
203,Flynn,Cronk,fcronk5m@eventbrite.com,Male,$307985.55,79188716,CC
204,Emilie,Camelin,ecamelin5n@so-net.ne.jp,Female,$249809.37,911455878,CC
205,Leticia,Marcos,lmarcos5o@dion.ne.jp,Female,$178660.50,531562921,IT
206,Kata,Roux,kroux5p@cbc.ca,Female,$861502.31,444051448,CC
207,Wheeler,Guittet,wguittet5q@netscape.com,Male,$165612.56,254083608,PP
208,Curtis,Manton,cmanton5r@vinaora.com,Male,$799968.89,69351202,PP
209,Ashlen,Walework,awalework5s@marketwatch.com,Female,$879105.50,1036283381,CC
210,Letta,Wahncke,lwahncke5t@printfriendly.com,Female,$396545.90,507544755,PP
211,Osmund,Minshall,ominshall5u@alibaba.com,Male,$952277.10,1039078262,IT
212,Norrie,Grimwad,ngrimwad5v@cpanel.net,Male,$710116.65,288488224,IT
213,Dare,Beddall,dbeddall5w@usa.gov,Male,$471704.04,27890609,PP
214,Norrie,Sangra,nsangra5x@ucoz.com,Male,$665048.31,533793158,PP
215,Ilysa,Lawfull,ilawfull5y@dmoz.org,Female,$139661.58,362042231,CC
216,Vania,Tomkins,vtomkins5z@craigslist.org,Female,$617433.99,115424840,CC
217,Tersina,Guitte,tguitte60@zimbio.com,Female,$477714.15,442842805,PP
218,Zorah,Berthod,zberthod61@sakura.ne.jp,Female,$780683.21,181992746,PP
219,Daphene,Scardifield,dscardifield62@wp.com,Female,$652154.29,847178992,IT
220,Elise,Winfindale,ewinfindale63@creativecommons.org,Female,$145328.64,678327850,PP
221,Rubie,Milesop,rmilesop64@home.pl,Female,$621378.09,623298272,IT
222,Alastair,Costain,acostain65@amazonaws.com,Male,$612051.87,317499173,CC
223,Heddi,Smithson,hsmithson66@jimdo.com,Female,$146939.89,991023341,IT
224,Jarid,Oxenham,joxenham67@japanpost.jp,Male,$937787.39,282449658,IT
225,Carlie,Thorlby,cthorlby68@ifeng.com,Male,$642905.18,370820096,CC
226,Haze,Mac Geaney,hmacgeaney69@addthis.com,Male,$633718.18,236850196,PP
227,Page,Robus,probus6a@weather.com,Male,$480255.92,871842539,PP
228,Rhiamon,Osbaldeston,rosbaldeston6b@soundcloud.com,Female,$381086.27,299488350,CC
229,Zelig,Dearl,zdearl6c@latimes.com,Male,$510227.45,385514435,IT
230,Edd,Alty,ealty6d@angelfire.com,Male,$845787.88,1023232790,PP
231,Mendy,MacSkeagan,mmacskeagan6e@bbc.co.uk,Male,$753923.18,627802856,PP
232,Shannon,Acom,sacom6f@cnn.com,Female,$223643.37,787087086,PP
233,Biddie,Wardale,bwardale6g@theguardian.com,Female,$661491.99,587118657,PP
234,Kerry,Hickisson,khickisson6h@shop-pro.jp,Male,$854084.82,404168403,PP
235,Alasteir,Ronayne,aronayne6i@berkeley.edu,Male,$836481.92,663111266,PP
236,Dewain,Wontner,dwontner6j@addtoany.com,Male,$639871.48,358400651,IT
237,Ingaborg,Philpin,iphilpin6k@feedburner.com,Female,$764189.39,325411467,CC
238,Fergus,Lillyman,flillyman6l@symantec.com,Male,$698262.84,8186355,PP
239,Dean,McLane,dmclane6m@nifty.com,Male,$752238.55,389793531,PP
240,Jayme,Timbridge,jtimbridge6n@illinois.edu,Male,$843260.61,626609519,CC
241,Lanette,Landers,llanders6o@msn.com,Female,$434056.25,97956783,CC
242,Delmer,Chazelas,dchazelas6p@bloomberg.com,Male,$121399.51,387833674,PP
243,Jone,Limpricht,jlimpricht6q@last.fm,Male,$671871.81,150803736,CC
244,Francklin,Sewley,fsewley6r@unc.edu,Male,$709454.89,79390863,CC
245,Olag,Vasic,ovasic6s@ted.com,Male,$684345.92,582241867,CC
246,Dominica,Huffey,dhuffey6t@icio.us,Female,$613122.67,667572503,CC
247,Cyndy,Rawet,crawet6u@timesonline.co.uk,Female,$154334.06,915724043,PP
248,Elsi,Mundee,emundee6v@cargocollective.com,Female,$803096.43,493330456,CC
249,Granville,Kedie,gkedie6w@seesaa.net,Male,$968567.78,40678288,IT
250,Dino,Dedenham,ddedenham6x@weebly.com,Male,$265049.50,852187719,PP
251,Nelli,Harragin,nharragin6y@jigsy.com,Female,$720506.34,541554164,IT
252,Michel,Stovin,mstovin6z@reference.com,Male,$980106.77,852605191,CC
253,Rolfe,Swindlehurst,rswindlehurst70@360.cn,Male,$733856.11,726512198,IT
254,Patten,Carus,pcarus71@edublogs.org,Male,$697717.92,875898888,IT
255,Nadean,Cuckson,ncuckson72@dailymotion.com,Female,$343407.74,384538966,PP
256,Bax,Lanning,blanning73@adobe.com,Male,$706867.42,123443894,CC
257,Meg,Beamish,mbeamish74@xing.com,Female,$765083.03,497708284,PP
258,Orson,Gleasane,ogleasane75@webmd.com,Male,$299187.45,870454568,PP
259,Zach,Ianetti,zianetti76@fastcompany.com,Male,$383115.47,273053622,CC
260,Julian,Siemon,jsiemon77@forbes.com,Male,$258772.60,899419200,PP
261,Johnathan,Howard,jhoward78@sphinn.com,Male,$954468.61,630383162,IT
262,Tamarra,Boldock,tboldock79@dyndns.org,Female,$215025.06,293424744,CC
263,Murvyn,Gillis,mgillis7a@cnet.com,Male,$493749.60,984120894,PP
264,Nathalia,Ragsdale,nragsdale7b@soup.io,Female,$508278.72,917336334,CC
265,Charil,Vairow,cvairow7c@cnn.com,Female,$583555.95,234868705,PP
266,Wendall,Spikings,wspikings7d@seattletimes.com,Male,$360596.13,284453462,IT
267,Wain,Bartomeu,wbartomeu7e@google.fr,Male,$325395.38,507534520,PP
268,Rafaellle,Gogerty,rgogerty7f@fc2.com,Male,$184599.84,248403723,CC
269,Filberte,Fullicks,ffullicks7g@wikimedia.org,Male,$152625.81,690908485,CC
270,Milissent,Scollard,mscollard7h@wired.com,Female,$114848.60,929929385,CC
271,Fionnula,Lennard,flennard7i@vkontakte.ru,Female,$987404.14,823565068,PP
272,Bordy,Linstead,blinstead7j@yale.edu,Male,$368871.32,925792041,CC
273,Jenna,Donisthorpe,jdonisthorpe7k@virginia.edu,Female,$679173.78,571710216,CC
274,Estrella,Goor,egoor7l@prlog.org,Female,$485915.80,465127429,PP
275,Kermy,Dallicoat,kdallicoat7m@washingtonpost.com,Male,$602713.87,389197449,CC
276,Giuseppe,Fumagallo,gfumagallo7n@state.tx.us,Male,$510431.81,831937873,PP
277,Anastasia,La Rosa,alarosa7o@fda.gov,Female,$519332.76,772379870,PP
278,Laird,Cordrey,lcordrey7p@histats.com,Male,$295789.86,203637817,IT
279,Christopher,Purry,cpurry7q@altervista.org,Male,$860300.60,455089794,PP
280,Ephraim,O'Dare,eodare7r@mit.edu,Male,$425744.25,827993005,IT
281,Carolann,Georgot,cgeorgot7s@nsw.gov.au,Female,$799988.48,685099722,CC
282,Ertha,Priddy,epriddy7t@wsj.com,Female,$218047.43,345909610,CC
283,Sandra,Goodman,sgoodman7u@barnesandnoble.com,Female,$490469.99,824652142,PP
284,Kleon,Gudd,kgudd7v@canalblog.com,Male,$147039.63,840458577,IT
285,Darelle,Sowthcote,dsowthcote7w@unicef.org,Female,$613734.75,577888604,IT
286,Betteanne,Zanelli,bzanelli7x@biblegateway.com,Female,$885809.17,612729807,PP
287,Mandi,Lafoy,mlafoy7y@yolasite.com,Female,$457791.14,874280852,PP
288,Lenna,Hounson,lhounson7z@wiley.com,Female,$624479.60,759863467,CC
289,Magda,Akroyd,makroyd80@ezinearticles.com,Female,$982330.33,565213875,IT
290,Tabbie,Emery,temery81@nps.gov,Male,$794630.13,663486982,CC
291,Silvano,Sharpe,ssharpe82@discuz.net,Male,$709682.40,881476798,IT
292,Myca,Townby,mtownby83@bbb.org,Male,$944698.79,971527118,IT
293,Fred,Parkisson,fparkisson84@intel.com,Male,$136237.81,142822427,PP
294,Christabel,Winteringham,cwinteringham85@psu.edu,Female,$525100.19,884089215,CC
295,Ingemar,MacCole,imaccole86@seesaa.net,Male,$607038.29,428380103,PP
296,Adi,Shakelade,ashakelade87@blogs.com,Female,$849423.54,500497754,PP
297,Thorndike,Gunn,tgunn88@youku.com,Male,$319354.88,1040665421,IT
298,Les,Somerbell,lsomerbell89@youtu.be,Male,$125212.14,349296162,PP
299,Garrick,Klouz,gklouz8a@scientificamerican.com,Male,$575460.53,187109237,CC
300,Brier,Blowes,bblowes8b@etsy.com,Female,$284608.38,310897099,CC
301,Arlana,Iltchev,ailtchev8c@tinypic.com,Female,$877961.86,378401390,PP
302,Hilarius,Winsley,hwinsley8d@guardian.co.uk,Male,$469985.40,449758621,CC
303,Sarge,Schooling,sschooling8e@loc.gov,Male,$430975.23,264890892,CC
304,Greggory,Beak,gbeak8f@adobe.com,Male,$432157.86,838709168,IT
305,Torrie,Salmons,tsalmons8g@microsoft.com,Female,$812106.52,397977595,IT
306,Dimitry,Daugherty,ddaugherty8h@ovh.net,Male,$353576.12,760750391,PP
307,Tab,Gostyke,tgostyke8i@phoca.cz,Male,$498475.68,133456622,PP
308,Forbes,Folan,ffolan8j@tripadvisor.com,Male,$590675.17,1007622224,IT
309,Modestine,Nobles,mnobles8k@opera.com,Female,$528495.83,477432068,IT
310,Aylmer,Hunn,ahunn8l@tumblr.com,Male,$810227.92,774240616,CC
311,Alvina,Lasty,alasty8m@privacy.gov.au,Female,$859836.24,114540926,CC
312,Wandis,McCurt,wmccurt8n@flavors.me,Female,$856609.57,454368098,PP
313,Mandel,Kinmond,mkinmond8o@wikimedia.org,Male,$256370.34,447645300,CC
314,Dorolice,Purle,dpurle8p@google.com.hk,Female,$979633.16,691855586,CC
315,Darcee,Knath,dknath8q@mit.edu,Female,$573538.87,601527570,CC
316,Hunfredo,Marsham,hmarsham8r@rambler.ru,Male,$871380.36,721480449,CC
317,Alexandr,Brand,abrand8s@eventbrite.com,Male,$450803.67,491368321,PP
318,Arlyn,Stopper,astopper8t@over-blog.com,Female,$808187.51,193854192,CC
319,Sutton,Jackalin,sjackalin8u@google.de,Male,$592815.84,520938597,PP
320,Paulette,Eighteen,peighteen8v@va.gov,Female,$366740.82,588117523,CC
321,Kass,Isworth,kisworth8w@hatena.ne.jp,Female,$440844.50,228986483,PP
322,Avery,Finder,afinder8x@pinterest.com,Male,$684586.14,141493604,CC
323,Jolynn,Hempshall,jhempshall8y@tuttocitta.it,Female,$188485.67,1048092197,PP
324,Ollie,Bencher,obencher8z@utexas.edu,Male,$274865.64,1041879884,PP
325,Odelia,Sondland,osondland90@umich.edu,Female,$740620.19,978837345,PP
326,Erny,Jurasz,ejurasz91@sohu.com,Male,$389294.86,939106503,CC
327,Maressa,Pennyman,mpennyman92@wired.com,Female,$738831.17,452307935,PP
328,Dionne,Haddrill,dhaddrill93@cyberchimps.com,Female,$573950.06,984055166,PP
329,Bendix,Sandwich,bsandwich94@simplemachines.org,Male,$908823.32,716526113,PP
330,Cammy,Rutherfoord,crutherfoord95@cargocollective.com,Male,$339706.03,40800305,IT
331,Justinian,Cone,jcone96@google.ru,Male,$826604.90,414701735,PP
332,Gawen,Auckland,gauckland97@sfgate.com,Male,$293202.03,554439644,CC
333,Mitzi,Dadge,mdadge98@bizjournals.com,Female,$745068.34,617835909,CC
334,Frederigo,Leffek,fleffek99@tuttocitta.it,Male,$336804.86,610352171,IT
335,Clayson,Mohring,cmohring9a@spotify.com,Male,$211664.23,882737336,IT
336,Evvie,Leve,eleve9b@flickr.com,Female,$608535.35,585436241,PP
337,Valentine,Sawrey,vsawrey9c@nps.gov,Female,$451102.20,655466465,CC
338,Adriena,Briskey,abriskey9d@senate.gov,Female,$348166.42,756248668,IT
339,Carolyne,Dumingos,cdumingos9e@tamu.edu,Female,$692184.27,967763372,PP
340,Carissa,Keattch,ckeattch9f@moonfruit.com,Female,$496633.56,107713063,PP
341,Luke,Galvin,lgalvin9g@linkedin.com,Male,$271882.11,226771293,CC
342,Bondie,Labba,blabba9h@tinypic.com,Male,$749133.65,942467572,IT
343,Lorenza,Feckey,lfeckey9i@trellian.com,Female,$505173.65,769024355,IT
344,Mehetabel,McGeown,mmcgeown9j@utexas.edu,Female,$498173.95,115209211,CC
345,Drucill,Blaine,dblaine9k@github.io,Female,$889297.27,898619625,CC
346,Alfreda,Bontine,abontine9l@themeforest.net,Female,$516360.19,131583105,CC
347,Yvon,Shelmerdine,yshelmerdine9m@com.com,Male,$708952.26,1049833121,CC
348,Irita,Bianco,ibianco9n@trellian.com,Female,$613057.11,341340800,CC
349,Karita,McGiffin,kmcgiffin9o@wsj.com,Female,$151690.68,247914521,IT
350,Skippie,Zapata,szapata9p@nifty.com,Male,$552438.59,681485558,CC
351,Lucky,Cosgrive,lcosgrive9q@hatena.ne.jp,Female,$608339.04,164374782,CC
352,Phip,Danbury,pdanbury9r@twitpic.com,Male,$673565.65,712673508,CC
353,Rubetta,Hanna,rhanna9s@barnesandnoble.com,Female,$142651.62,416406074,IT
354,Klemens,Glader,kglader9t@soundcloud.com,Male,$914026.89,948280816,CC
355,Modestia,Slides,mslides9u@e-recht24.de,Female,$523869.33,94877946,PP
356,Alfie,De Bruin,adebruin9v@desdev.cn,Male,$962061.59,643276288,IT
357,Abel,Cotesford,acotesford9w@accuweather.com,Male,$591933.41,194199361,CC
358,Nikolaus,Hordle,nhordle9x@tuttocitta.it,Male,$761137.09,213260239,PP
359,Anne,Pencost,apencost9y@mac.com,Female,$608694.73,971640255,CC
360,Adelbert,Dunstall,adunstall9z@marketwatch.com,Male,$406478.94,621150129,PP
361,Erny,McMurty,emcmurtya0@nba.com,Male,$628285.04,633779546,CC
362,Inigo,Larkworthy,ilarkworthya1@hostgator.com,Male,$233789.34,345003220,PP
363,Oralee,Annell,oannella2@t-online.de,Female,$646636.69,692378823,CC
364,Lindon,Chasmer,lchasmera3@typepad.com,Male,$592435.45,946845472,PP
365,Danice,Chyuerton,dchyuertona4@hubpages.com,Female,$588197.86,194796920,IT
366,Tate,Pasticznyk,tpasticznyka5@shareasale.com,Female,$694541.71,847918354,CC
367,Gerick,Hannum,ghannuma6@un.org,Male,$800048.80,951095739,PP
368,Wilhelmine,Slack,wslacka7@usda.gov,Female,$137233.80,532879072,CC
369,Dotti,Peer,dpeera8@plala.or.jp,Female,$521990.45,599045151,PP
370,Valerye,Ebbs,vebbsa9@1und1.de,Female,$245806.28,604549624,CC
371,Hobart,Canet,hcanetaa@newsvine.com,Male,$104001.97,470796665,CC
372,Welch,Marcinkowski,wmarcinkowskiab@pinterest.com,Male,$326576.00,591551565,IT
373,Lammond,Harpin,lharpinac@issuu.com,Male,$129467.37,669741512,IT
374,Hill,Sellick,hsellickad@google.co.jp,Male,$758461.10,1012559408,CC
375,Chilton,Upward,cupwardae@cam.ac.uk,Male,$732535.79,170575855,CC
376,Sharl,Schirak,sschirakaf@dailymotion.com,Female,$250158.89,996263730,PP
377,Lauretta,Cranstoun,lcranstounag@java.com,Female,$268655.41,667335418,CC
378,Peyton,Palfreman,ppalfremanah@wikimedia.org,Male,$877172.34,302741917,IT
379,Lorianna,Conkling,lconklingai@scientificamerican.com,Female,$485217.74,390418385,PP
380,Yardley,Orans,yoransaj@redcross.org,Male,$558927.94,129572124,CC
381,Buck,Melladew,bmelladewak@miibeian.gov.cn,Male,$500298.62,399240202,IT
382,Giustino,Mohamed,gmohamedal@joomla.org,Male,$425200.51,604554804,PP
383,Gran,Favel,gfavelam@xing.com,Male,$717320.09,609401520,PP
384,Brocky,Winson,bwinsonan@wix.com,Male,$144921.59,532814663,CC
385,Sherlocke,Sorel,ssorelao@state.gov,Male,$165505.51,746775526,CC
386,Michaella,Fidian,mfidianap@photobucket.com,Female,$473881.26,997610912,CC
387,Hanna,Eseler,heseleraq@blogger.com,Female,$789681.10,800301783,PP
388,Nichole,Forlonge,nforlongear@seattletimes.com,Male,$691233.27,968311957,IT
389,Coral,Tryme,ctrymeas@ifeng.com,Female,$809308.73,615791438,PP
390,Stevana,Gameson,sgamesonat@ifeng.com,Female,$222875.50,875005651,PP
391,Arlette,Tootell,atootellau@boston.com,Female,$482971.34,338174628,IT
392,Gael,Braim,gbraimav@shareasale.com,Male,$111477.14,354070401,IT
393,Wilhelmine,Crowdy,wcrowdyaw@weather.com,Female,$855652.94,33412158,PP
394,Ladonna,Teall,lteallax@bloomberg.com,Female,$770320.05,1020895851,IT
395,Quinn,Knyvett,qknyvettay@constantcontact.com,Female,$440874.88,819549574,IT
396,Vallie,Fewlass,vfewlassaz@businessweek.com,Female,$820100.27,84365645,IT
397,Jorry,Buttwell,jbuttwellb0@1und1.de,Female,$931694.22,273120682,IT
398,Madison,Solomonides,msolomonidesb1@arstechnica.com,Male,$124836.84,336676493,IT
399,Aeriel,Wetherald,awetheraldb2@nhs.uk,Female,$508619.12,503474880,IT
400,Zachery,Maggiore,zmaggioreb3@yellowpages.com,Male,$848967.73,123070273,CC
401,Harmonia,Kraut,hkrautb4@mozilla.com,Female,$341485.03,589021504,IT
402,Charil,Ommanney,commanneyb5@umn.edu,Female,$306564.08,17191469,CC
403,Muhammad,Lyster,mlysterb6@chicagotribune.com,Male,$455150.76,707672669,IT
404,Elia,Chaudron,echaudronb7@reuters.com,Male,$723053.55,676429829,PP
405,Gretel,Phlippsen,gphlippsenb8@weibo.com,Female,$531768.01,921676608,IT
406,Ashlen,Reedshaw,areedshawb9@independent.co.uk,Female,$262043.34,601857117,CC
407,Enrique,Spurge,espurgeba@pen.io,Male,$693319.50,1010762456,CC
408,Ignace,Ledrun,iledrunbb@aboutads.info,Male,$879905.36,568609852,IT
409,Job,Fairchild,jfairchildbc@prlog.org,Male,$895498.93,791608246,CC
410,Blithe,Snoding,bsnodingbd@ft.com,Female,$269423.37,878424568,PP
411,Nona,Renshell,nrenshellbe@addtoany.com,Female,$992497.50,153264657,IT
412,Ramon,Sarvar,rsarvarbf@squarespace.com,Male,$563352.26,894460239,IT
413,Fields,Croson,fcrosonbg@nytimes.com,Male,$727799.92,467819794,CC
414,Antonio,Roxburgh,aroxburghbh@mozilla.org,Male,$405274.38,490328569,PP
415,Gunar,Ort,gortbi@discuz.net,Male,$563860.91,281299156,CC
416,Erica,Gauntlett,egauntlettbj@webmd.com,Female,$309713.60,369693078,IT
417,Catarina,Taillant,ctaillantbk@dedecms.com,Female,$363605.21,392876575,IT
418,Keen,Gilding,kgildingbl@creativecommons.org,Male,$685736.53,239702275,IT
419,Sollie,Chastenet,schastenetbm@independent.co.uk,Male,$646567.45,1009692818,CC
420,Billi,Parmeter,bparmeterbn@about.com,Female,$555659.76,391204382,IT
421,Page,Burndred,pburndredbo@jugem.jp,Female,$642063.19,110709428,CC
422,Nicolas,Cushelly,ncushellybp@tripod.com,Male,$974723.39,147650136,CC
423,Minny,MacGlory,mmacglorybq@pbs.org,Female,$247237.84,97915055,IT
424,Shannah,Dubock,sdubockbr@cnbc.com,Female,$571642.20,625819544,PP
425,Opaline,Pyle,opylebs@xrea.com,Female,$709699.02,1046499625,IT
426,Andie,Roma,aromabt@businesswire.com,Male,$911064.76,733907371,CC
427,Tory,Rabbe,trabbebu@google.it,Female,$734629.19,315604516,IT
428,Patty,Redgrove,predgrovebv@wordpress.com,Male,$246647.10,916187476,PP
429,Rice,Stennet,rstennetbw@google.fr,Male,$802146.21,264685549,CC
430,Leonie,Amsden,lamsdenbx@prweb.com,Female,$405947.79,634116941,PP
431,Bradley,Woolmer,bwoolmerby@bloomberg.com,Male,$771743.33,79932641,IT
432,Bruis,Di Ruggero,bdiruggerobz@walmart.com,Male,$194067.47,1003190329,PP
433,Crosby,Cowdrey,ccowdreyc0@tumblr.com,Male,$640336.81,178813654,CC
434,Reube,Wodeland,rwodelandc1@wikipedia.org,Male,$877593.04,116199621,IT
435,Millicent,Gietz,mgietzc2@hubpages.com,Female,$847436.04,681809202,PP
436,Charlotta,Channing,cchanningc3@blog.com,Female,$999186.30,368313757,CC
437,Darya,Rotherham,drotherhamc4@surveymonkey.com,Female,$154335.81,760760634,IT
438,Casey,Chillingsworth,cchillingsworthc5@usa.gov,Female,$799378.97,846833811,CC
439,Corny,Sandland,csandlandc6@diigo.com,Male,$911854.17,580428587,PP
440,Roxanna,Buckam,rbuckamc7@mlb.com,Female,$229880.18,1043734148,IT
441,Averyl,Penquet,apenquetc8@360.cn,Female,$797858.88,560990982,PP
442,Shalom,Berendsen,sberendsenc9@booking.com,Male,$111185.65,1019991539,PP
443,Lovell,Sanbrooke,lsanbrookeca@independent.co.uk,Male,$466636.09,877460430,IT
444,Vicky,Iston,vistoncb@sun.com,Female,$353237.26,745331626,IT
445,Emmalynn,Eglise,eeglisecc@si.edu,Female,$381533.05,348368067,IT
446,Kaila,Fibbit,kfibbitcd@tinypic.com,Female,$960868.14,259987477,IT
447,Izaak,Lafond,ilafondce@feedburner.com,Male,$396147.72,435467189,CC
448,Maureene,Jennions,mjennionscf@wikia.com,Female,$957558.89,899744273,IT
449,Pepi,Callow,pcallowcg@domainmarket.com,Female,$935721.82,831656280,IT
450,Waldemar,Hulance,whulancech@vistaprint.com,Male,$212032.48,514656613,PP
451,James,Mangam,jmangamci@macromedia.com,Male,$784802.91,283135135,CC
452,Mireille,Scown,mscowncj@earthlink.net,Female,$686844.88,186016904,CC
453,Sargent,Bennell,sbennellck@mac.com,Male,$896242.65,875515762,CC
454,Glory,Roback,grobackcl@wunderground.com,Female,$152708.11,648472002,IT
455,Flossy,Livingstone,flivingstonecm@businesswire.com,Female,$948848.14,225673297,CC
456,Rafael,Kuhn,rkuhncn@hao123.com,Male,$922532.28,167640637,IT
457,Jeramie,Burth,jburthco@freewebs.com,Male,$136895.85,841356743,CC
458,Eddi,Barnshaw,ebarnshawcp@themeforest.net,Female,$295584.38,416431576,CC
459,Evelyn,McRoberts,emcrobertscq@sohu.com,Female,$195379.21,174232085,IT
460,Wallas,Meineking,wmeinekingcr@yahoo.co.jp,Male,$128623.36,178711136,CC
461,Heidi,Blezard,hblezardcs@a8.net,Female,$889807.29,464796793,PP
462,Perrine,Huggons,phuggonsct@tripadvisor.com,Female,$396726.67,1024655506,IT
463,Michele,Dudill,mdudillcu@nba.com,Male,$420908.81,118163878,IT
464,Carce,Shalloo,cshalloocv@google.pl,Male,$275819.59,602259296,IT
465,Cameron,Stronack,cstronackcw@apple.com,Male,$247828.90,138570372,PP
466,Phillida,Bichard,pbichardcx@dell.com,Female,$561680.18,95007376,CC
467,Joshua,Knowler,jknowlercy@wiley.com,Male,$778556.06,892062952,IT
468,Zane,Tayt,ztaytcz@discovery.com,Male,$443446.68,501414305,IT
469,Adriana,Sabater,asabaterd0@wikipedia.org,Female,$294973.90,142279619,PP
470,Germain,Murdy,gmurdyd1@etsy.com,Female,$623638.31,408072198,PP
471,Darill,Nisard,dnisardd2@51.la,Male,$721036.90,381428833,PP
472,Klarika,Dunlea,kdunlead3@rediff.com,Female,$125251.29,490379877,PP
473,Danny,Kay,dkayd4@symantec.com,Male,$396598.43,748908583,IT
474,Saudra,Redmond,sredmondd5@free.fr,Female,$483860.58,341273539,CC
475,Tobias,Chilver,tchilverd6@dailymotion.com,Male,$662577.36,780569709,IT
476,Monica,Cumberlidge,mcumberlidged7@gmpg.org,Female,$498471.87,489992636,PP
477,Othella,Jaquest,ojaquestd8@ca.gov,Female,$589245.68,1047444200,IT
478,Dennis,Bettleson,dbettlesond9@upenn.edu,Male,$470872.36,145997282,PP
479,Milty,Hopkynson,mhopkynsonda@addthis.com,Male,$862355.05,305059063,CC
480,Jacinta,Downage,jdownagedb@statcounter.com,Female,$504635.57,444141651,CC
481,Maud,Dickson,mdicksondc@live.com,Female,$770446.72,138653075,CC
482,Marjory,O'Tierney,motierneydd@narod.ru,Female,$323269.42,845874817,PP
483,Donny,Filinkov,dfilinkovde@mit.edu,Female,$567425.62,59046257,PP
484,Margot,O'Neil,moneildf@fda.gov,Female,$873140.72,636522192,IT
485,Orelia,Udy,oudydg@elpais.com,Female,$716280.81,1042609963,PP
486,Cary,Laxson,claxsondh@zimbio.com,Female,$840165.47,828084087,IT
487,Brew,McConway,bmcconwaydi@163.com,Male,$907596.07,280991633,IT
488,Giulio,Scawn,gscawndj@lycos.com,Male,$806546.40,369860443,CC
489,Bernadina,Duffin,bduffindk@yahoo.co.jp,Female,$646307.76,675856991,CC
490,Ody,Itzhaiek,oitzhaiekdl@weebly.com,Male,$757192.41,900086993,CC
491,Maurie,Caulfield,mcaulfielddm@springer.com,Male,$897989.22,841084536,IT
492,Sansone,Raft,sraftdn@hostgator.com,Male,$749765.00,582358633,PP
493,Gran,Rodrigues,grodriguesdo@over-blog.com,Male,$728471.28,632743135,IT
494,Palm,Whillock,pwhillockdp@sbwire.com,Male,$475016.58,634832858,IT
495,Emlyn,Barszczewski,ebarszczewskidq@bravesites.com,Female,$132780.39,754928228,PP
496,Thurston,Dovidian,tdovidiandr@list-manage.com,Male,$907495.37,199707313,IT
497,Adeline,Ghelardoni,aghelardonids@nba.com,Female,$522456.91,130793108,IT
498,Maure,Painten,mpaintendt@wikimedia.org,Female,$579090.69,300101425,IT
499,Mame,Waterstone,mwaterstonedu@vk.com,Female,$277415.92,876365963,PP
500,Jonas,Pernell,jpernelldv@reverbnation.com,Male,$905320.51,533756739,PP
501,Tiffy,Rimbault,trimbaultdw@artisteer.com,Female,$905845.25,856110206,PP
502,Gustavo,Smythe,gsmythedx@cmu.edu,Male,$973735.05,488802129,IT
503,Lucian,Zorer,lzorerdy@dailymail.co.uk,Male,$743075.47,171686574,CC
504,Janella,Noddle,jnoddledz@webnode.com,Female,$492257.68,208972048,CC
505,Guinna,Dauney,gdauneye0@state.gov,Female,$552533.44,942196931,PP
506,Gigi,Ledwich,gledwiche1@weather.com,Female,$224095.23,810636850,PP
507,Suellen,McCulloch,smcculloche2@usatoday.com,Female,$830856.67,772369313,CC
508,Kirstin,Weine,kweinee3@youtube.com,Female,$257583.55,143618192,PP
509,Aubert,Grubb,agrubbe4@liveinternet.ru,Male,$526236.79,632553445,CC
510,Nico,Henrych,nhenryche5@yellowbook.com,Male,$368163.87,633102540,IT
511,Con,Sturrock,csturrocke6@slate.com,Female,$990453.94,393099996,PP
512,Maximilian,Jorck,mjorcke7@hp.com,Male,$680037.90,717256521,IT
513,Theda,Hampshire,thampshiree8@spotify.com,Female,$717391.38,774103621,IT
514,Shaine,Rapper,srappere9@tinyurl.com,Male,$121094.44,814935964,IT
515,Boot,Lawleff,blawleffea@wikispaces.com,Male,$483025.86,62610016,CC
516,Roley,Di Meo,rdimeoeb@rambler.ru,Male,$342747.28,930337642,IT
517,Inesita,Kiraly,ikiralyec@usgs.gov,Female,$908797.50,823013335,CC
518,Inglis,Embling,iemblinged@walmart.com,Male,$295677.04,432062026,IT
519,Ysabel,Chippindale,ychippindaleee@earthlink.net,Female,$565458.48,931855793,IT
520,Halley,Fordy,hfordyef@howstuffworks.com,Female,$442803.61,818150208,CC
521,Madelina,Greasty,mgreastyeg@domainmarket.com,Female,$112479.60,1047428800,PP
522,Jayson,Wormstone,jwormstoneeh@gov.uk,Male,$420425.67,605430213,CC
523,Wilie,Coupland,wcouplandei@cloudflare.com,Female,$489515.81,994156605,CC
524,Ulberto,Crowley,ucrowleyej@wiley.com,Male,$656851.49,882449403,PP
525,Donnajean,Cutchee,dcutcheeek@sfgate.com,Female,$155197.71,966547398,IT
526,Jens,Bootland,jbootlandel@chicagotribune.com,Male,$365775.29,896610113,CC
527,Anabelle,Connor,aconnorem@mozilla.com,Female,$927819.05,515583940,CC
528,Wendell,Grose,wgroseen@whitehouse.gov,Male,$919088.45,976209793,CC
529,Jammie,Simpkins,jsimpkinseo@theglobeandmail.com,Female,$198440.69,609952920,PP
530,Gerick,Kembery,gkemberyep@harvard.edu,Male,$886302.48,150775725,CC
531,Stacie,Niven,sniveneq@eventbrite.com,Female,$264582.08,1026055905,PP
532,Jakob,Mossop,jmossoper@youku.com,Male,$468185.57,586413397,CC
533,Stanislaw,Scarsbrick,sscarsbrickes@wunderground.com,Male,$401320.47,32109335,PP
534,Daune,Goulborne,dgoulborneet@google.co.uk,Female,$429447.51,598859515,PP
535,Bo,Nehl,bnehleu@cpanel.net,Male,$243131.53,92558039,IT
536,Kasey,Greenaway,kgreenawayev@mail.ru,Female,$130343.76,487839010,CC
537,Elnora,Biasi,ebiasiew@twitpic.com,Female,$535208.75,974198429,IT
538,Dwayne,Napier,dnapierex@scientificamerican.com,Male,$102525.77,917480611,IT
539,Sumner,Breznovic,sbreznovicey@dell.com,Male,$609398.52,372908500,PP
540,Mauricio,Branch,mbranchez@tinyurl.com,Male,$243768.52,235218775,IT
541,Barnabas,Frays,bfraysf0@yale.edu,Male,$876890.29,239055641,CC
542,Anders,Badgers,abadgersf1@opera.com,Male,$931896.95,224843611,CC
543,Rabbi,Antos,rantosf2@sfgate.com,Male,$181399.97,490434348,IT
544,Darb,Heazel,dheazelf3@freewebs.com,Female,$603739.43,452246050,IT
545,Saidee,Senechault,ssenechaultf4@cam.ac.uk,Female,$255708.50,607855456,PP
546,Elyssa,Tribe,etribef5@nasa.gov,Female,$792857.54,453239057,PP
547,Leona,Linskill,llinskillf6@google.com.br,Female,$277240.75,135176187,PP
548,Andree,Willans,awillansf7@odnoklassniki.ru,Female,$739217.86,120093090,IT
549,Eddie,Asher,easherf8@wisc.edu,Male,$532820.09,890546430,CC
550,Raddy,Mountstephen,rmountstephenf9@webnode.com,Male,$142604.70,951209086,CC
551,Bancroft,Riggert,briggertfa@cloudflare.com,Male,$211638.37,389694278,CC
552,Merola,Hepher,mhepherfb@hatena.ne.jp,Female,$913564.10,133768624,CC
553,Claire,Rizzi,crizzifc@intel.com,Male,$313306.81,501209725,PP
554,Brandtr,Daville,bdavillefd@mozilla.org,Male,$885133.50,1043619179,IT
555,Edna,Pirazzi,epirazzife@huffingtonpost.com,Female,$329957.76,745928882,IT
556,Antoni,Hiom,ahiomff@yale.edu,Male,$745330.38,990136007,CC
557,Laverna,Golightly,lgolightlyfg@mit.edu,Female,$756309.79,58623099,PP
558,Willie,Bahlmann,wbahlmannfh@cdbaby.com,Male,$607383.87,479628887,PP
559,Ranna,Gierek,rgierekfi@google.cn,Female,$543222.69,103359463,CC
560,Nehemiah,Guilleton,nguilletonfj@dot.gov,Male,$716708.94,404545685,PP
561,Renate,Duddy,rduddyfk@vimeo.com,Female,$928886.30,139598534,PP
562,Sascha,Dibden,sdibdenfl@squidoo.com,Male,$503125.94,175794708,CC
563,Angus,Alkin,aalkinfm@devhub.com,Male,$491842.47,466399438,PP
564,Ricky,Sings,rsingsfn@elpais.com,Male,$914058.88,682986318,IT
565,Dacy,Kosel,dkoselfo@gnu.org,Female,$577218.87,554469837,IT
566,Daune,Offener,doffenerfp@vinaora.com,Female,$862541.12,560311173,PP
567,Zacharias,Sutterfield,zsutterfieldfq@pinterest.com,Male,$309061.87,95161724,CC
568,Teirtza,Salerg,tsalergfr@purevolume.com,Female,$363168.10,606527490,IT
569,Aurilia,Bene,abenefs@thetimes.co.uk,Female,$264296.63,785404149,CC
570,Janey,Buckett,jbuckettft@unc.edu,Female,$795456.97,39958581,IT
571,Loren,Claremont,lclaremontfu@themeforest.net,Male,$752046.50,102208943,PP
572,Albina,Seeds,aseedsfv@walmart.com,Female,$651975.02,806692851,PP
573,Dell,Rizzello,drizzellofw@rambler.ru,Female,$279955.06,476324506,PP
574,Anson,Brinsden,abrinsdenfx@cnet.com,Male,$145997.64,823279394,CC
575,Blakeley,Gaunter,bgaunterfy@nba.com,Female,$604732.51,919424229,IT
576,Rog,Cogley,rcogleyfz@va.gov,Male,$163152.38,747380381,IT
577,Rogers,Biasotti,rbiasottig0@slate.com,Male,$507542.22,351576200,CC
578,Pen,Francillo,pfrancillog1@google.ru,Female,$386727.20,379816570,IT
579,Ivor,Patemore,ipatemoreg2@si.edu,Male,$114579.54,241030410,PP
580,Marjie,Mathewson,mmathewsong3@ezinearticles.com,Female,$423327.23,697056143,CC
581,Tommie,Kittoe,tkittoeg4@howstuffworks.com,Male,$133408.25,437828937,PP
582,Noelani,Brissenden,nbrissendeng5@linkedin.com,Female,$736882.87,582179891,CC
583,Roley,Latham,rlathamg6@wunderground.com,Male,$338992.13,923266091,PP
584,Patten,Gianilli,pgianillig7@yolasite.com,Male,$723776.24,118401560,CC
585,Stephine,Marchiso,smarchisog8@shutterfly.com,Female,$651521.73,688512257,CC
586,Noelyn,Stoffler,nstofflerg9@linkedin.com,Female,$369592.05,709287634,PP
587,Janey,Ballance,jballancega@reddit.com,Female,$811244.01,944855961,IT
588,Nick,Shippam,nshippamgb@adobe.com,Male,$449278.51,551785475,CC
589,Vanny,Alam,valamgc@stumbleupon.com,Female,$926277.07,13789253,IT
590,Desmond,Fussen,dfussengd@purevolume.com,Male,$855942.97,866250055,IT
591,Candice,Offin,coffinge@ihg.com,Female,$368081.94,718471453,CC
592,Honey,Ricardin,hricardingf@weibo.com,Female,$773379.58,182576191,IT
593,Marys,Hegley,mhegleygg@linkedin.com,Female,$829311.00,31544254,CC
594,Nicolas,Risbridge,nrisbridgegh@wiley.com,Male,$115885.76,231732866,CC
595,Nike,Baroc,nbarocgi@taobao.com,Female,$642482.59,443592476,PP
596,Verile,Mullin,vmullingj@delicious.com,Female,$383814.01,894724437,IT
597,Darnell,Shuttle,dshuttlegk@aboutads.info,Male,$876258.20,836560041,PP
598,Rubia,Gowler,rgowlergl@ihg.com,Female,$257770.98,822654820,IT
599,Gussie,Emons,gemonsgm@oracle.com,Female,$816389.81,245114044,IT
600,Kincaid,Doubrava,kdoubravagn@sakura.ne.jp,Male,$815677.87,322786306,PP
601,Lorinda,Strangwood,lstrangwoodgo@microsoft.com,Female,$218549.54,918658133,IT
602,Wes,Rowth,wrowthgp@privacy.gov.au,Male,$281154.27,695498190,CC
603,Ignacius,Bollini,ibollinigq@ameblo.jp,Male,$907519.68,544466431,IT
604,Vittoria,Matuszkiewicz,vmatuszkiewiczgr@dedecms.com,Female,$574099.51,413176025,CC
605,Smith,Chifney,schifneygs@a8.net,Male,$289031.97,443457455,PP
606,Shalom,Maton,smatongt@howstuffworks.com,Male,$163572.21,282963318,IT
607,Dena,Samuel,dsamuelgu@opensource.org,Female,$908681.60,428154613,IT
608,Carlynne,O'Dempsey,codempseygv@canalblog.com,Female,$991605.76,799001176,IT
609,Mickie,Bilborough,mbilboroughgw@narod.ru,Male,$939907.64,676435310,IT
610,Natal,Dukes,ndukesgx@ovh.net,Male,$192363.07,1042795238,IT
611,Oralle,Haddleston,ohaddlestongy@github.com,Female,$718628.63,758566262,CC
612,Nina,Vannah,nvannahgz@newsvine.com,Female,$552116.33,611841323,IT
613,Juditha,Govinlock,jgovinlockh0@technorati.com,Female,$836511.18,601475295,CC
614,Rupert,Reiglar,rreiglarh1@java.com,Male,$474097.84,61646972,IT
615,Marcos,Sporner,mspornerh2@angelfire.com,Male,$803087.38,790868867,PP
616,Jamaal,Abramin,jabraminh3@ihg.com,Male,$360847.35,1015176551,PP
617,Thedric,Vanderplas,tvanderplash4@tripod.com,Male,$984607.28,825911802,PP
618,Garrick,Whatford,gwhatfordh5@forbes.com,Male,$429467.55,53236779,PP
619,Terrye,Arnaudot,tarnaudoth6@woothemes.com,Female,$295520.29,385579452,IT
620,Frannie,Fonte,ffonteh7@imgur.com,Male,$321141.67,768963207,PP
621,Noelyn,Judgkins,njudgkinsh8@sphinn.com,Female,$984765.65,954604362,CC
622,Ransell,McGeouch,rmcgeouchh9@npr.org,Male,$616898.85,767550123,CC
623,Beck,Goodrum,bgoodrumha@paginegialle.it,Male,$212505.01,55168568,CC
624,Kahlil,Yanshonok,kyanshonokhb@patch.com,Male,$454707.10,472199301,PP
625,Krystalle,Jaze,kjazehc@boston.com,Female,$219121.86,919413646,CC
626,Vinnie,Nono,vnonohd@mashable.com,Female,$666050.10,504458329,PP
627,Antonin,Gores,agoreshe@sun.com,Male,$528228.92,1008644162,PP
628,Yovonnda,Sabater,ysabaterhf@ning.com,Female,$414476.34,928873705,CC
629,Isa,Tace,itacehg@google.co.jp,Male,$933426.71,442170865,CC
630,Rosemarie,Bennallck,rbennallckhh@last.fm,Female,$457076.30,634994063,CC
631,Constance,Arundel,carundelhi@odnoklassniki.ru,Female,$685000.77,201657430,CC
632,Marmaduke,Johananov,mjohananovhj@geocities.jp,Male,$269955.10,553824849,PP
633,Alexandro,Soots,asootshk@yale.edu,Male,$427415.91,142330518,PP
634,Teodor,Bracher,tbracherhl@usa.gov,Male,$671885.02,262772483,PP
635,Alvera,Asker,aaskerhm@whitehouse.gov,Female,$426995.40,339474707,IT
636,Lina,Milner,lmilnerhn@yahoo.com,Female,$570307.50,656054446,IT
637,Aileen,Costin,acostinho@ucoz.com,Female,$907718.50,157175424,PP
638,Nisse,Dax,ndaxhp@canalblog.com,Female,$992249.05,459374723,IT
639,Krispin,Bricket,kbrickethq@rediff.com,Male,$335539.48,384751733,IT
640,Leshia,Shird,lshirdhr@quantcast.com,Female,$862356.71,16139963,PP
641,Rosalind,Haville,rhavillehs@accuweather.com,Female,$900629.89,396082159,CC
642,Nahum,Voelker,nvoelkerht@jugem.jp,Male,$532963.98,1035825810,CC
643,Luci,Tournie,ltourniehu@digg.com,Female,$674941.15,933202740,CC
644,Alexis,Odo,aodohv@prlog.org,Male,$249152.75,1046780213,CC
645,Ernst,Elkington,eelkingtonhw@biglobe.ne.jp,Male,$404146.18,90198934,IT
646,Dorthea,Stollenbeck,dstollenbeckhx@php.net,Female,$418698.38,782244565,IT
647,Reinold,Sangwine,rsangwinehy@nytimes.com,Male,$566659.58,471327262,CC
648,Jaquelin,Wisher,jwisherhz@webeden.co.uk,Female,$339361.89,645695218,IT
649,Wernher,Hampton,whamptoni0@topsy.com,Male,$144694.52,588485776,CC
650,Laird,Vickress,lvickressi1@cbslocal.com,Male,$964976.71,389067201,PP
651,Hasty,Markie,hmarkiei2@last.fm,Male,$448564.13,662941296,IT
652,Rebecka,O' Cuolahan,rocuolahani3@home.pl,Female,$807769.27,851136005,PP
653,Davy,Pattrick,dpattricki4@nationalgeographic.com,Male,$953043.65,349129257,CC
654,Tiffany,Cowdry,tcowdryi5@amazon.de,Female,$734283.18,773828674,CC
655,Lorrie,Gordon,lgordoni6@ezinearticles.com,Female,$625555.78,499917438,CC
656,Kenn,Keets,kkeetsi7@drupal.org,Male,$131485.85,199833589,CC
657,Dione,Burkett,dburketti8@prnewswire.com,Female,$213595.67,317859002,CC
658,Benedicto,Horsburgh,bhorsburghi9@scribd.com,Male,$686702.86,396284218,IT
659,Anders,Geffe,ageffeia@earthlink.net,Male,$376626.03,784929061,IT
660,Fergus,Meconi,fmeconiib@nasa.gov,Male,$166372.50,716806724,PP
661,Nicky,Hinners,nhinnersic@mail.ru,Male,$697128.88,483459396,IT
662,Misty,Beekmann,mbeekmannid@skyrock.com,Female,$625695.44,504734323,PP
663,Krispin,Hrihorovich,khrihorovichie@harvard.edu,Male,$393288.16,535410022,PP
664,Tove,Roadknight,troadknightif@nymag.com,Female,$960965.75,703465956,IT
665,Pegeen,Englishby,penglishbyig@nydailynews.com,Female,$863163.00,826132449,IT
666,Anna-diana,Olsen,aolsenih@theglobeandmail.com,Female,$435511.30,984379598,PP
667,Josias,Forton,jfortonii@plala.or.jp,Male,$582458.98,1005909237,IT
668,Drake,Smewin,dsmewinij@dedecms.com,Male,$701929.41,632435264,CC
669,Monroe,Bridge,mbridgeik@wordpress.org,Male,$322828.17,310642611,IT
670,Reamonn,Alenichicov,ralenichicovil@gravatar.com,Male,$500087.34,751003312,CC
671,Iona,Varns,ivarnsim@toplist.cz,Female,$260024.29,1026998661,PP
672,Gwendolen,Esgate,gesgatein@tmall.com,Female,$516008.14,745192394,IT
673,Kermie,Ingraham,kingrahamio@macromedia.com,Male,$396352.40,76489762,IT
674,Hagen,Hierro,hhierroip@facebook.com,Male,$936810.75,271734989,PP
675,Ker,Gregoletti,kgregolettiiq@google.com.br,Male,$553836.52,266667151,IT
676,Adriane,Gayton,agaytonir@cargocollective.com,Female,$812477.39,299730432,CC
677,Murial,Brockherst,mbrockherstis@umich.edu,Female,$951253.46,208691489,PP
678,Bev,Gleadhell,bgleadhellit@mac.com,Female,$338477.90,255120753,CC
679,Odette,Beranek,oberanekiu@bbc.co.uk,Female,$252952.42,941398230,IT
680,Alexio,Delgaty,adelgatyiv@edublogs.org,Male,$451365.60,391294856,CC
681,Nadya,Ledwidge,nledwidgeiw@weibo.com,Female,$138165.55,603892718,CC
682,Giusto,Alloisi,galloisiix@fema.gov,Male,$588523.72,902246397,CC
683,Rayner,Lowder,rlowderiy@oracle.com,Male,$517901.31,992488839,PP
684,Joceline,Render,jrenderiz@ca.gov,Female,$637138.19,753680810,PP
685,Zea,Heathwood,zheathwoodj0@amazon.de,Female,$548201.68,664516397,IT
686,Emmet,Camplejohn,ecamplejohnj1@amazon.co.jp,Male,$388388.14,647100595,CC
687,Arlin,Kubal,akubalj2@illinois.edu,Male,$792578.20,266514841,PP
688,Mic,Zute,mzutej3@ca.gov,Male,$587391.91,763583941,CC
689,Tabbatha,Woolford,twoolfordj4@miibeian.gov.cn,Female,$636644.43,54946889,CC
690,Annadiana,Petyankin,apetyankinj5@bloglines.com,Female,$979978.15,833017556,CC
691,Jacqui,Heape,jheapej6@over-blog.com,Female,$456300.36,219951952,IT
692,Isador,Taveriner,itaverinerj7@surveymonkey.com,Male,$517832.63,326771304,PP
693,Zonnya,Posselwhite,zposselwhitej8@jalbum.net,Female,$675192.35,928022274,CC
694,Thedrick,Selesnick,tselesnickj9@cnn.com,Male,$347732.74,197566152,PP
695,Ellerey,Dunabie,edunabieja@trellian.com,Male,$355133.26,237883270,CC
696,Ari,Opie,aopiejb@illinois.edu,Male,$737586.72,630077850,PP
697,Meade,Codron,mcodronjc@phoca.cz,Male,$516914.96,606574661,CC
698,Sonnnie,Amiranda,samirandajd@cyberchimps.com,Female,$147714.79,44168098,PP
699,Micky,Baldrick,mbaldrickje@xinhuanet.com,Female,$735917.96,29945903,PP
700,Alvin,Maylor,amaylorjf@stumbleupon.com,Male,$649858.91,641161788,PP
701,Brent,Sked,bskedjg@taobao.com,Male,$657923.56,1042938129,PP
702,Donnie,Poundsford,dpoundsfordjh@opera.com,Male,$685051.64,717447468,CC
703,Bordy,Matteris,bmatterisji@joomla.org,Male,$162617.67,775660567,IT
704,Mandi,Lailey,mlaileyjj@scribd.com,Female,$468498.26,949304299,PP
705,See,Novkovic,snovkovicjk@discovery.com,Male,$366805.71,557172371,IT
706,Myrta,Elwin,melwinjl@t.co,Female,$551482.02,210484495,CC
707,Cecil,Sim,csimjm@amazon.co.uk,Male,$621299.64,568393893,PP
708,Ekaterina,Benne,ebennejn@google.de,Female,$703079.00,487547526,IT
709,Anthea,Richens,arichensjo@parallels.com,Female,$917509.27,942958074,IT
710,Emanuele,Paal,epaaljp@linkedin.com,Male,$346345.39,925923476,CC
711,Shane,Brilon,sbrilonjq@blinklist.com,Male,$882443.84,1021131041,CC
712,Gwenny,Saunton,gsauntonjr@soundcloud.com,Female,$529502.75,850685779,PP
713,Agustin,Cobbin,acobbinjs@accuweather.com,Male,$794701.90,198286678,PP
714,Darby,Hanselman,dhanselmanjt@xing.com,Female,$488893.46,105557400,PP
715,Rodney,Pavyer,rpavyerju@omniture.com,Male,$589892.26,313510428,IT
716,Gardener,Regenhardt,gregenhardtjv@parallels.com,Male,$905164.16,577887890,IT
717,Lionel,Girault,lgiraultjw@berkeley.edu,Male,$799003.21,143651407,CC
718,Edin,Schild,eschildjx@msu.edu,Female,$430383.32,11472245,CC
719,Kara,Sherer,kshererjy@desdev.cn,Female,$657110.72,685585568,PP
720,Bank,Mateuszczyk,bmateuszczykjz@reddit.com,Male,$229325.25,362976385,CC
721,Harriette,Mulbery,hmulberyk0@cyberchimps.com,Female,$946243.99,86675470,IT
722,Tedman,Gillingwater,tgillingwaterk1@bloglovin.com,Male,$609476.30,684075149,IT
723,Orsola,Streeton,ostreetonk2@upenn.edu,Female,$242837.31,375420237,CC
724,Granger,Ferminger,gfermingerk3@bloglines.com,Male,$629771.60,541489594,IT
725,Deny,Banaszkiewicz,dbanaszkiewiczk4@mozilla.org,Female,$542829.83,323188428,IT
726,Greggory,Swin,gswink5@china.com.cn,Male,$857602.35,964397779,IT
727,Niko,Stearne,nstearnek6@pbs.org,Male,$601592.47,547060440,PP
728,Cassaundra,Rounsefull,crounsefullk7@sitemeter.com,Female,$349469.55,127123131,IT
729,Wilmar,Whatsize,wwhatsizek8@indiegogo.com,Male,$536427.98,773552872,CC
730,Alastair,Trimmell,atrimmellk9@topsy.com,Male,$879663.79,135460425,PP
731,Holt,Lumsdaine,hlumsdaineka@booking.com,Male,$117692.41,625362291,PP
732,Elane,Windmill,ewindmillkb@indiatimes.com,Female,$370204.74,567188537,IT
733,Des,Eldred,deldredkc@latimes.com,Male,$568749.93,441870061,PP
734,Powell,Cuerdall,pcuerdallkd@google.fr,Male,$480590.83,276093827,CC
735,Marcellus,Camsey,mcamseyke@mapquest.com,Male,$215772.57,413120122,PP
736,Romy,Dancy,rdancykf@simplemachines.org,Female,$863513.67,640705298,CC
737,Peggie,Prose,pprosekg@imdb.com,Female,$116896.28,17914022,CC
738,Morie,Betham,mbethamkh@ted.com,Male,$143329.33,337032713,PP
739,Steffane,Terrans,sterranski@bravesites.com,Female,$763431.16,1031008883,CC
740,Neron,Millership,nmillershipkj@globo.com,Male,$182715.61,353164056,CC
741,Nelie,Revan,nrevankk@amazonaws.com,Female,$591609.91,292420845,PP
742,Iris,Naulls,inaullskl@utexas.edu,Female,$704240.80,1013528025,IT
743,Genny,Khomich,gkhomichkm@rambler.ru,Female,$607110.89,363902128,PP
744,Bree,Pickhaver,bpickhaverkn@washingtonpost.com,Female,$139173.43,660722441,PP
745,Chen,Leyre,cleyreko@google.co.jp,Male,$661036.65,299470317,CC
746,Beverlee,Fellenor,bfellenorkp@qq.com,Female,$790035.02,342819009,IT
747,Ferdy,Rugieri,frugierikq@shop-pro.jp,Male,$609259.43,960725701,PP
748,Sylvester,Toll,stollkr@istockphoto.com,Male,$166776.43,626366538,PP
749,Melamie,Barkway,mbarkwayks@sogou.com,Female,$821984.89,101271846,IT
750,Jerrome,Hatcliffe,jhatcliffekt@sciencedirect.com,Male,$795973.27,542849391,IT
751,Rik,Toman,rtomanku@who.int,Male,$186777.69,385663090,PP
752,Evangelin,Yellowley,eyellowleykv@so-net.ne.jp,Female,$333622.84,811894212,PP
753,Kerr,Kendrick,kkendrickkw@hexun.com,Male,$202821.88,102013467,PP
754,Terrence,Stancer,tstancerkx@cornell.edu,Male,$261898.68,82894339,IT
755,Cymbre,Lenihan,clenihanky@hud.gov,Female,$678955.82,655484653,CC
756,Viviana,Lainton,vlaintonkz@example.com,Female,$294089.47,727932392,CC
757,Pacorro,Toms,ptomsl0@sun.com,Male,$801043.81,33584729,IT
758,Jean,Bracci,jbraccil1@wordpress.org,Female,$435286.98,42913924,PP
759,Lyndsie,Kerwood,lkerwoodl2@usnews.com,Female,$576914.40,310966991,PP
760,Laurel,Habbert,lhabbertl3@kickstarter.com,Female,$518736.08,260907234,IT
761,Ade,Gustus,agustusl4@deliciousdays.com,Male,$499091.94,538417900,CC
762,Fernanda,Wrighton,fwrightonl5@microsoft.com,Female,$426486.08,1002450918,IT
763,Gwenette,Sutterfield,gsutterfieldl6@edublogs.org,Female,$726968.49,222892809,CC
764,Cyrus,Vellacott,cvellacottl7@foxnews.com,Male,$691235.83,607760057,CC
765,Wendeline,Folke,wfolkel8@com.com,Female,$793347.27,839346682,PP
766,Candida,Harling,charlingl9@walmart.com,Female,$252538.01,984363651,PP
767,Bethanne,Endrici,bendricila@mapy.cz,Female,$366117.63,1040167248,PP
768,Garner,Borges,gborgeslb@networkadvertising.org,Male,$588155.20,591782210,CC
769,Alonzo,Thairs,athairslc@msn.com,Male,$212374.65,756281115,CC
770,Nikolai,Runnicles,nrunniclesld@symantec.com,Male,$147910.86,399646094,PP
771,Simon,Ilyasov,silyasovle@umich.edu,Male,$583113.35,421195141,PP
772,Alain,Wesgate,awesgatelf@smh.com.au,Male,$916513.51,355610758,CC
773,Jonell,Ansett,jansettlg@free.fr,Female,$301153.94,933715929,PP
774,Nessy,Whieldon,nwhieldonlh@loc.gov,Female,$276132.30,789496709,CC
775,Say,Basnett,sbasnettli@state.gov,Male,$660046.46,450303347,CC
776,Sammy,Killgus,skillguslj@japanpost.jp,Male,$571617.78,524180047,CC
777,Hanna,Brimfield,hbrimfieldlk@admin.ch,Female,$247748.24,576777855,IT
778,Lani,Stuttman,lstuttmanll@china.com.cn,Female,$559973.81,421634178,CC
779,Windy,Dyball,wdyballlm@e-recht24.de,Female,$269563.74,723422036,IT
780,Judith,Ost,jostln@mapy.cz,Female,$115604.67,892641866,CC
781,Cecelia,Leirmonth,cleirmonthlo@fc2.com,Female,$217186.42,352392296,IT
782,Vonni,Blaxley,vblaxleylp@usa.gov,Female,$942958.16,38244829,CC
783,Alfy,Farrears,afarrearslq@ehow.com,Male,$623157.71,783150433,CC
784,Ardith,Farrey,afarreylr@irs.gov,Female,$369230.93,310486847,CC
785,Vivienne,Maybury,vmayburyls@google.cn,Female,$273355.06,157596953,PP
786,Mathian,MacCardle,mmaccardlelt@fastcompany.com,Male,$483459.25,652670906,PP
787,Kiersten,Neno,knenolu@hud.gov,Female,$124972.73,416773367,IT
788,Erna,Reuter,ereuterlv@clickbank.net,Female,$869842.43,456964815,IT
789,Marietta,Flinders,mflinderslw@eventbrite.com,Female,$330882.62,194275817,PP
790,Camille,Wabey,cwabeylx@over-blog.com,Female,$911173.04,924724721,PP
791,Vitoria,Penritt,vpenrittly@miibeian.gov.cn,Female,$114370.21,670512728,PP
792,Layney,Bresner,lbresnerlz@issuu.com,Female,$416800.40,963166211,CC
793,Britteny,Edlyne,bedlynem0@cdc.gov,Female,$110116.84,124475195,CC
794,Elnar,Goudy,egoudym1@odnoklassniki.ru,Male,$155069.10,738568928,CC
795,Claudianus,Ferrao,cferraom2@miitbeian.gov.cn,Male,$433465.57,5437073,IT
796,Alexandr,Olennikov,aolennikovm3@tamu.edu,Male,$687680.54,652108638,PP
797,Rob,Francescuzzi,rfrancescuzzim4@icio.us,Male,$426564.19,122828030,CC
798,Fawnia,Kerswill,fkerswillm5@scribd.com,Female,$574031.39,840230324,CC
799,Merry,Bittlestone,mbittlestonem6@macromedia.com,Female,$681500.23,1034839936,CC
800,Herrick,Buxey,hbuxeym7@msu.edu,Male,$261397.37,47763048,IT
801,Franciskus,Wynett,fwynettm8@hhs.gov,Male,$890439.53,420054927,IT
802,Patrice,Fells,pfellsm9@netvibes.com,Male,$137390.58,382821981,IT
803,Hamlen,Chatters,hchattersma@etsy.com,Male,$452905.95,1020348025,IT
804,Demeter,Banger,dbangermb@de.vu,Female,$703525.83,410245741,IT
805,Barclay,Linley,blinleymc@globo.com,Male,$334468.91,542383328,IT
806,Burg,Gleave,bgleavemd@google.fr,Male,$267871.51,228827569,PP
807,Nathanil,Huckel,nhuckelme@livejournal.com,Male,$455757.77,911160761,PP
808,Jammal,Deakin,jdeakinmf@studiopress.com,Male,$707799.93,12377846,PP
809,Cordelie,Casin,ccasinmg@shareasale.com,Female,$631429.75,826357801,IT
810,Lesley,Rosten,lrostenmh@acquirethisname.com,Female,$565475.52,966254228,IT
811,Nanine,Lowdwell,nlowdwellmi@bloglovin.com,Female,$829868.64,900469111,IT
812,Rainer,Lober,rlobermj@ezinearticles.com,Male,$772185.67,1048849067,CC
813,Alexi,Jovic,ajovicmk@vinaora.com,Female,$314386.13,593581591,IT
814,Poppy,Speir,pspeirml@amazon.co.jp,Female,$398035.86,802301434,IT
815,Dalli,Pavia,dpaviamm@nymag.com,Male,$551452.02,891068433,PP
816,Nobie,Wimpress,nwimpressmn@ucla.edu,Male,$729852.77,955955613,PP
817,Basilio,Fabri,bfabrimo@whitehouse.gov,Male,$843766.20,329315758,IT
818,Tedd,Curedell,tcuredellmp@naver.com,Male,$522644.46,588698565,CC
819,Towney,Feasley,tfeasleymq@simplemachines.org,Male,$462046.03,160845011,IT
820,Luis,Maxwell,lmaxwellmr@sbwire.com,Male,$322360.92,952842916,IT
821,Reinaldos,Gayther,rgaytherms@nytimes.com,Male,$294919.68,116415747,IT
822,Blondie,Curry,bcurrymt@slashdot.org,Female,$159659.44,651777756,PP
823,Erica,Aindriu,eaindriumu@economist.com,Female,$918221.60,286389978,PP
824,Max,Bach,mbachmv@ning.com,Female,$181246.46,710468403,CC
825,Fredia,Rubert,frubertmw@harvard.edu,Female,$709931.98,434753411,PP
826,Lauralee,Brevetor,lbrevetormx@parallels.com,Female,$597261.26,352324599,IT
827,Giordano,Crowcher,gcrowchermy@msu.edu,Male,$252524.98,623972749,PP
828,Tucky,Dineges,tdinegesmz@storify.com,Male,$231561.00,750682664,PP
829,Monty,Flaonier,mflaoniern0@bbc.co.uk,Male,$864574.45,807559189,CC
830,Marsh,Kinchley,mkinchleyn1@usa.gov,Male,$338380.46,106186940,IT
831,Pall,Falck,pfalckn2@tuttocitta.it,Male,$945544.72,578407432,PP
832,Baird,Flores,bfloresn3@icq.com,Male,$628430.01,757804816,CC
833,Ernesta,Rayhill,erayhilln4@berkeley.edu,Female,$581009.69,404518635,CC
834,Illa,Willwood,iwillwoodn5@eepurl.com,Female,$286204.98,904352503,CC
835,Alvina,Gilffillan,agilffillann6@furl.net,Female,$641257.89,757245032,IT
836,Gerek,Philippe,gphilippen7@posterous.com,Male,$377708.24,709455912,IT
837,Ralf,Boakes,rboakesn8@ocn.ne.jp,Male,$941763.46,778467965,IT
838,Lucho,Grinikhin,lgrinikhinn9@alexa.com,Male,$152186.60,76875390,PP
839,Andras,Medlar,amedlarna@hhs.gov,Male,$628320.46,352220175,PP
840,Denis,Abarough,dabaroughnb@salon.com,Male,$955592.19,1026096362,IT
841,Nero,Kaplan,nkaplannc@wordpress.org,Male,$127123.04,875328542,PP
842,Ewan,Chesters,echestersnd@4shared.com,Male,$686683.36,228842253,PP
843,Jeramey,Sabey,jsabeyne@forbes.com,Male,$722234.10,224874221,CC
844,Vally,Guiot,vguiotnf@zimbio.com,Female,$368519.69,1016248163,PP
845,Louisette,de Nore,ldenoreng@liveinternet.ru,Female,$645114.14,981545871,CC
846,Gloriane,Maffione,gmaffionenh@slideshare.net,Female,$251834.18,631619015,PP
847,Virgie,Lownes,vlownesni@oracle.com,Female,$191408.57,974912642,CC
848,Freddi,Swynley,fswynleynj@nps.gov,Female,$859130.95,65938784,PP
849,Hodge,Ruckman,hruckmannk@nps.gov,Male,$921344.33,119047856,IT
850,Mandel,Ayton,maytonnl@springer.com,Male,$522775.42,405752163,PP
851,Lauree,Smaling,lsmalingnm@posterous.com,Female,$292251.76,820756203,CC
852,Tersina,Westhofer,twesthofernn@gnu.org,Female,$438243.62,811473697,PP
853,Colline,Lerohan,clerohanno@amazon.de,Female,$967428.56,694174484,IT
854,Rolph,Alexis,ralexisnp@fc2.com,Male,$154811.75,812925988,IT
855,Dayna,Fargie,dfargienq@vk.com,Female,$306496.54,840741047,IT
856,Madalyn,Huddleston,mhuddlestonnr@engadget.com,Female,$177531.56,67742867,CC
857,Rae,Meagher,rmeagherns@eventbrite.com,Female,$525271.71,864170993,PP
858,Tami,Ferrarone,tferraronent@spiegel.de,Female,$476056.11,938631835,PP
859,Myra,Muxworthy,mmuxworthynu@photobucket.com,Female,$563468.96,179596061,PP
860,Normie,Oliveras,noliverasnv@guardian.co.uk,Male,$486092.93,796968156,CC
861,Theodora,Bernhart,tbernhartnw@w3.org,Female,$745915.27,274981774,CC
862,Druci,McLugish,dmclugishnx@adobe.com,Female,$968140.99,422837819,CC
863,Ambrosio,Loftie,aloftieny@theatlantic.com,Male,$638822.01,623611035,PP
864,Cynthy,Klima,cklimanz@xinhuanet.com,Female,$796030.11,321727051,IT
865,Fidole,Ambrogi,fambrogio0@buzzfeed.com,Male,$210511.01,944428218,IT
866,Heindrick,Huncoot,hhuncooto1@washington.edu,Male,$603465.68,726985267,CC
867,Belicia,Wheway,bwhewayo2@free.fr,Female,$452181.18,916370770,PP
868,Ivette,Imlen,iimleno3@cbsnews.com,Female,$613905.28,616865516,PP
869,Chester,Worgen,cworgeno4@jimdo.com,Male,$720886.34,863710310,CC
870,Nestor,Blazej,nblazejo5@4shared.com,Male,$228139.51,383172178,IT
871,Danny,Freda,dfredao6@clickbank.net,Male,$471697.77,525234588,CC
872,Vasili,Lauks,vlaukso7@zimbio.com,Male,$799963.60,705957585,PP
873,Ofelia,Lukesch,olukescho8@purevolume.com,Female,$151532.93,679963566,CC
874,Royce,Knight,rknighto9@istockphoto.com,Male,$720494.60,714814058,IT
875,Eden,Fawdry,efawdryoa@webeden.co.uk,Female,$479139.03,1006916931,IT
876,Damon,Rogger,droggerob@kickstarter.com,Male,$322983.64,894660775,CC
877,Rozalie,Ragg,rraggoc@washington.edu,Female,$341575.75,430871794,IT
878,Becki,Gawthorpe,bgawthorpeod@virginia.edu,Female,$539899.25,311344996,PP
879,Nonna,Spilisy,nspilisyoe@hubpages.com,Female,$436203.94,978418468,CC
880,Una,Benedidick,ubenedidickof@gravatar.com,Female,$948269.04,207826139,CC
881,Chucho,Hatry,chatryog@intel.com,Male,$410451.48,208014775,PP
882,Pedro,Wanstall,pwanstalloh@hc360.com,Male,$563758.84,1033324909,PP
883,Ermin,McKean,emckeanoi@webs.com,Male,$249939.75,582448273,CC
884,Nickey,Lamas,nlamasoj@ycombinator.com,Male,$965652.22,130747713,IT
885,Selby,Krugmann,skrugmannok@wikispaces.com,Male,$350104.78,596402261,PP
886,Krishnah,Timmis,ktimmisol@nifty.com,Male,$113510.00,684872082,CC
887,Dee,Ramsbotham,dramsbothamom@csmonitor.com,Female,$741663.18,491416972,CC
888,Geoffrey,Thaim,gthaimon@state.gov,Male,$310366.91,486337109,CC
889,Halette,Bennet,hbennetoo@about.me,Female,$339628.56,748051386,CC
890,Celestyna,Pimlott,cpimlottop@google.cn,Female,$720776.85,367614522,IT
891,Hadrian,Hucks,hhucksoq@mashable.com,Male,$497370.05,970792187,PP
892,Storm,Wyre,swyreor@delicious.com,Female,$810058.90,574808154,PP
893,Alessandra,Acuna,aacunaos@squarespace.com,Female,$162968.25,231260164,PP
894,Vinny,Segot,vsegotot@behance.net,Male,$458251.94,228055858,IT
895,Rayna,Dohrmann,rdohrmannou@wisc.edu,Female,$707597.64,305454034,PP
896,Coreen,Castelin,ccastelinov@apple.com,Female,$928150.41,180565252,IT
897,Marnie,Peattie,mpeattieow@vistaprint.com,Female,$513499.00,94524945,CC
898,Coral,Sapson,csapsonox@webeden.co.uk,Female,$452999.73,465964907,IT
899,Ainslee,Tschursch,atschurschoy@tamu.edu,Female,$242785.29,472598884,IT
900,Colin,Blaszczynski,cblaszczynskioz@ca.gov,Male,$720787.54,34019861,CC
901,Field,Dreossi,fdreossip0@admin.ch,Male,$507047.53,180490256,PP
902,Gretna,MacNamara,gmacnamarap1@mayoclinic.com,Female,$459620.83,867349340,CC
903,Jules,Cockerill,jcockerillp2@devhub.com,Male,$303774.54,419122664,IT
904,Robbie,McGarry,rmcgarryp3@omniture.com,Male,$430193.08,1034374801,PP
905,Kaela,Lupson,klupsonp4@jalbum.net,Female,$934301.98,633040690,PP
906,Tore,Windmill,twindmillp5@github.io,Male,$246557.86,658046718,PP
907,Miof mela,Roles,mrolesp6@tiny.cc,Female,$898879.88,588554427,CC
908,Aldin,Piel,apielp7@pen.io,Male,$534776.55,974196218,IT
909,Tedmund,Duffin,tduffinp8@seattletimes.com,Male,$198793.20,247986124,CC
910,Addison,Kellet,akelletp9@acquirethisname.com,Male,$777289.24,831201591,IT
911,Chrissy,Pardew,cpardewpa@google.it,Female,$260054.40,453320810,IT
912,Kerri,Gerriet,kgerrietpb@exblog.jp,Female,$133420.80,132211595,CC
913,Alessandra,Gariff,agariffpc@blogspot.com,Female,$947833.65,456021771,PP
914,Demott,Wardesworth,dwardesworthpd@ox.ac.uk,Male,$332519.62,215135561,CC
915,Ophelia,Ebrall,oebrallpe@yale.edu,Female,$325267.28,314895571,PP
916,Rosemaria,Harling,rharlingpf@wordpress.com,Female,$549111.99,548351801,CC
917,Rhiamon,Aves,ravespg@angelfire.com,Female,$844149.14,309275601,CC
918,Mechelle,Lamport,mlamportph@ucla.edu,Female,$379589.09,862663038,IT
919,Isidora,Sandeman,isandemanpi@harvard.edu,Female,$674377.09,792766029,CC
920,Roderigo,Bairstow,rbairstowpj@google.de,Male,$661109.34,367032295,CC
921,Iggy,World,iworldpk@myspace.com,Male,$573339.24,453598353,IT
922,Godfree,Tavner,gtavnerpl@scientificamerican.com,Male,$450038.89,915356024,PP
923,Maurise,Kissell,mkissellpm@nature.com,Male,$871411.95,811707230,CC
924,Jean,Antyshev,jantyshevpn@cdc.gov,Female,$128547.53,163135412,PP
925,Clari,McKelloch,cmckellochpo@stanford.edu,Female,$509625.83,443061325,PP
926,Flory,Perell,fperellpp@last.fm,Female,$538608.06,260461212,PP
927,Claude,Loynes,cloynespq@ovh.net,Female,$275307.76,667690487,IT
928,Florrie,Dowsett,fdowsettpr@nsw.gov.au,Female,$378007.17,720561315,CC
929,Giulietta,Clougher,gclougherps@hatena.ne.jp,Female,$128472.83,690376596,PP
930,Ryann,Aveyard,raveyardpt@samsung.com,Female,$997378.77,521411893,PP
931,Constanta,Yurocjhin,cyurocjhinpu@cpanel.net,Female,$786036.82,433720545,IT
932,Kikelia,Legen,klegenpv@dropbox.com,Female,$470067.80,558377472,IT
933,Darrin,Bakeup,dbakeuppw@sakura.ne.jp,Male,$774408.31,199406664,CC
934,Salvidor,Fauguel,sfauguelpx@g.co,Male,$917526.62,37095727,PP
935,Alwin,Beany,abeanypy@cdc.gov,Male,$579398.57,925395829,PP
936,Freddy,Millbank,fmillbankpz@is.gd,Female,$987867.38,94449063,IT
937,Etan,Spinetti,espinettiq0@vistaprint.com,Male,$546052.75,714694478,CC
938,Heddie,Rodenburg,hrodenburgq1@oaic.gov.au,Female,$719239.65,935213323,PP
939,Jamaal,Caraher,jcaraherq2@ca.gov,Male,$978376.89,86743759,CC
940,Delphine,Haysham,dhayshamq3@patch.com,Female,$631864.40,969170662,IT
941,Willie,Shelper,wshelperq4@ucla.edu,Male,$691396.63,370137940,PP
942,Ginger,Brick,gbrickq5@netscape.com,Male,$926612.82,499408621,CC
943,Rona,Haresnape,rharesnapeq6@bandcamp.com,Female,$541744.28,90962757,CC
944,Binny,Taill,btaillq7@gravatar.com,Female,$940396.68,41378409,IT
945,Issy,Toupe,itoupeq8@liveinternet.ru,Female,$266513.15,743012048,PP
946,Carlin,Gibb,cgibbq9@telegraph.co.uk,Male,$134168.56,852967846,PP
947,Virginia,Perazzo,vperazzoqa@berkeley.edu,Female,$609232.09,1017556329,IT
948,Gawen,Cressor,gcressorqb@ftc.gov,Male,$624828.25,874972110,CC
949,Beverly,Falkingham,bfalkinghamqc@google.es,Female,$565617.65,882234232,CC
950,Pren,Ferneyhough,pferneyhoughqd@reddit.com,Male,$267148.44,520686743,IT
951,Dionisio,Coleyshaw,dcoleyshawqe@aboutads.info,Male,$245914.69,312728885,IT
952,Hammad,Antonovic,hantonovicqf@gnu.org,Male,$653483.04,556009196,PP
953,Margaret,Drakard,mdrakardqg@etsy.com,Female,$139478.67,208620099,PP
954,Alyda,Huscroft,ahuscroftqh@japanpost.jp,Female,$191454.61,671207057,IT
955,Tristan,Adne,tadneqi@wiley.com,Male,$545592.57,956362026,CC
956,Mureil,Thouless,mthoulessqj@ucoz.com,Female,$203687.64,599863413,CC
957,Augusto,Kabsch,akabschqk@123-reg.co.uk,Male,$847406.76,181945641,IT
958,Gisella,Franzotto,gfranzottoql@foxnews.com,Female,$842954.81,598706977,IT
959,Cosmo,Condell,ccondellqm@ucoz.com,Male,$749306.63,545612925,IT
960,Ettore,Coch,ecochqn@ox.ac.uk,Male,$184956.12,849246430,PP
961,Dale,Lillyman,dlillymanqo@moonfruit.com,Male,$794875.40,128789461,IT
962,Marcos,MacDunleavy,mmacdunleavyqp@statcounter.com,Male,$545464.68,698324834,IT
963,Cloris,Margett,cmargettqq@si.edu,Female,$561789.97,205182035,PP
964,Justinian,Rattery,jratteryqr@php.net,Male,$507523.12,687164074,CC
965,Gerri,Nappin,gnappinqs@ycombinator.com,Male,$661642.81,217424081,PP
966,Guinevere,Tittletross,gtittletrossqt@rakuten.co.jp,Female,$562598.21,518294297,PP
967,Colman,Dashkov,cdashkovqu@cafepress.com,Male,$878636.35,618631595,PP
968,Lena,Couroy,lcouroyqv@dailymail.co.uk,Female,$290741.88,482652494,PP
969,Tore,Boyfield,tboyfieldqw@altervista.org,Male,$707577.16,271716366,CC
970,Madelin,Summersby,msummersbyqx@theatlantic.com,Female,$501514.39,324566546,PP
971,Vidovik,Wylie,vwylieqy@ft.com,Male,$567305.89,308191405,IT
972,Jose,Sugg,jsuggqz@hexun.com,Male,$961240.00,587238367,PP
973,Jessica,Katz,jkatzr0@photobucket.com,Female,$111174.37,993930994,IT
974,Hogan,Bernardy,hbernardyr1@webmd.com,Male,$450646.87,13659603,PP
975,Dionne,Fairfull,dfairfullr2@oracle.com,Female,$798240.80,394904549,CC
976,Geordie,Littefair,glittefairr3@huffingtonpost.com,Male,$665046.48,461116345,PP
977,Annadiana,Valentino,avalentinor4@cnbc.com,Female,$458412.52,74242908,PP
978,Tiebout,Ranner,trannerr5@themeforest.net,Male,$883607.98,845591462,CC
979,Jamesy,Llywarch,jllywarchr6@creativecommons.org,Male,$569457.50,984730054,IT
980,Von,Hegarty,vhegartyr7@nydailynews.com,Male,$952313.64,574288206,IT
981,Abdel,Atling,aatlingr8@dailymotion.com,Male,$390028.88,413138089,CC
982,Denver,Reek,dreekr9@msu.edu,Male,$954008.59,946675675,PP
983,Gillan,Collis,gcollisra@jigsy.com,Female,$175929.28,245322653,CC
984,Tiena,Whetson,twhetsonrb@illinois.edu,Female,$807940.95,345782902,PP
985,Nancy,Gillogley,ngillogleyrc@wiley.com,Female,$589943.47,565765030,PP
986,Marcelline,Howarth,mhowarthrd@xrea.com,Female,$164897.70,330276195,PP
987,Gard,Whittlesea,gwhittleseare@phoca.cz,Male,$139560.22,370711072,IT
988,Connie,Hinckley,chinckleyrf@skype.com,Male,$558386.09,427477211,CC
989,Michael,Gawke,mgawkerg@xrea.com,Male,$301841.13,938573554,CC
990,Fancy,Tumpane,ftumpanerh@a8.net,Female,$920133.64,424366835,IT
991,Doralynn,Botley,dbotleyri@nifty.com,Female,$917135.36,351426747,PP
992,Flossy,Marvel,fmarvelrj@livejournal.com,Female,$542450.71,234605850,CC
993,Nisse,Sanbrook,nsanbrookrk@csmonitor.com,Female,$865707.74,732238649,CC
994,Ivar,MacMenamin,imacmenaminrl@omniture.com,Male,$821004.69,1020293219,PP
995,Martie,Baldazzi,mbaldazzirm@smh.com.au,Male,$133134.32,461106140,IT
996,Juliana,Berry,jberryrn@domainmarket.com,Female,$199586.78,589226134,PP
997,Bonni,Fuzzey,bfuzzeyro@seattletimes.com,Female,$434023.14,243852702,IT
998,Saleem,Hunnaball,shunnaballrp@yolasite.com,Male,$313693.62,774950104,CC
999,Jasun,Ullrich,jullrichrq@vinaora.com,Male,$840917.98,523057986,IT
1000,Audre,Burbridge,aburbridgerr@google.ca,Female,$597555.68,342846667,CC
